{
"type": "FeatureCollection",
"name": "dusky-grasswren",
"crs": { "type": "name", "properties": { "name": "urn:ogc:def:crs:OGC:1.3:CRS84" } },
"features": [
{ "type": "Feature", "properties": { "species_id": "dusky-grasswren", "species_name": "Dusky Grasswren", "suitability": 0.75 }, "geometry": { "type": "Polygon", "coordinates": [ [ [ 125.535057785387878, -17.317802400050109 ], [ 125.533774915686919, -17.342213948581435 ], [ 125.559117354700547, -17.343448720053328 ], [ 125.560395213656037, -17.319037011373091 ], [ 125.535057785387878, -17.317802400050109 ] ] ] } },
{ "type": "Feature", "properties": { "species_id": "dusky-grasswren", "species_name": "Dusky Grasswren", "suitability": 0.65 }, "geometry": { "type": "Polygon", "coordinates": [ [ [ 125.560395213656037, -17.319037011373091 ], [ 125.559117354700547, -17.343448720053328 ], [ 125.584460301041204, -17.344678642506519 ], [ 125.585733148949828, -17.320266774293138 ], [ 125.560395213656037, -17.319037011373091 ] ] ] } },
{ "type": "Feature", "properties": { "species_id": "dusky-grasswren", "species_name": "Dusky Grasswren", "suitability": 0.55 }, "geometry": { "type": "Polygon", "coordinates": [ [ [ 127.030769161636911, -17.382345945393691 ], [ 127.028795253642016, -17.431184151945683 ], [ 127.080520748323025, -17.408658088623177 ], [ 127.081497453160566, -17.384237903516105 ], [ 127.030769161636911, -17.382345945393691 ] ] ] } },
{ "type": "Feature", "properties": { "species_id": "dusky-grasswren", "species_name": "Dusky Grasswren", "suitability": 0.65 }, "geometry": { "type": "Polygon", "coordinates": [ [ [ 125.356392213964156, -17.33343478377758 ], [ 125.355073754950396, -17.357843508437995 ], [ 125.40576196223823, -17.360376412747328 ], [ 125.407070399785084, -17.335967359278438 ], [ 125.356392213964156, -17.33343478377758 ] ] ] } },
{ "type": "Feature", "properties": { "species_id": "dusky-grasswren", "species_name": "Dusky Grasswren", "suitability": 0.65 }, "geometry": { "type": "Polygon", "coordinates": [ [ [ 125.432410272481576, -17.33722637441204 ], [ 125.431106846131698, -17.361635591361757 ], [ 125.456452247552818, -17.36288992081996 ], [ 125.457750662398269, -17.338480541005367 ], [ 125.432410272481576, -17.33722637441204 ] ] ] } },
{ "type": "Feature", "properties": { "species_id": "dusky-grasswren", "species_name": "Dusky Grasswren", "suitability": 0.55 }, "geometry": { "type": "Polygon", "coordinates": [ [ [ 125.457750662398269, -17.338480541005367 ], [ 125.456452247552818, -17.36288992081996 ], [ 125.481798164522331, -17.364139401025433 ], [ 125.483091567557025, -17.339729858962002 ], [ 125.457750662398269, -17.338480541005367 ] ] ] } },
{ "type": "Feature", "properties": { "species_id": "dusky-grasswren", "species_name": "Dusky Grasswren", "suitability": 0.55 }, "geometry": { "type": "Polygon", "coordinates": [ [ [ 125.559117354700547, -17.343448720053328 ], [ 125.557838988924189, -17.367858745165318 ], [ 125.583186948289125, -17.369088827401505 ], [ 125.584460301041204, -17.344678642506519 ], [ 125.559117354700547, -17.343448720053328 ] ] ] } },
{ "type": "Feature", "properties": { "species_id": "dusky-grasswren", "species_name": "Dusky Grasswren", "suitability": 0.75 }, "geometry": { "type": "Polygon", "coordinates": [ [ [ 125.584460301041204, -17.344678642506519 ], [ 125.583186948289125, -17.369088827401505 ], [ 125.608535413302192, -17.37031405990755 ], [ 125.60980375272959, -17.345903715846529 ], [ 125.584460301041204, -17.344678642506519 ] ] ] } },
{ "type": "Feature", "properties": { "species_id": "dusky-grasswren", "species_name": "Dusky Grasswren", "suitability": 0.55 }, "geometry": { "type": "Polygon", "coordinates": [ [ [ 125.60980375272959, -17.345903715846529 ], [ 125.608535413302192, -17.37031405990755 ], [ 125.657975041261651, -17.397158957018032 ], [ 125.635147707786047, -17.347123939979074 ], [ 125.60980375272959, -17.345903715846529 ] ] ] } },
{ "type": "Feature", "properties": { "species_id": "dusky-grasswren", "species_name": "Dusky Grasswren", "suitability": 0.65 }, "geometry": { "type": "Polygon", "coordinates": [ [ [ 125.481798164522331, -17.364139401025433 ], [ 125.480504248431231, -17.388547262463316 ], [ 125.505855693063253, -17.389792055205351 ], [ 125.507144595060652, -17.365384031881966 ], [ 125.481798164522331, -17.364139401025433 ] ] ] } },
{ "type": "Feature", "properties": { "species_id": "dusky-grasswren", "species_name": "Dusky Grasswren", "suitability": 0.65 }, "geometry": { "type": "Polygon", "coordinates": [ [ [ 125.608535413302192, -17.37031405990755 ], [ 125.607266570709925, -17.394722724597621 ], [ 125.632620554993437, -17.395943266076163 ], [ 125.633884381982668, -17.371534442589109 ], [ 125.608535413302192, -17.37031405990755 ] ] ] } },
{ "type": "Feature", "properties": { "species_id": "dusky-grasswren", "species_name": "Dusky Grasswren", "suitability": 0.55 }, "geometry": { "type": "Polygon", "coordinates": [ [ [ 125.709934290217205, -17.375166490748178 ], [ 125.70868551182248, -17.399575786916419 ], [ 125.759397966530386, -17.401973213546466 ], [ 125.760636711052598, -17.377563605350666 ], [ 125.709934290217205, -17.375166490748178 ] ] ] } },
{ "type": "Feature", "properties": { "species_id": "dusky-grasswren", "species_name": "Dusky Grasswren", "suitability": 0.55 }, "geometry": { "type": "Polygon", "coordinates": [ [ [ 125.480504248431231, -17.388547262463316 ], [ 125.47920981897866, -17.412953446973255 ], [ 125.504566279683374, -17.414198401853866 ], [ 125.505855693063253, -17.389792055205351 ], [ 125.480504248431231, -17.388547262463316 ] ] ] } },
{ "type": "Feature", "properties": { "species_id": "dusky-grasswren", "species_name": "Dusky Grasswren", "suitability": 0.55 }, "geometry": { "type": "Polygon", "coordinates": [ [ [ 125.859609607992127, -17.431118405631207 ], [ 125.858389967124467, -17.455525287681827 ], [ 125.909128365670725, -17.45786511070482 ], [ 125.910337961251145, -17.433457923106999 ], [ 125.859609607992127, -17.431118405631207 ] ] ] } },
{ "type": "Feature", "properties": { "species_id": "dusky-grasswren", "species_name": "Dusky Grasswren", "suitability": 0.55 }, "geometry": { "type": "Polygon", "coordinates": [ [ [ 125.554000847655445, -17.441078756074141 ], [ 125.552720451579958, -17.465482083894084 ], [ 125.578088482839064, -17.466712807763027 ], [ 125.579363857969085, -17.442309319159474 ], [ 125.554000847655445, -17.441078756074141 ] ] ] } },
{ "type": "Feature", "properties": { "species_id": "dusky-grasswren", "species_name": "Dusky Grasswren", "suitability": 0.65 }, "geometry": { "type": "Polygon", "coordinates": [ [ [ 125.579363857969085, -17.442309319159474 ], [ 125.578088482839064, -17.466712807763027 ], [ 125.603457020950515, -17.467938679424496 ], [ 125.604727374833672, -17.443535030658172 ], [ 125.579363857969085, -17.442309319159474 ] ] ] } },
{ "type": "Feature", "properties": { "species_id": "dusky-grasswren", "species_name": "Dusky Grasswren", "suitability": 0.55 }, "geometry": { "type": "Polygon", "coordinates": [ [ [ 125.655455920278399, -17.445971898516369 ], [ 125.654195609788502, -17.470375865745243 ], [ 125.704936202207449, -17.472793642100179 ], [ 125.706186468112506, -17.448389358893987 ], [ 125.655455920278399, -17.445971898516369 ] ] ] } },
{ "type": "Feature", "properties": { "species_id": "dusky-grasswren", "species_name": "Dusky Grasswren", "suitability": 0.55 }, "geometry": { "type": "Polygon", "coordinates": [ [ [ 125.604727374833672, -17.443535030658172 ], [ 125.602186162704172, -17.492340663611635 ], [ 125.627560229213358, -17.493561842761043 ], [ 125.630091396264959, -17.444755890475296 ], [ 125.604727374833672, -17.443535030658172 ] ] ] } },
{ "type": "Feature", "properties": { "species_id": "dusky-grasswren", "species_name": "Dusky Grasswren", "suitability": 0.65 }, "geometry": { "type": "Polygon", "coordinates": [ [ [ 125.679565656543403, -17.471587180215469 ], [ 125.67830986978619, -17.495989641907304 ], [ 125.703685439875457, -17.497196261715558 ], [ 125.704936202207449, -17.472793642100179 ], [ 125.679565656543403, -17.471587180215469 ] ] ] } },
{ "type": "Feature", "properties": { "species_id": "dusky-grasswren", "species_name": "Dusky Grasswren", "suitability": 0.65 }, "geometry": { "type": "Polygon", "coordinates": [ [ [ 127.132227296464492, -17.386110447928768 ], [ 127.131260645826458, -17.41053087702165 ], [ 127.105890503982721, -17.409596909884879 ], [ 127.103945990651496, -17.458432518064445 ], [ 127.001436101677612, -17.479061933645792 ], [ 127.000442740837698, -17.503475086770571 ], [ 126.898891870835783, -17.499610996711517 ], [ 126.897877972674578, -17.524021986876967 ], [ 126.847094878256016, -17.522060548103155 ], [ 126.846070503318586, -17.546469627498574 ], [ 126.795278965230793, -17.544488502538023 ], [ 126.794244106266547, -17.568895671545121 ], [ 126.845045721238762, -17.570877057045294 ], [ 126.846070503318586, -17.546469627498574 ], [ 126.973056445687277, -17.551337438571817 ], [ 126.974055634162781, -17.526927719853749 ], [ 127.075631402683683, -17.530734033644613 ], [ 127.074652367646735, -17.555144252481362 ], [ 127.100052327047365, -17.55608381159233 ], [ 127.101026323141596, -17.531673469301957 ], [ 127.177213400535948, -17.534462632401315 ], [ 127.178171897461638, -17.510050272512238 ], [ 127.228955116474523, -17.511885186437585 ], [ 127.228006695499374, -17.536297787181574 ], [ 127.253403909995285, -17.537208078170146 ], [ 127.254347292657499, -17.51279535794416 ], [ 127.279739843961138, -17.513700672385227 ], [ 127.281615414183349, -17.46487002857673 ], [ 127.30699826707928, -17.465770249990406 ], [ 127.308862284519677, -17.416932725448277 ], [ 127.334235444101992, -17.417827857011108 ], [ 127.335161868893735, -17.39340647698052 ], [ 127.309793738321517, -17.392511462095559 ], [ 127.308862284519677, -17.416932725448277 ], [ 127.283489495178884, -17.416032739191813 ], [ 127.284425977770539, -17.391611593142795 ], [ 127.132227296464492, -17.386110447928768 ] ], [ [ 127.258117078073056, -17.415127898311528 ], [ 127.283489495178884, -17.416032739191813 ], [ 127.282552640723623, -17.440452216434355 ], [ 127.257175193058217, -17.439547257440566 ], [ 127.258117078073056, -17.415127898311528 ] ], [ [ 127.231798119843901, -17.438637443266565 ], [ 127.257175193058217, -17.439547257440566 ], [ 127.25623293396589, -17.463964951285032 ], [ 127.230850828422547, -17.463055018185614 ], [ 127.231798119843901, -17.438637443266565 ] ] ] } },
{ "type": "Feature", "properties": { "species_id": "dusky-grasswren", "species_name": "Dusky Grasswren", "suitability": 0.55 }, "geometry": { "type": "Polygon", "coordinates": [ [ [ 127.284425977770539, -17.391611593142795 ], [ 127.257175193058217, -17.439547257440566 ], [ 127.231798119843901, -17.438637443266565 ], [ 127.230850828422547, -17.463055018185614 ], [ 127.25623293396589, -17.463964951285032 ], [ 127.283489495178884, -17.416032739191813 ], [ 127.308862284519677, -17.416932725448277 ], [ 127.279739843961138, -17.513700672385227 ], [ 127.254347292657499, -17.51279535794416 ], [ 127.253403909995285, -17.537208078170146 ], [ 127.203563317410016, -17.51097015793647 ], [ 127.225159169874644, -17.609525700346509 ], [ 127.250571511296215, -17.610436350896009 ], [ 127.253403909995285, -17.537208078170146 ], [ 127.303265786678551, -17.563425394193612 ], [ 127.302331739140243, -17.58783505501054 ], [ 127.327740157624916, -17.588731008428255 ], [ 127.329597797551372, -17.539909804677183 ], [ 127.380395572651651, -17.541686666263075 ], [ 127.403967623790209, -17.591389713371292 ], [ 127.454787756803398, -17.59313788654714 ], [ 127.431194809137892, -17.543444095664508 ], [ 127.330526063938166, -17.515496729788257 ], [ 127.333308651429704, -17.442247568600784 ], [ 127.384066136004492, -17.444023499207912 ], [ 127.384982866016642, -17.419603555778643 ], [ 127.435731744971889, -17.421359834943466 ], [ 127.434825078487577, -17.445780007703927 ], [ 127.460205091456316, -17.44665097848932 ], [ 127.459303098925375, -17.471069601137145 ], [ 127.408533365528896, -17.469322575469405 ], [ 127.407620942716832, -17.493739309198205 ], [ 127.458400748048135, -17.495486563654563 ], [ 127.456594970400488, -17.544315523123998 ], [ 127.508289356396077, -17.521629922867966 ], [ 127.535460384308678, -17.473653716766947 ], [ 127.585356507468504, -17.499769701294618 ], [ 127.561728708278807, -17.450086303638734 ], [ 127.510966190869979, -17.448378352796574 ], [ 127.510074267138492, -17.472797201363054 ], [ 127.48468850467836, -17.471935829464055 ], [ 127.436638051543895, -17.396937994461421 ], [ 127.335161868893735, -17.39340647698052 ], [ 127.334235444101992, -17.417827857011108 ], [ 127.284425977770539, -17.391611593142795 ] ], [ [ 127.459303098925375, -17.471069601137145 ], [ 127.48468850467836, -17.471935829464055 ], [ 127.483791190089647, -17.49635290543171 ], [ 127.458400748048135, -17.495486563654563 ], [ 127.459303098925375, -17.471069601137145 ] ], [ [ 127.279739843961138, -17.513700672385227 ], [ 127.305132768387409, -17.514601129689979 ], [ 127.304199463020552, -17.539014086988551 ], [ 127.278801499835396, -17.538113511462729 ], [ 127.279739843961138, -17.513700672385227 ] ] ] } },
{ "type": "Feature", "properties": { "species_id": "dusky-grasswren", "species_name": "Dusky Grasswren", "suitability": 0.55 }, "geometry": { "type": "Polygon", "coordinates": [ [ [ 126.769883812503252, -17.54349065453783 ], [ 126.767803605051228, -17.592303083368318 ], [ 126.793208835924673, -17.593301194002152 ], [ 126.795278965230793, -17.544488502538023 ], [ 126.769883812503252, -17.54349065453783 ] ] ] } },
{ "type": "Feature", "properties": { "species_id": "dusky-grasswren", "species_name": "Dusky Grasswren", "suitability": 0.55 }, "geometry": { "type": "Polygon", "coordinates": [ [ [ 126.667247310096315, -17.563857200862252 ], [ 126.666186841877959, -17.588262059918353 ], [ 126.716994387402806, -17.590292287668476 ], [ 126.718044777216406, -17.565887161359989 ], [ 126.667247310096315, -17.563857200862252 ] ] ] } },
{ "type": "Feature", "properties": { "species_id": "dusky-grasswren", "species_name": "Dusky Grasswren", "suitability": 0.65 }, "geometry": { "type": "Polygon", "coordinates": [ [ [ 127.071712926547036, -17.62836503533644 ], [ 127.070732333410277, -17.65276868408256 ], [ 127.096152468564597, -17.653708738926795 ], [ 127.097128014763086, -17.62930496595936 ], [ 127.071712926547036, -17.62836503533644 ] ] ] } },
{ "type": "Feature", "properties": { "species_id": "dusky-grasswren", "species_name": "Dusky Grasswren", "suitability": 0.65 }, "geometry": { "type": "Polygon", "coordinates": [ [ [ 127.384982866016642, -17.419603555778643 ], [ 127.384066136004492, -17.444023499207912 ], [ 127.333308651429704, -17.442247568600784 ], [ 127.330526063938166, -17.515496729788257 ], [ 127.38131376041963, -17.517273358086054 ], [ 127.380395572651651, -17.541686666263075 ], [ 127.431194809137892, -17.543444095664508 ], [ 127.430286339873518, -17.567855985415985 ], [ 127.455691543202633, -17.568727527488385 ], [ 127.454787756803398, -17.59313788654714 ], [ 127.403967623790209, -17.591389713371292 ], [ 127.403053386057479, -17.615798200257878 ], [ 127.377638818585169, -17.614916708327605 ], [ 127.376719169582998, -17.639323440544732 ], [ 127.402138784691132, -17.64020504889244 ], [ 127.400308490189772, -17.689013846225322 ], [ 127.425738571227797, -17.689890826025863 ], [ 127.427558764013156, -17.641081796590441 ], [ 127.452979105544102, -17.641953683569792 ], [ 127.452074240255143, -17.666359128944265 ], [ 127.502926102710546, -17.668088549213998 ], [ 127.503820867211971, -17.643682875098033 ], [ 127.52924228333805, -17.644540179510798 ], [ 127.531020649623912, -17.595723699759507 ], [ 127.556432324098637, -17.596575918145547 ], [ 127.558199188902918, -17.547752649767489 ], [ 127.583601126887388, -17.548599785293522 ], [ 127.585356507468504, -17.499769701294618 ], [ 127.535460384308678, -17.473653716766947 ], [ 127.508289356396077, -17.521629922867966 ], [ 127.456594970400488, -17.544315523123998 ], [ 127.458400748048135, -17.495486563654563 ], [ 127.483791190089647, -17.49635290543171 ], [ 127.48468850467836, -17.471935829464055 ], [ 127.459303098925375, -17.471069601137145 ], [ 127.460205091456316, -17.44665097848932 ], [ 127.434825078487577, -17.445780007703927 ], [ 127.435731744971889, -17.421359834943466 ], [ 127.384982866016642, -17.419603555778643 ] ], [ [ 127.408533365528896, -17.469322575469405 ], [ 127.459303098925375, -17.471069601137145 ], [ 127.458400748048135, -17.495486563654563 ], [ 127.407620942716832, -17.493739309198205 ], [ 127.408533365528896, -17.469322575469405 ] ] ] } },
{ "type": "Feature", "properties": { "species_id": "dusky-grasswren", "species_name": "Dusky Grasswren", "suitability": 0.55 }, "geometry": { "type": "Polygon", "coordinates": [ [ [ 126.413285600546473, -17.553415977898812 ], [ 126.412174755576714, -17.577819462894489 ], [ 126.361377578429497, -17.575672656414401 ], [ 126.359134407121317, -17.624474126041672 ], [ 126.43536107227203, -17.627687897421872 ], [ 126.458566235659461, -17.677545481880212 ], [ 126.534828440845942, -17.680701786815298 ], [ 126.535915828544361, -17.656304164430423 ], [ 126.561332386574904, -17.657346408287047 ], [ 126.563495779555652, -17.60854598308995 ], [ 126.487277661082302, -17.60540550310435 ], [ 126.464074472414623, -17.55554307638786 ], [ 126.413285600546473, -17.553415977898812 ] ] ] } },
{ "type": "Feature", "properties": { "species_id": "dusky-grasswren", "species_name": "Dusky Grasswren", "suitability": 0.55 }, "geometry": { "type": "Polygon", "coordinates": [ [ [ 127.020883922905412, -17.626470595010328 ], [ 126.991484703677116, -17.723119386294361 ], [ 127.016918812055906, -17.724074401517331 ], [ 127.044326556801678, -17.676225659319183 ], [ 127.09517653426208, -17.678110878822849 ], [ 127.096152468564597, -17.653708738926795 ], [ 127.121572992210488, -17.654643933344371 ], [ 127.122543491239171, -17.630240036790234 ], [ 127.097128014763086, -17.62930496595936 ], [ 127.096152468564597, -17.653708738926795 ], [ 127.070732333410277, -17.65276868408256 ], [ 127.071712926547036, -17.62836503533644 ], [ 127.020883922905412, -17.626470595010328 ] ] ] } },
{ "type": "Feature", "properties": { "species_id": "dusky-grasswren", "species_name": "Dusky Grasswren", "suitability": 0.55 }, "geometry": { "type": "Polygon", "coordinates": [ [ [ 127.657218749921682, -17.624345807513723 ], [ 127.630061960821465, -17.672327021409071 ], [ 127.553779390787597, -17.669798523243653 ], [ 127.551123289115765, -17.743006460311364 ], [ 127.602008318266229, -17.74469766058057 ], [ 127.603759180015629, -17.695893545017327 ], [ 127.629192105963199, -17.696731626972667 ], [ 127.628321904874525, -17.721134606977991 ], [ 127.730077278648025, -17.724438747268067 ], [ 127.729226963466587, -17.748840544549669 ], [ 127.754671717385321, -17.749654529382017 ], [ 127.757206478160938, -17.676443946258765 ], [ 127.680918742703682, -17.673988377490666 ], [ 127.6826372111219, -17.625173835555835 ], [ 127.657218749921682, -17.624345807513723 ] ] ] } },
{ "type": "Feature", "properties": { "species_id": "dusky-grasswren", "species_name": "Dusky Grasswren", "suitability": 0.55 }, "geometry": { "type": "Polygon", "coordinates": [ [ [ 126.663002906576011, -17.661466788636911 ], [ 126.661940750421337, -17.685865094398636 ], [ 126.636517434424078, -17.684842153327825 ], [ 126.635449806837158, -17.709238694402995 ], [ 126.687364489454055, -17.68688317508461 ], [ 126.68842159853871, -17.662484734549828 ], [ 126.663002906576011, -17.661466788636911 ] ] ] } },
{ "type": "Feature", "properties": { "species_id": "dusky-grasswren", "species_name": "Dusky Grasswren", "suitability": 0.55 }, "geometry": { "type": "Polygon", "coordinates": [ [ [ 127.34852362342076, -17.711647022478186 ], [ 127.347597454259756, -17.736047120235735 ], [ 127.373036912857472, -17.736934059186698 ], [ 127.373958026583267, -17.712533843651205 ], [ 127.34852362342076, -17.711647022478186 ] ] ] } },
{ "type": "Feature", "properties": { "species_id": "dusky-grasswren", "species_name": "Dusky Grasswren", "suitability": 0.55 }, "geometry": { "type": "Polygon", "coordinates": [ [ [ 126.456359872478288, -17.726335002776384 ], [ 126.455256032310359, -17.750727326317914 ], [ 126.480691478047774, -17.75178470863009 ], [ 126.481790267194228, -17.727392244596555 ], [ 126.456359872478288, -17.726335002776384 ] ] ] } },
{ "type": "Feature", "properties": { "species_id": "dusky-grasswren", "species_name": "Dusky Grasswren", "suitability": 0.55 }, "geometry": { "type": "Polygon", "coordinates": [ [ [ 127.550237216830851, -17.767405863728687 ], [ 127.548464013406232, -17.816199829383262 ], [ 127.523006844474253, -17.815346592841252 ], [ 127.52211464792812, -17.839741048485152 ], [ 127.47119124975768, -17.838019749128193 ], [ 127.470288564326964, -17.862412370460252 ], [ 127.521222095854441, -17.864133900105241 ], [ 127.52211464792812, -17.839741048485152 ], [ 127.598502409264299, -17.842286501508006 ], [ 127.597625058818252, -17.866679693725093 ], [ 127.623093415918632, -17.867518557767362 ], [ 127.623965698735702, -17.843125253307687 ], [ 127.598502409264299, -17.842286501508006 ], [ 127.62570922215852, -17.794333830695784 ], [ 127.574803251068772, -17.792651910005393 ], [ 127.575684615062542, -17.768254008539234 ], [ 127.550237216830851, -17.767405863728687 ] ] ] } },
{ "type": "Feature", "properties": { "species_id": "dusky-grasswren", "species_name": "Dusky Grasswren", "suitability": 0.55 }, "geometry": { "type": "Polygon", "coordinates": [ [ [ 127.649429336027055, -17.843959138724898 ], [ 127.648562121046837, -17.868352554781918 ], [ 127.674031172185593, -17.869181684702248 ], [ 127.674893319122305, -17.844788157693046 ], [ 127.649429336027055, -17.843959138724898 ] ] ] } },
{ "type": "Feature", "properties": { "species_id": "dusky-grasswren", "species_name": "Dusky Grasswren", "suitability": 0.55 }, "geometry": { "type": "Polygon", "coordinates": [ [ [ 127.085395794489827, -17.922043273496211 ], [ 127.083434966059258, -17.970810525832793 ], [ 127.10892128553256, -17.971747344315638 ], [ 127.110871969400662, -17.922979840010232 ], [ 127.085395794489827, -17.922043273496211 ] ] ] } },
{ "type": "Feature", "properties": { "species_id": "dusky-grasswren", "species_name": "Dusky Grasswren", "suitability": 0.55 }, "geometry": { "type": "Polygon", "coordinates": [ [ [ 126.979490624782827, -18.015774453629291 ], [ 126.978488526007709, -18.04015202861536 ], [ 127.029488865151023, -18.042060518695607 ], [ 127.030480806887255, -18.017682685839848 ], [ 126.979490624782827, -18.015774453629291 ] ] ] } },
{ "type": "Feature", "properties": { "species_id": "dusky-grasswren", "species_name": "Dusky Grasswren", "suitability": 0.65 }, "geometry": { "type": "Polygon", "coordinates": [ [ [ 126.873422988803981, -18.109398320817196 ], [ 126.872398945393968, -18.133769092793447 ], [ 126.897917632387021, -18.134745783687602 ], [ 126.898936590275468, -18.110374879048141 ], [ 126.873422988803981, -18.109398320817196 ] ] ] } },
{ "type": "Feature", "properties": { "species_id": "dusky-grasswren", "species_name": "Dusky Grasswren", "suitability": 0.55 }, "geometry": { "type": "Polygon", "coordinates": [ [ [ 126.846880667780482, -18.13278752919647 ], [ 126.845851128098474, -18.157156607035141 ], [ 126.871374493012851, -18.158138304151052 ], [ 126.872398945393968, -18.133769092793447 ], [ 126.846880667780482, -18.13278752919647 ] ] ] } },
{ "type": "Feature", "properties": { "species_id": "dusky-grasswren", "species_name": "Dusky Grasswren", "suitability": 0.65 }, "geometry": { "type": "Polygon", "coordinates": [ [ [ 128.838648993111065, -19.169248702603831 ], [ 128.838011863197835, -19.193567425657289 ], [ 128.863767128617098, -19.194167273628882 ], [ 128.864399073117937, -19.169848464128439 ], [ 128.838648993111065, -19.169248702603831 ] ] ] } },
{ "type": "Feature", "properties": { "species_id": "dusky-grasswren", "species_name": "Dusky Grasswren", "suitability": 0.55 }, "geometry": { "type": "Polygon", "coordinates": [ [ [ 128.81289917001547, -19.168644036048104 ], [ 128.811614280777292, -19.217279911817606 ], [ 128.83737447647448, -19.217884752801908 ], [ 128.838648993111065, -19.169248702603831 ], [ 128.81289917001547, -19.168644036048104 ] ] ] } },
{ "type": "Feature", "properties": { "species_id": "dusky-grasswren", "species_name": "Dusky Grasswren", "suitability": 0.65 }, "geometry": { "type": "Polygon", "coordinates": [ [ [ 128.888895637443966, -19.219079715399797 ], [ 128.888268373087158, -19.243395823038991 ], [ 128.939800926160586, -19.244571329331869 ], [ 128.940417810573479, -19.220255051822829 ], [ 128.888895637443966, -19.219079715399797 ] ] ] } },
{ "type": "Feature", "properties": { "species_id": "dusky-grasswren", "species_name": "Dusky Grasswren", "suitability": 0.55 }, "geometry": { "type": "Polygon", "coordinates": [ [ [ 128.940417810573479, -19.220255051822829 ], [ 128.939800926160586, -19.244571329331869 ], [ 128.96556757725574, -19.245151721475104 ], [ 128.966179271470253, -19.220835360090181 ], [ 128.940417810573479, -19.220255051822829 ] ] ] } },
{ "type": "Feature", "properties": { "species_id": "dusky-grasswren", "species_name": "Dusky Grasswren", "suitability": 0.55 }, "geometry": { "type": "Polygon", "coordinates": [ [ [ 128.888268373087158, -19.243395823038991 ], [ 128.88764085578984, -19.267710542441055 ], [ 128.9134121987627, -19.268300834650638 ], [ 128.914034524073543, -19.243986029836133 ], [ 128.888268373087158, -19.243395823038991 ] ] ] } },
{ "type": "Feature", "properties": { "species_id": "dusky-grasswren", "species_name": "Dusky Grasswren", "suitability": 0.55 }, "geometry": { "type": "Polygon", "coordinates": [ [ [ 128.887013085399133, -19.29202387731624 ], [ 128.911543716211582, -19.34123695752292 ], [ 128.937330899407272, -19.341822596581764 ], [ 128.938566410905423, -19.293199724092894 ], [ 128.887013085399133, -19.29202387731624 ] ] ] } },
{ "type": "Feature", "properties": { "species_id": "dusky-grasswren", "species_name": "Dusky Grasswren", "suitability": 0.55 }, "geometry": { "type": "Polygon", "coordinates": [ [ [ 128.91092038598174, -19.365546246992647 ], [ 128.909672970539731, -19.414160720967448 ], [ 128.935475761565442, -19.414746615997963 ], [ 128.936712769690246, -19.366131971251505 ], [ 128.91092038598174, -19.365546246992647 ] ] ] } },
{ "type": "Feature", "properties": { "species_id": "dusky-grasswren", "species_name": "Dusky Grasswren", "suitability": 0.55 }, "geometry": { "type": "Polygon", "coordinates": [ [ [ 134.558190049133515, -20.421156245457237 ], [ 134.558711049583479, -20.44541056871422 ], [ 134.584739165339698, -20.444922032038527 ], [ 134.584212867965817, -20.420667784008877 ], [ 134.558190049133515, -20.421156245457237 ] ] ] } },
{ "type": "Feature", "properties": { "species_id": "dusky-grasswren", "species_name": "Dusky Grasswren", "suitability": 0.55 }, "geometry": { "type": "Polygon", "coordinates": [ [ [ 134.69159022736369, -20.564170156181131 ], [ 134.692139051198581, -20.588416927781662 ], [ 134.744816183303442, -20.611629941347051 ], [ 134.743697070926515, -20.563137900256518 ], [ 134.69159022736369, -20.564170156181131 ] ] ] } },
{ "type": "Feature", "properties": { "species_id": "dusky-grasswren", "species_name": "Dusky Grasswren", "suitability": 0.55 }, "geometry": { "type": "Polygon", "coordinates": [ [ [ 134.56236400240158, -20.615157344081581 ], [ 134.589485504747529, -20.663156552395893 ], [ 134.641636625722839, -20.662163262171116 ], [ 134.643794281740639, -20.759125180788882 ], [ 134.617697544102157, -20.759624613391335 ], [ 134.618232181913015, -20.783862273884253 ], [ 134.644334246512244, -20.783362763018324 ], [ 134.643794281740639, -20.759125180788882 ], [ 134.722083161984955, -20.75759715865415 ], [ 134.721527444107494, -20.733358660291437 ], [ 134.747617961809482, -20.732839492879208 ], [ 134.748179003926481, -20.757077909996298 ], [ 134.800369997551684, -20.75602455105922 ], [ 134.800941921201996, -20.780261647457039 ], [ 134.827042394523204, -20.779727453599218 ], [ 134.82646514488647, -20.755490440881104 ], [ 134.878654729729021, -20.754407359361757 ], [ 134.824734809293119, -20.682772451623542 ], [ 134.798655626890252, -20.683306311461315 ], [ 134.799226850538702, -20.707546886796894 ], [ 134.747057148684519, -20.708599916345552 ], [ 134.692688098859833, -20.612662517786319 ], [ 134.666623719274213, -20.61317138197635 ], [ 134.66716767722599, -20.637415873263897 ], [ 134.588957273188555, -20.638913001968934 ], [ 134.588429257065059, -20.614668277848406 ], [ 134.56236400240158, -20.615157344081581 ] ] ] } },
{ "type": "Feature", "properties": { "species_id": "dusky-grasswren", "species_name": "Dusky Grasswren", "suitability": 0.55 }, "geometry": { "type": "Polygon", "coordinates": [ [ [ 134.749863505632618, -20.829786242210954 ], [ 134.750425465121367, -20.854020059027537 ], [ 134.776542395834923, -20.853495527262044 ], [ 134.77597510354974, -20.829261792921518 ], [ 134.749863505632618, -20.829786242210954 ] ] ] } },
{ "type": "Feature", "properties": { "species_id": "dusky-grasswren", "species_name": "Dusky Grasswren", "suitability": 0.55 }, "geometry": { "type": "Polygon", "coordinates": [ [ [ 134.802659094444806, -20.852966038555483 ], [ 134.803231953433936, -20.877198548682138 ], [ 134.855475314855227, -20.876124531580135 ], [ 134.85489178663471, -20.851892190524136 ], [ 134.802659094444806, -20.852966038555483 ] ] ] } },
{ "type": "Feature", "properties": { "species_id": "dusky-grasswren", "species_name": "Dusky Grasswren", "suitability": 0.55 }, "geometry": { "type": "Polygon", "coordinates": [ [ [ 135.403969607801258, -20.863650184218031 ], [ 135.404665409849287, -20.887879422178788 ], [ 135.43078654854483, -20.887230779137891 ], [ 135.430085413304795, -20.863001643330858 ], [ 135.403969607801258, -20.863650184218031 ] ] ] } },
{ "type": "Feature", "properties": { "species_id": "dusky-grasswren", "species_name": "Dusky Grasswren", "suitability": 0.55 }, "geometry": { "type": "Polygon", "coordinates": [ [ [ 135.274055488992985, -20.891048279096918 ], [ 135.274724896050429, -20.915276880418052 ], [ 135.300852772835498, -20.914652925272328 ], [ 135.300178029549301, -20.890424422356382 ], [ 135.274055488992985, -20.891048279096918 ] ] ] } },
{ "type": "Feature", "properties": { "species_id": "dusky-grasswren", "species_name": "Dusky Grasswren", "suitability": 0.55 }, "geometry": { "type": "Polygon", "coordinates": [ [ [ 140.024938962537817, -20.744328998446655 ], [ 140.026576799156629, -20.768524654528534 ], [ 140.052629244253637, -20.766999304704321 ], [ 140.05098611972511, -20.742803886999717 ], [ 140.024938962537817, -20.744328998446655 ] ] ] } },
{ "type": "Feature", "properties": { "species_id": "dusky-grasswren", "species_name": "Dusky Grasswren", "suitability": 0.55 }, "geometry": { "type": "Polygon", "coordinates": [ [ [ 134.962381088610897, -20.970833639360318 ], [ 134.962987191365045, -20.995059980640566 ], [ 134.98913423971041, -20.994495260081237 ], [ 134.9885227922544, -20.970269008230492 ], [ 134.962381088610897, -20.970833639360318 ] ] ] } },
{ "type": "Feature", "properties": { "species_id": "dusky-grasswren", "species_name": "Dusky Grasswren", "suitability": 0.55 }, "geometry": { "type": "Polygon", "coordinates": [ [ [ 135.276064531515175, -20.963730690752016 ], [ 135.276734760258449, -20.98795590724373 ], [ 135.302878658809817, -20.987331656062704 ], [ 135.302203087296448, -20.963106538386139 ], [ 135.276064531515175, -20.963730690752016 ] ] ] } },
{ "type": "Feature", "properties": { "species_id": "dusky-grasswren", "species_name": "Dusky Grasswren", "suitability": 0.55 }, "geometry": { "type": "Polygon", "coordinates": [ [ [ 139.871854921339775, -20.801768892313355 ], [ 139.873462332295333, -20.825963636263658 ], [ 139.899529343163664, -20.824467466033251 ], [ 139.897916637586604, -20.800272956603351 ], [ 139.871854921339775, -20.801768892313355 ] ] ] } },
{ "type": "Feature", "properties": { "species_id": "dusky-grasswren", "species_name": "Dusky Grasswren", "suitability": 0.55 }, "geometry": { "type": "Polygon", "coordinates": [ [ [ 134.964200141095631, -21.04350930922757 ], [ 134.964806988376665, -21.067732304019426 ], [ 134.938643644083555, -21.068292330002535 ], [ 134.940449610043373, -21.140954949081632 ], [ 134.992808184195326, -21.139829395573102 ], [ 134.991582533151387, -21.091389111284599 ], [ 135.096253796547188, -21.089079150376456 ], [ 135.095619935096579, -21.064857721090917 ], [ 135.043295520120807, -21.066022444641799 ], [ 135.042672619523074, -21.04179972161155 ], [ 134.964200141095631, -21.04350930922757 ] ] ] } },
{ "type": "Feature", "properties": { "species_id": "dusky-grasswren", "species_name": "Dusky Grasswren", "suitability": 0.55 }, "geometry": { "type": "Polygon", "coordinates": [ [ [ 133.893094022246544, -21.159294025356534 ], [ 133.8934819870409, -21.183515631419649 ], [ 133.919674930213915, -21.183153958635927 ], [ 133.9192816002234, -21.158932410404194 ], [ 133.893094022246544, -21.159294025356534 ] ] ] } },
{ "type": "Feature", "properties": { "species_id": "dusky-grasswren", "species_name": "Dusky Grasswren", "suitability": 0.55 }, "geometry": { "type": "Polygon", "coordinates": [ [ [ 134.024030277162638, -21.15743627302648 ], [ 134.024445066932429, -21.181657582001062 ], [ 134.05063718111694, -21.181271066651444 ], [ 134.050217026660391, -21.157049819473851 ], [ 134.024030277162638, -21.15743627302648 ] ] ] } },
{ "type": "Feature", "properties": { "species_id": "dusky-grasswren", "species_name": "Dusky Grasswren", "suitability": 0.55 }, "geometry": { "type": "Polygon", "coordinates": [ [ [ 139.496159206491626, -21.065545005340393 ], [ 139.497693403643353, -21.089731813859348 ], [ 139.523823158628687, -21.0883075603506 ], [ 139.522283639437319, -21.064120978124212 ], [ 139.496159206491626, -21.065545005340393 ] ] ] } },
{ "type": "Feature", "properties": { "species_id": "dusky-grasswren", "species_name": "Dusky Grasswren", "suitability": 0.55 }, "geometry": { "type": "Polygon", "coordinates": [ [ [ 139.49922822819326, -21.11391750657187 ], [ 139.500763680525722, -21.138102087199776 ], [ 139.526904086075376, -21.136677380169726 ], [ 139.52536330737945, -21.112493026458633 ], [ 139.49922822819326, -21.11391750657187 ] ] ] } },
{ "type": "Feature", "properties": { "species_id": "dusky-grasswren", "species_name": "Dusky Grasswren", "suitability": 0.65 }, "geometry": { "type": "Polygon", "coordinates": [ [ [ 139.708291084417681, -21.102382968606474 ], [ 139.70986913676208, -21.126565712352168 ], [ 139.736004434002922, -21.125101373120824 ], [ 139.734421058423891, -21.100918862445763 ], [ 139.708291084417681, -21.102382968606474 ] ] ] } },
{ "type": "Feature", "properties": { "species_id": "dusky-grasswren", "species_name": "Dusky Grasswren", "suitability": 0.55 }, "geometry": { "type": "Polygon", "coordinates": [ [ [ 139.706713677147548, -21.078199110248118 ], [ 139.708291084417681, -21.102382968606474 ], [ 139.734421058423891, -21.100918862445763 ], [ 139.711447834575921, -21.150747345205705 ], [ 139.78667906063265, -21.097975792403812 ], [ 139.785085691329925, -21.073792634596224 ], [ 139.758962335526775, -21.075266411572475 ], [ 139.760550384549504, -21.099449803664054 ], [ 139.706713677147548, -21.078199110248118 ] ] ] } },
{ "type": "Feature", "properties": { "species_id": "dusky-grasswren", "species_name": "Dusky Grasswren", "suitability": 0.55 }, "geometry": { "type": "Polygon", "coordinates": [ [ [ 133.949863668354652, -21.424942935989364 ], [ 133.950664829708472, -21.47336132168158 ], [ 133.976921999690518, -21.472988992341769 ], [ 133.976110057621526, -21.424570727376427 ], [ 133.949863668354652, -21.424942935989364 ] ] ] } },
{ "type": "Feature", "properties": { "species_id": "dusky-grasswren", "species_name": "Dusky Grasswren", "suitability": 0.55 }, "geometry": { "type": "Polygon", "coordinates": [ [ [ 134.081521367957606, -21.447241535303938 ], [ 134.081948987184916, -21.471449894197864 ], [ 134.108205299867677, -21.47105267465826 ], [ 134.107772289704286, -21.446844380199991 ], [ 134.081521367957606, -21.447241535303938 ] ] ] } },
{ "type": "Feature", "properties": { "species_id": "dusky-grasswren", "species_name": "Dusky Grasswren", "suitability": 0.55 }, "geometry": { "type": "Polygon", "coordinates": [ [ [ 133.741317219169673, -21.524575859907138 ], [ 133.74203330386581, -21.572986836646226 ], [ 133.768313321371863, -21.572654116990144 ], [ 133.767586436681484, -21.524243248673137 ], [ 133.741317219169673, -21.524575859907138 ] ] ] } },
{ "type": "Feature", "properties": { "species_id": "dusky-grasswren", "species_name": "Dusky Grasswren", "suitability": 0.55 }, "geometry": { "type": "Polygon", "coordinates": [ [ [ 132.480361264322852, -21.558891810142995 ], [ 132.480460045502809, -21.583098431613845 ], [ 132.506744631522366, -21.583004860789586 ], [ 132.5066404464188, -21.558798254584019 ], [ 132.480361264322852, -21.558891810142995 ] ] ] } },
{ "type": "Feature", "properties": { "species_id": "dusky-grasswren", "species_name": "Dusky Grasswren", "suitability": 0.65 }, "geometry": { "type": "Polygon", "coordinates": [ [ [ 132.454082041576669, -21.558980383823751 ], [ 132.480558867317512, -21.607304027026196 ], [ 132.533138808722697, -21.607111871309911 ], [ 132.533029174641456, -21.582906307283597 ], [ 132.480460045502809, -21.583098431613845 ], [ 132.480361264322852, -21.558891810142995 ], [ 132.454082041576669, -21.558980383823751 ] ] ] } },
{ "type": "Feature", "properties": { "species_id": "dusky-grasswren", "species_name": "Dusky Grasswren", "suitability": 0.55 }, "geometry": { "type": "Polygon", "coordinates": [ [ [ 132.506848859483597, -21.607210440915861 ], [ 132.506953130328924, -21.63141499872749 ], [ 132.585839065307454, -21.631104288652452 ], [ 132.585718569514313, -21.606899781651641 ], [ 132.506848859483597, -21.607210440915861 ] ] ] } },
{ "type": "Feature", "properties": { "species_id": "dusky-grasswren", "species_name": "Dusky Grasswren", "suitability": 0.55 }, "geometry": { "type": "Polygon", "coordinates": [ [ [ 133.085660467383605, -21.652297754688671 ], [ 133.085883897039309, -21.676499734772204 ], [ 133.112188567556814, -21.676291429392244 ], [ 133.111959726036389, -21.652089483448474 ], [ 133.085660467383605, -21.652297754688671 ] ] ] } },
{ "type": "Feature", "properties": { "species_id": "dusky-grasswren", "species_name": "Dusky Grasswren", "suitability": 0.55 }, "geometry": { "type": "Polygon", "coordinates": [ [ [ 133.637922144360147, -21.646877288768057 ], [ 133.63825920912501, -21.671078380466753 ], [ 133.690863511982599, -21.670447400482097 ], [ 133.690515626597204, -21.646246412162579 ], [ 133.637922144360147, -21.646877288768057 ] ] ] } },
{ "type": "Feature", "properties": { "species_id": "dusky-grasswren", "species_name": "Dusky Grasswren", "suitability": 0.65 }, "geometry": { "type": "Polygon", "coordinates": [ [ [ 134.02943583635755, -21.472229399350422 ], [ 134.030270024392735, -21.520643241125928 ], [ 134.056537475591426, -21.520255851645725 ], [ 134.057383147441868, -21.568665420345528 ], [ 134.083661222350059, -21.568272923379094 ], [ 134.08408972124758, -21.592476097876322 ], [ 134.03152259296121, -21.593256237891449 ], [ 134.031104898428566, -21.569052936074868 ], [ 134.004826477531964, -21.569435470527971 ], [ 134.005238769722439, -21.593638834786802 ], [ 133.9789547767177, -21.594016449555653 ], [ 133.979361833836606, -21.618218850191617 ], [ 134.005651231509432, -21.617841173708232 ], [ 134.006476664291881, -21.666242790592815 ], [ 134.03277670788961, -21.665860005859614 ], [ 134.033195090329599, -21.690059228568281 ], [ 134.05950037274792, -21.689671395706107 ], [ 134.059076579179333, -21.665472236596838 ], [ 134.137975136927281, -21.664279022026097 ], [ 134.138415163229496, -21.688477985440887 ], [ 134.164719733703635, -21.68807021159407 ], [ 134.163829042981689, -21.6396714039169 ], [ 134.137535291661266, -21.640079044128047 ], [ 134.136216840963755, -21.567472985893271 ], [ 134.162494380225951, -21.567065545454373 ], [ 134.161605519289992, -21.518656497949181 ], [ 134.109071854097948, -21.519466133873092 ], [ 134.108638487962338, -21.495259924629746 ], [ 134.056114900295398, -21.496049513986684 ], [ 134.055692498609432, -21.471842135774963 ], [ 134.02943583635755, -21.472229399350422 ] ] ] } },
{ "type": "Feature", "properties": { "species_id": "dusky-grasswren", "species_name": "Dusky Grasswren", "suitability": 0.65 }, "geometry": { "type": "Polygon", "coordinates": [ [ [ 133.819376551982941, -21.475148295346042 ], [ 133.873046752027932, -21.54706872933826 ], [ 133.820872905182284, -21.571973732795765 ], [ 133.821247378123104, -21.596177511417395 ], [ 133.768676987936459, -21.596858006692567 ], [ 133.769040804103668, -21.621060871774475 ], [ 133.716459003719564, -21.621721545224986 ], [ 133.716812153945369, -21.645923497576199 ], [ 133.848292563902589, -21.644234163129955 ], [ 133.849434068912672, -21.716833102045303 ], [ 133.875745925494357, -21.716480109436382 ], [ 133.875359853130732, -21.692281532140925 ], [ 133.954278217503941, -21.691192814925966 ], [ 133.953072268517872, -21.618591543697612 ], [ 133.873431872572723, -21.571273422321038 ], [ 133.873046752027932, -21.54706872933826 ], [ 133.925594284053915, -21.546348610282493 ], [ 133.92519852507661, -21.522143002104347 ], [ 133.872661789777368, -21.522863003902987 ], [ 133.871892339768692, -21.474448440631754 ], [ 133.819376551982941, -21.475148295346042 ] ] ] } },
{ "type": "Feature", "properties": { "species_id": "dusky-grasswren", "species_name": "Dusky Grasswren", "suitability": 0.55 }, "geometry": { "type": "Polygon", "coordinates": [ [ [ 133.350037416372714, -21.770988655015429 ], [ 133.350315533870116, -21.795185233276982 ], [ 133.376646250568257, -21.794926860679663 ], [ 133.376362710700846, -21.770730325011396 ], [ 133.350037416372714, -21.770988655015429 ] ] ] } },
{ "type": "Feature", "properties": { "species_id": "dusky-grasswren", "species_name": "Dusky Grasswren", "suitability": 0.75 }, "geometry": { "type": "Polygon", "coordinates": [ [ [ 133.349759413412301, -21.746791079555738 ], [ 133.350037416372714, -21.770988655015429 ], [ 133.429601836551882, -21.818590601587161 ], [ 133.429307330853078, -21.7943951471755 ], [ 133.349759413412301, -21.746791079555738 ] ] ] } },
{ "type": "Feature", "properties": { "species_id": "dusky-grasswren", "species_name": "Dusky Grasswren", "suitability": 0.55 }, "geometry": { "type": "Polygon", "coordinates": [ [ [ 133.429307330853078, -21.7943951471755 ], [ 133.429601836551882, -21.818590601587161 ], [ 133.455937620049269, -21.818317215614616 ], [ 133.455637689967602, -21.794121806322849 ], [ 133.429307330853078, -21.7943951471755 ] ] ] } },
{ "type": "Feature", "properties": { "species_id": "dusky-grasswren", "species_name": "Dusky Grasswren", "suitability": 0.55 }, "geometry": { "type": "Polygon", "coordinates": [ [ [ 134.271806396119985, -21.78317367477203 ], [ 134.27227443729987, -21.807367277459775 ], [ 134.298605151664418, -21.806934222157398 ], [ 134.298131689233088, -21.782740690894897 ], [ 134.271806396119985, -21.78317367477203 ] ] ] } },
{ "type": "Feature", "properties": { "species_id": "dusky-grasswren", "species_name": "Dusky Grasswren", "suitability": 0.65 }, "geometry": { "type": "Polygon", "coordinates": [ [ [ 134.298131689233088, -21.782740690894897 ], [ 134.298605151664418, -21.806934222157398 ], [ 134.324935670728934, -21.806496177831047 ], [ 134.324456787166866, -21.782302718814872 ], [ 134.298131689233088, -21.782740690894897 ] ] ] } },
{ "type": "Feature", "properties": { "species_id": "dusky-grasswren", "species_name": "Dusky Grasswren", "suitability": 0.55 }, "geometry": { "type": "Polygon", "coordinates": [ [ [ 133.3769299072774, -21.819122402862465 ], [ 133.377213680900553, -21.843316955331193 ], [ 133.403555131938845, -21.843053506281287 ], [ 133.403265931548788, -21.818858997345568 ], [ 133.3769299072774, -21.819122402862465 ] ] ] } },
{ "type": "Feature", "properties": { "species_id": "dusky-grasswren", "species_name": "Dusky Grasswren", "suitability": 0.75 }, "geometry": { "type": "Polygon", "coordinates": [ [ [ 134.298605151664418, -21.806934222157398 ], [ 134.299078809200864, -21.831126760976936 ], [ 134.325414751628642, -21.830688644306253 ], [ 134.324935670728934, -21.806496177831047 ], [ 134.298605151664418, -21.806934222157398 ] ] ] } },
{ "type": "Feature", "properties": { "species_id": "dusky-grasswren", "species_name": "Dusky Grasswren", "suitability": 0.55 }, "geometry": { "type": "Polygon", "coordinates": [ [ [ 133.429896463635117, -21.842785066165771 ], [ 133.430191212177931, -21.866978544683398 ], [ 133.456537851147971, -21.866705068287274 ], [ 133.456237673750593, -21.84251163501202 ], [ 133.429896463635117, -21.842785066165771 ] ] ] } },
{ "type": "Feature", "properties": { "species_id": "dusky-grasswren", "species_name": "Dusky Grasswren", "suitability": 0.65 }, "geometry": { "type": "Polygon", "coordinates": [ [ [ 134.299078809200864, -21.831126760976936 ], [ 134.299552661963048, -21.855318311123686 ], [ 134.32589402998795, -21.854880122010496 ], [ 134.325414751628642, -21.830688644306253 ], [ 134.299078809200864, -21.831126760976936 ] ] ] } },
{ "type": "Feature", "properties": { "species_id": "dusky-grasswren", "species_name": "Dusky Grasswren", "suitability": 0.75 }, "geometry": { "type": "Polygon", "coordinates": [ [ [ 133.822371721603417, -21.668782713705255 ], [ 133.796809887257581, -21.71752412795437 ], [ 133.823122055423482, -21.717181108229735 ], [ 133.85019585584638, -21.765227358262443 ], [ 133.90323304959449, -21.788711663959763 ], [ 133.931152042361589, -21.885120413172849 ], [ 133.957501373714592, -21.884752036286354 ], [ 133.955485656550451, -21.7637849951515 ], [ 133.981807697222422, -21.763411934490104 ], [ 133.982215928865628, -21.787607263771626 ], [ 134.034870343577268, -21.786846053422288 ], [ 134.035289588293608, -21.811040261979628 ], [ 134.087954156083867, -21.810258968257948 ], [ 134.086664419897005, -21.737673739073614 ], [ 134.060348483399451, -21.738066686336325 ], [ 134.059924340785386, -21.713869544363728 ], [ 134.007302776717665, -21.714640351297227 ], [ 133.980176450613698, -21.666620590757724 ], [ 133.953876069082582, -21.666993406315989 ], [ 133.954278217503941, -21.691192814925966 ], [ 133.875359853130732, -21.692281532140925 ], [ 133.875745925494357, -21.716480109436382 ], [ 133.849434068912672, -21.716833102045303 ], [ 133.848672908982877, -21.668434821735985 ], [ 133.822371721603417, -21.668782713705255 ] ] ] } },
{ "type": "Feature", "properties": { "species_id": "dusky-grasswren", "species_name": "Dusky Grasswren", "suitability": 0.65 }, "geometry": { "type": "Polygon", "coordinates": [ [ [ 133.349481524918104, -21.722592503128151 ], [ 133.349759413412301, -21.746791079555738 ], [ 133.402687888142793, -21.770467006383768 ], [ 133.402976850307937, -21.794663498636879 ], [ 133.376646250568257, -21.794926860679663 ], [ 133.3769299072774, -21.819122402862465 ], [ 133.403265931548788, -21.818858997345568 ], [ 133.403844451551834, -21.867247029216191 ], [ 133.377497571509963, -21.867510521858222 ], [ 133.377781579177963, -21.891703106216781 ], [ 133.404133890461509, -21.891439569923563 ], [ 133.403844451551834, -21.867247029216191 ], [ 133.430191212177931, -21.866978544683398 ], [ 133.430486082255356, -21.891171040913253 ], [ 133.483190098407647, -21.890619004852038 ], [ 133.482884366221839, -21.866426600055878 ], [ 133.430191212177931, -21.866978544683398 ], [ 133.429601836551882, -21.818590601587161 ], [ 133.403265931548788, -21.818858997345568 ], [ 133.429012946463786, -21.770198699159319 ], [ 133.349481524918104, -21.722592503128151 ] ] ] } },
{ "type": "Feature", "properties": { "species_id": "dusky-grasswren", "species_name": "Dusky Grasswren", "suitability": 0.55 }, "geometry": { "type": "Polygon", "coordinates": [ [ [ 133.955485656550451, -21.7637849951515 ], [ 133.957905015884137, -21.908942489562985 ], [ 134.01061403966807, -21.908190635103921 ], [ 134.009785200258449, -21.859808997689729 ], [ 134.036128596158505, -21.859425708293781 ], [ 134.035709005785122, -21.83523347901313 ], [ 134.088384422483927, -21.8344520562291 ], [ 134.088814866235424, -21.858644156272309 ], [ 134.115157735935497, -21.858245893726828 ], [ 134.113415331901876, -21.76147181378694 ], [ 134.087094154899859, -21.761869813449596 ], [ 134.087954156083867, -21.810258968257948 ], [ 134.035289588293608, -21.811040261979628 ], [ 134.034870343577268, -21.786846053422288 ], [ 133.982215928865628, -21.787607263771626 ], [ 133.981807697222422, -21.763411934490104 ], [ 133.955485656550451, -21.7637849951515 ] ] ] } },
{ "type": "Feature", "properties": { "species_id": "dusky-grasswren", "species_name": "Dusky Grasswren", "suitability": 0.55 }, "geometry": { "type": "Polygon", "coordinates": [ [ [ 134.324935670728934, -21.806496177831047 ], [ 134.32589402998795, -21.854880122010496 ], [ 134.299552661963048, -21.855318311123686 ], [ 134.300026710071734, -21.879508876368703 ], [ 134.326373505928984, -21.879070614714834 ], [ 134.326853179573874, -21.903260126191153 ], [ 134.379557035114885, -21.902368480828162 ], [ 134.379066501700692, -21.87817911710599 ], [ 134.352720103884877, -21.8786273616121 ], [ 134.351265992258789, -21.806053144525439 ], [ 134.324935670728934, -21.806496177831047 ] ] ] } },
{ "type": "Feature", "properties": { "species_id": "dusky-grasswren", "species_name": "Dusky Grasswren", "suitability": 0.75 }, "geometry": { "type": "Polygon", "coordinates": [ [ [ 133.377213680900553, -21.843316955331193 ], [ 133.377497571509963, -21.867510521858222 ], [ 133.403844451551834, -21.867247029216191 ], [ 133.404423448741653, -21.915631132177385 ], [ 133.430781073942626, -21.915362558629319 ], [ 133.430191212177931, -21.866978544683398 ], [ 133.377213680900553, -21.843316955331193 ] ] ] } },
{ "type": "Feature", "properties": { "species_id": "dusky-grasswren", "species_name": "Dusky Grasswren", "suitability": 0.75 }, "geometry": { "type": "Polygon", "coordinates": [ [ [ 133.456838152317914, -21.890897519213357 ], [ 133.45713857733702, -21.915088991564353 ], [ 133.48349595668185, -21.914810431010576 ], [ 133.483190098407647, -21.890619004852038 ], [ 133.456838152317914, -21.890897519213357 ] ] ] } },
{ "type": "Feature", "properties": { "species_id": "dusky-grasswren", "species_name": "Dusky Grasswren", "suitability": 0.85 }, "geometry": { "type": "Polygon", "coordinates": [ [ [ 133.430486082255356, -21.891171040913253 ], [ 133.431076187314972, -21.939553101606563 ], [ 133.457439126281855, -21.939279489115041 ], [ 133.456838152317914, -21.890897519213357 ], [ 133.430486082255356, -21.891171040913253 ] ] ] } },
{ "type": "Feature", "properties": { "species_id": "dusky-grasswren", "species_name": "Dusky Grasswren", "suitability": 0.65 }, "geometry": { "type": "Polygon", "coordinates": [ [ [ 133.45713857733702, -21.915088991564353 ], [ 133.457439126281855, -21.939279489115041 ], [ 133.483801941122437, -21.939000882306349 ], [ 133.48349595668185, -21.914810431010576 ], [ 133.45713857733702, -21.915088991564353 ] ] ] } },
{ "type": "Feature", "properties": { "species_id": "dusky-grasswren", "species_name": "Dusky Grasswren", "suitability": 0.55 }, "geometry": { "type": "Polygon", "coordinates": [ [ [ 132.48125175990296, -21.776714781615333 ], [ 132.481450096358856, -21.825108834558641 ], [ 132.534127548676111, -21.824916394437317 ], [ 132.534237635096673, -21.849111904647376 ], [ 132.586925762556803, -21.84889946596817 ], [ 132.587046755604462, -21.873093956371946 ], [ 132.666094858465812, -21.872737801963449 ], [ 132.666369597681438, -21.921123725675681 ], [ 132.745757388919486, -21.969104402719424 ], [ 132.74544979329491, -21.920722506168048 ], [ 132.692586889733008, -21.896802528042297 ], [ 132.69244411573672, -21.872609098903499 ], [ 132.744988875325191, -21.848142350388798 ], [ 132.744528526975841, -21.77555333087286 ], [ 132.718201097941687, -21.775691927181601 ], [ 132.718349060475958, -21.799889281026484 ], [ 132.665683174149478, -21.800151549490447 ], [ 132.665546059106049, -21.775954152397667 ], [ 132.48125175990296, -21.776714781615333 ] ] ] } },
{ "type": "Feature", "properties": { "species_id": "dusky-grasswren", "species_name": "Dusky Grasswren", "suitability": 0.65 }, "geometry": { "type": "Polygon", "coordinates": [ [ [ 133.404423448741653, -21.915631132177385 ], [ 133.404713126466078, -21.939821719752679 ], [ 133.378349945979608, -21.940085343525734 ], [ 133.378634305258231, -21.964275004027101 ], [ 133.431076187314972, -21.939553101606563 ], [ 133.430781073942626, -21.915362558629319 ], [ 133.404423448741653, -21.915631132177385 ] ] ] } },
{ "type": "Feature", "properties": { "species_id": "dusky-grasswren", "species_name": "Dusky Grasswren", "suitability": 0.55 }, "geometry": { "type": "Polygon", "coordinates": [ [ [ 132.323750395574962, -21.946534654655416 ], [ 132.323817191515701, -21.970725387593077 ], [ 132.376560291302127, -21.970592706302991 ], [ 132.376482615806111, -21.946401995428857 ], [ 132.323750395574962, -21.946534654655416 ] ] ] } },
{ "type": "Feature", "properties": { "species_id": "dusky-grasswren", "species_name": "Dusky Grasswren", "suitability": 0.55 }, "geometry": { "type": "Polygon", "coordinates": [ [ [ 133.166478044961764, -21.845244866240996 ], [ 133.220168476363654, -21.9415622028474 ], [ 133.272896072547269, -21.941089894352864 ], [ 133.273158679256795, -21.965279721871767 ], [ 133.378918781885488, -21.988463697462009 ], [ 133.404133890461509, -21.891439569923563 ], [ 133.377781579177963, -21.891703106216781 ], [ 133.378065703977029, -21.915894712180954 ], [ 133.351707841891852, -21.916153298612919 ], [ 133.352265569341824, -21.964533676399071 ], [ 133.325896718205485, -21.96478735351447 ], [ 133.325623235071646, -21.940597607844758 ], [ 133.299259709139193, -21.940846248337998 ], [ 133.29872395080622, -21.892463758526123 ], [ 133.246018308875421, -21.892945895998185 ], [ 133.245504713942438, -21.84455933367105 ], [ 133.166478044961764, -21.845244866240996 ] ] ] } },
{ "type": "Feature", "properties": { "species_id": "dusky-grasswren", "species_name": "Dusky Grasswren", "suitability": 0.55 }, "geometry": { "type": "Polygon", "coordinates": [ [ [ 132.218285642136379, -21.946740032296606 ], [ 132.191998611573695, -21.99515947056188 ], [ 132.244752837802537, -21.995076734526982 ], [ 132.244651864003146, -21.94669618050202 ], [ 132.218285642136379, -21.946740032296606 ] ] ] } },
{ "type": "Feature", "properties": { "species_id": "dusky-grasswren", "species_name": "Dusky Grasswren", "suitability": 0.55 }, "geometry": { "type": "Polygon", "coordinates": [ [ [ 130.741553684403016, -21.965413512859381 ], [ 130.741294004806861, -21.989602395808976 ], [ 130.794043476783571, -21.990069286331508 ], [ 130.794292275126224, -21.965880325673268 ], [ 130.741553684403016, -21.965413512859381 ] ] ] } },
{ "type": "Feature", "properties": { "species_id": "dusky-grasswren", "species_name": "Dusky Grasswren", "suitability": 0.55 }, "geometry": { "type": "Polygon", "coordinates": [ [ [ 132.772128206578117, -21.96896062694924 ], [ 132.772287541170869, -21.993150100426412 ], [ 132.82503985986358, -21.992847511391435 ], [ 132.824869642255834, -21.968658088285974 ], [ 132.772128206578117, -21.96896062694924 ] ] ] } },
{ "type": "Feature", "properties": { "species_id": "dusky-grasswren", "species_name": "Dusky Grasswren", "suitability": 0.55 }, "geometry": { "type": "Polygon", "coordinates": [ [ [ 130.60970912340369, -21.964159062692652 ], [ 130.609422241859846, -21.988347736828782 ], [ 130.662170607173806, -21.988864588752335 ], [ 130.66189449227511, -22.013052385708058 ], [ 130.688274289747937, -22.013303359349155 ], [ 130.662446608148883, -21.964675828598114 ], [ 130.60970912340369, -21.964159062692652 ] ] ] } },
{ "type": "Feature", "properties": { "species_id": "dusky-grasswren", "species_name": "Dusky Grasswren", "suitability": 0.65 }, "geometry": { "type": "Polygon", "coordinates": [ [ [ 130.662446608148883, -21.964675828598114 ], [ 130.688274289747937, -22.013303359349155 ], [ 130.793794575743505, -22.014257284062257 ], [ 130.794043476783571, -21.990069286331508 ], [ 130.714919428637387, -21.989361456268274 ], [ 130.715184548761442, -21.965172613419472 ], [ 130.662446608148883, -21.964675828598114 ] ] ] } },
{ "type": "Feature", "properties": { "species_id": "dusky-grasswren", "species_name": "Dusky Grasswren", "suitability": 0.55 }, "geometry": { "type": "Polygon", "coordinates": [ [ [ 130.820418368095773, -21.990295237265169 ], [ 130.820174910023951, -22.014483272654481 ], [ 130.846555344919039, -22.014704264164848 ], [ 130.846793359960316, -21.990516191949258 ], [ 130.820418368095773, -21.990295237265169 ] ] ] } },
{ "type": "Feature", "properties": { "species_id": "dusky-grasswren", "species_name": "Dusky Grasswren", "suitability": 0.55 }, "geometry": { "type": "Polygon", "coordinates": [ [ [ 133.721771558511278, -21.984645765781153 ], [ 133.722126898260598, -22.008832859736998 ], [ 133.7485046658241, -22.008504147363247 ], [ 133.748143884694883, -21.984317108165826 ], [ 133.721771558511278, -21.984645765781153 ] ] ] } },
{ "type": "Feature", "properties": { "species_id": "dusky-grasswren", "species_name": "Dusky Grasswren", "suitability": 0.55 }, "geometry": { "type": "Polygon", "coordinates": [ [ [ 133.58990777131325, -21.986214118195189 ], [ 133.590235902828113, -22.010401473472179 ], [ 133.642992723532586, -22.009789017735933 ], [ 133.643331878557461, -22.033975310824729 ], [ 133.669715523785896, -22.033661535710433 ], [ 133.642653708462461, -21.985601764493044 ], [ 133.58990777131325, -21.986214118195189 ] ] ] } },
{ "type": "Feature", "properties": { "species_id": "dusky-grasswren", "species_name": "Dusky Grasswren", "suitability": 0.55 }, "geometry": { "type": "Polygon", "coordinates": [ [ [ 130.71465419908003, -22.013549336030295 ], [ 130.714388860021558, -22.037736256484532 ], [ 130.740774323983857, -22.037977276389565 ], [ 130.741034218022577, -22.013790315726041 ], [ 130.71465419908003, -22.013549336030295 ] ] ] } },
{ "type": "Feature", "properties": { "species_id": "dusky-grasswren", "species_name": "Dusky Grasswren", "suitability": 0.55 }, "geometry": { "type": "Polygon", "coordinates": [ [ [ 132.297568387363782, -22.019162826816061 ], [ 132.297629819516942, -22.043350684068276 ], [ 132.324017744815421, -22.04329180782549 ], [ 132.323950866118849, -22.019103960398702 ], [ 132.297568387363782, -22.019162826816061 ] ] ] } },
{ "type": "Feature", "properties": { "species_id": "dusky-grasswren", "species_name": "Dusky Grasswren", "suitability": 0.55 }, "geometry": { "type": "Polygon", "coordinates": [ [ [ 132.455862800443072, -22.018734665059231 ], [ 132.455956911572144, -22.042922450847755 ], [ 132.482344637215988, -22.042833584352863 ], [ 132.482245079667109, -22.018645813394222 ], [ 132.455862800443072, -22.018734665059231 ] ] ] } },
{ "type": "Feature", "properties": { "species_id": "dusky-grasswren", "species_name": "Dusky Grasswren", "suitability": 0.55 }, "geometry": { "type": "Polygon", "coordinates": [ [ [ 131.057602176306062, -22.016292298667299 ], [ 131.057212997938933, -22.064666100099707 ], [ 131.110181075438334, -22.040826771081459 ], [ 131.11036473285202, -22.016639334995297 ], [ 131.057602176306062, -22.016292298667299 ] ] ] } },
{ "type": "Feature", "properties": { "species_id": "dusky-grasswren", "species_name": "Dusky Grasswren", "suitability": 0.55 }, "geometry": { "type": "Polygon", "coordinates": [ [ [ 133.062860201949292, -22.039613961678072 ], [ 133.063299213514938, -22.087985567596352 ], [ 133.089696320727768, -22.08778167436196 ], [ 133.08924641145299, -22.0394101365961 ], [ 133.062860201949292, -22.039613961678072 ] ] ] } },
{ "type": "Feature", "properties": { "species_id": "dusky-grasswren", "species_name": "Dusky Grasswren", "suitability": 0.55 }, "geometry": { "type": "Polygon", "coordinates": [ [ [ 131.743428020700662, -22.067619366685332 ], [ 131.743375030211467, -22.091805332875143 ], [ 131.769773915894831, -22.091851438923722 ], [ 131.769821455303173, -22.067665465021403 ], [ 131.743428020700662, -22.067619366685332 ] ] ] } },
{ "type": "Feature", "properties": { "species_id": "dusky-grasswren", "species_name": "Dusky Grasswren", "suitability": 0.65 }, "geometry": { "type": "Polygon", "coordinates": [ [ [ 134.540806862941139, -22.044686725950921 ], [ 134.541331485506134, -22.06886885789654 ], [ 134.567719913719401, -22.068385031318421 ], [ 134.567189846548558, -22.044202980198865 ], [ 134.540806862941139, -22.044686725950921 ] ] ] } },
{ "type": "Feature", "properties": { "species_id": "dusky-grasswren", "species_name": "Dusky Grasswren", "suitability": 0.55 }, "geometry": { "type": "Polygon", "coordinates": [ [ [ 131.215404916841095, -22.089833205309812 ], [ 131.188671841362179, -22.138050483778866 ], [ 131.294307674201406, -22.138625100692984 ], [ 131.29445345023899, -22.114441283848681 ], [ 131.320857109702615, -22.114572412138173 ], [ 131.320997372614841, -22.090387630089026 ], [ 131.294599166063222, -22.090256523758526 ], [ 131.29445345023899, -22.114441283848681 ], [ 131.241646314387538, -22.114164025015143 ], [ 131.241802935922408, -22.089979311354515 ], [ 131.215404916841095, -22.089833205309812 ] ] ] } },
{ "type": "Feature", "properties": { "species_id": "dusky-grasswren", "species_name": "Dusky Grasswren", "suitability": 0.65 }, "geometry": { "type": "Polygon", "coordinates": [ [ [ 134.277906009689872, -22.097614185664053 ], [ 134.278376567541471, -22.12179518219428 ], [ 134.304777961841751, -22.121361189514438 ], [ 134.304301953607393, -22.097180265675643 ], [ 134.277906009689872, -22.097614185664053 ] ] ] } },
{ "type": "Feature", "properties": { "species_id": "dusky-grasswren", "species_name": "Dusky Grasswren", "suitability": 0.55 }, "geometry": { "type": "Polygon", "coordinates": [ [ [ 132.903794798124778, -21.943976505218469 ], [ 132.930543635244845, -21.992182375299461 ], [ 132.983498005266313, -22.016008118018107 ], [ 132.984107356137173, -22.088567249117624 ], [ 132.957709899276551, -22.088751143497074 ], [ 132.958105645695383, -22.137119215845221 ], [ 133.010922289575689, -22.136746302395043 ], [ 133.011131199312729, -22.160928864374569 ], [ 133.037544849641279, -22.160734872982029 ], [ 133.037116205030173, -22.112368874211242 ], [ 133.010713466144637, -22.112562800529755 ], [ 133.01050472896614, -22.088378354994607 ], [ 133.036902015509895, -22.08818446114741 ], [ 133.036259977432366, -22.015625521847397 ], [ 133.009879034411853, -22.015819318542725 ], [ 133.009670641709732, -21.991631060505807 ], [ 132.95691938639149, -21.992003600121215 ], [ 132.956721962032219, -21.967814317496078 ], [ 132.903794798124778, -21.943976505218469 ] ] ] } },
{ "type": "Feature", "properties": { "species_id": "dusky-grasswren", "species_name": "Dusky Grasswren", "suitability": 0.75 }, "geometry": { "type": "Polygon", "coordinates": [ [ [ 134.01102871576586, -21.932379987401035 ], [ 134.011443562933295, -21.956568367124021 ], [ 134.0645995350242, -21.979983567621581 ], [ 134.065451851089051, -22.028355240748571 ], [ 134.170975157522889, -22.026750343178382 ], [ 134.171423357059865, -22.050934473444695 ], [ 134.224654073679943, -22.074284942314534 ], [ 134.225573197320415, -22.122648167976422 ], [ 134.278847319823342, -22.145975235463567 ], [ 134.277906009689872, -22.097614185664053 ], [ 134.304301953607393, -22.097180265675643 ], [ 134.303826141932092, -22.072998394696576 ], [ 134.27743564614812, -22.073432242091485 ], [ 134.301924858388787, -21.976261363784712 ], [ 134.27555613267495, -21.976694921782478 ], [ 134.276495501513097, -22.025065498698329 ], [ 134.250115701111355, -22.025494204691029 ], [ 134.249187213058434, -21.977123484933056 ], [ 134.196448801095642, -21.977965626516635 ], [ 134.195995718739852, -21.953778679701792 ], [ 134.116903015124564, -21.95500422575584 ], [ 134.116466425392417, -21.930816105910672 ], [ 134.01102871576586, -21.932379987401035 ] ] ] } },
{ "type": "Feature", "properties": { "species_id": "dusky-grasswren", "species_name": "Dusky Grasswren", "suitability": 0.55 }, "geometry": { "type": "Polygon", "coordinates": [ [ [ 133.063518855322116, -22.112169947351909 ], [ 133.064178325515911, -22.18471743920465 ], [ 133.090597255172327, -22.184513409113308 ], [ 133.08992141476557, -22.111966019972357 ], [ 133.063518855322116, -22.112169947351909 ] ] ] } },
{ "type": "Feature", "properties": { "species_id": "dusky-grasswren", "species_name": "Dusky Grasswren", "suitability": 0.65 }, "geometry": { "type": "Polygon", "coordinates": [ [ [ 134.278847319823342, -22.145975235463567 ], [ 134.279318266655991, -22.170154349254496 ], [ 134.305730568475013, -22.169720210897989 ], [ 134.305254166756981, -22.145541169994416 ], [ 134.278847319823342, -22.145975235463567 ] ] ] } },
{ "type": "Feature", "properties": { "species_id": "dusky-grasswren", "species_name": "Dusky Grasswren", "suitability": 0.55 }, "geometry": { "type": "Polygon", "coordinates": [ [ [ 131.029819318124339, -22.185402798747084 ], [ 131.029618744184233, -22.209583541496261 ], [ 131.056043531870671, -22.209764798380135 ], [ 131.056238644315442, -22.185584025136716 ], [ 131.029819318124339, -22.185402798747084 ] ] ] } },
{ "type": "Feature", "properties": { "species_id": "dusky-grasswren", "species_name": "Dusky Grasswren", "suitability": 0.55 }, "geometry": { "type": "Polygon", "coordinates": [ [ [ 132.297998945760298, -22.188457920452514 ], [ 132.298060555835264, -22.212639177315054 ], [ 132.32448666999565, -22.21258023192258 ], [ 132.324419597602969, -22.188398984978477 ], [ 132.297998945760298, -22.188457920452514 ] ] ] } },
{ "type": "Feature", "properties": { "species_id": "dusky-grasswren", "species_name": "Dusky Grasswren", "suitability": 0.55 }, "geometry": { "type": "Polygon", "coordinates": [ [ [ 134.278376567541471, -22.12179518219428 ], [ 134.252905769971164, -22.170583486092006 ], [ 134.305254166756981, -22.145541169994416 ], [ 134.306207167117833, -22.19389831600845 ], [ 134.359529805153585, -22.217191910846218 ], [ 134.359042091045239, -22.193014886432003 ], [ 134.33262472883186, -22.19345910235371 ], [ 134.331660816691311, -22.145102103889311 ], [ 134.278376567541471, -22.12179518219428 ] ] ] } },
{ "type": "Feature", "properties": { "species_id": "dusky-grasswren", "species_name": "Dusky Grasswren", "suitability": 0.55 }, "geometry": { "type": "Polygon", "coordinates": [ [ [ 131.822608381200297, -22.067742663944674 ], [ 131.822535091640674, -22.116113690928838 ], [ 131.743322017829229, -22.115990352384827 ], [ 131.769631179775558, -22.164403695748629 ], [ 131.796046451916851, -22.164444822396785 ], [ 131.796004293981582, -22.188627039240366 ], [ 131.743162849188622, -22.188539768676147 ], [ 131.769488266558909, -22.236947534741656 ], [ 131.822351602520769, -22.237024824442468 ], [ 131.84884580857215, -22.188694296022252 ], [ 131.875266586391604, -22.188720419235743 ], [ 131.875240798186411, -22.212901720275543 ], [ 131.928093308383893, -22.212938962600585 ], [ 131.954538371924855, -22.164586527471137 ], [ 132.007369067115945, -22.164593741558296 ], [ 132.007367544530013, -22.140410564409308 ], [ 132.033777434409302, -22.140406668176627 ], [ 132.007364501244922, -22.092041389151895 ], [ 131.954575921508422, -22.067848174222092 ], [ 131.980961587710055, -22.11622534283962 ], [ 131.954557154473463, -22.116219236535464 ], [ 131.95454776513958, -22.140403351533188 ], [ 131.901748301902956, -22.116192021104858 ], [ 131.90168737488051, -22.188741538993764 ], [ 131.875266586391604, -22.188720419235743 ], [ 131.875292363937973, -22.16453818669785 ], [ 131.848877046256632, -22.164512067874877 ], [ 131.849001867989017, -22.067773764523857 ], [ 131.822608381200297, -22.067742663944674 ] ] ] } },
{ "type": "Feature", "properties": { "species_id": "dusky-grasswren", "species_name": "Dusky Grasswren", "suitability": 0.55 }, "geometry": { "type": "Polygon", "coordinates": [ [ [ 132.430101904874476, -22.188113208932702 ], [ 132.456711201792416, -22.23639069799809 ], [ 132.483142579882411, -22.23630171214246 ], [ 132.482942846812477, -22.187940300526236 ], [ 132.430101904874476, -22.188113208932702 ] ] ] } },
{ "type": "Feature", "properties": { "species_id": "dusky-grasswren", "species_name": "Dusky Grasswren", "suitability": 0.75 }, "geometry": { "type": "Polygon", "coordinates": [ [ [ 131.056043531870671, -22.209764798380135 ], [ 131.055848338735899, -22.23394464320328 ], [ 131.082278670996715, -22.234120925809886 ], [ 131.082468400327656, -22.209941051294251 ], [ 131.056043531870671, -22.209764798380135 ] ] ] } },
{ "type": "Feature", "properties": { "species_id": "dusky-grasswren", "species_name": "Dusky Grasswren", "suitability": 0.65 }, "geometry": { "type": "Polygon", "coordinates": [ [ [ 131.056238644315442, -22.185584025136716 ], [ 131.056043531870671, -22.209764798380135 ], [ 130.976769420165567, -22.209206015896079 ], [ 130.949910702905783, -22.257368257670056 ], [ 130.976346164166443, -22.257564592517443 ], [ 130.976557835925604, -22.233385766585986 ], [ 131.002987918938317, -22.23357706357211 ], [ 131.002781713088098, -22.257755921767242 ], [ 131.029217347407467, -22.257942245399509 ], [ 131.029418087295738, -22.233763355784337 ], [ 131.055848338735899, -22.23394464320328 ], [ 131.055653064861076, -22.258123563394616 ], [ 131.10852474011736, -22.258471182397862 ], [ 131.109077536599898, -22.185931468513449 ], [ 131.056238644315442, -22.185584025136716 ] ], [ [ 131.056043531870671, -22.209764798380135 ], [ 131.082468400327656, -22.209941051294251 ], [ 131.082278670996715, -22.234120925809886 ], [ 131.055848338735899, -22.23394464320328 ], [ 131.056043531870671, -22.209764798380135 ] ] ] } },
{ "type": "Feature", "properties": { "species_id": "dusky-grasswren", "species_name": "Dusky Grasswren", "suitability": 0.55 }, "geometry": { "type": "Polygon", "coordinates": [ [ [ 131.108893347294583, -22.210112300220338 ], [ 131.10852474011736, -22.258471182397862 ], [ 131.134960693393026, -22.258637483369693 ], [ 131.135318370510674, -22.210278545140476 ], [ 131.108893347294583, -22.210112300220338 ] ] ] } },
{ "type": "Feature", "properties": { "species_id": "dusky-grasswren", "species_name": "Dusky Grasswren", "suitability": 0.55 }, "geometry": { "type": "Polygon", "coordinates": [ [ [ 134.253371454215653, -22.194761736334375 ], [ 134.253837330997442, -22.218939054763201 ], [ 134.307160955666376, -22.242251733988553 ], [ 134.30668396280754, -22.218075489110181 ], [ 134.253371454215653, -22.194761736334375 ] ] ] } },
{ "type": "Feature", "properties": { "species_id": "dusky-grasswren", "species_name": "Dusky Grasswren", "suitability": 0.55 }, "geometry": { "type": "Polygon", "coordinates": [ [ [ 131.029418087295738, -22.233763355784337 ], [ 131.029217347407467, -22.257942245399509 ], [ 131.055653064861076, -22.258123563394616 ], [ 131.055848338735899, -22.23394464320328 ], [ 131.029418087295738, -22.233763355784337 ] ] ] } },
{ "type": "Feature", "properties": { "species_id": "dusky-grasswren", "species_name": "Dusky Grasswren", "suitability": 0.85 }, "geometry": { "type": "Polygon", "coordinates": [ [ [ 134.30668396280754, -22.218075489110181 ], [ 134.307160955666376, -22.242251733988553 ], [ 134.333589438178819, -22.241812372386967 ], [ 134.333106983792732, -22.217636201531697 ], [ 134.30668396280754, -22.218075489110181 ] ] ] } },
{ "type": "Feature", "properties": { "species_id": "dusky-grasswren", "species_name": "Dusky Grasswren", "suitability": 0.65 }, "geometry": { "type": "Polygon", "coordinates": [ [ [ 134.279789408160099, -22.194332527350461 ], [ 134.280260744456314, -22.218509773535789 ], [ 134.333106983792732, -22.217636201531697 ], [ 134.307638145816668, -22.266427054429812 ], [ 134.360017720943063, -22.24136800683716 ], [ 134.33262472883186, -22.19345910235371 ], [ 134.279789408160099, -22.194332527350461 ] ] ] } },
{ "type": "Feature", "properties": { "species_id": "dusky-grasswren", "species_name": "Dusky Grasswren", "suitability": 0.75 }, "geometry": { "type": "Polygon", "coordinates": [ [ [ 134.333589438178819, -22.241812372386967 ], [ 134.334072092113814, -22.265987618705608 ], [ 134.360505838538813, -22.265543178191006 ], [ 134.360017720943063, -22.24136800683716 ], [ 134.333589438178819, -22.241812372386967 ] ] ] } },
{ "type": "Feature", "properties": { "species_id": "dusky-grasswren", "species_name": "Dusky Grasswren", "suitability": 0.55 }, "geometry": { "type": "Polygon", "coordinates": [ [ [ 130.659681463356577, -22.206520539870453 ], [ 130.659127061938648, -22.254878211169284 ], [ 130.632692829134442, -22.254621810905892 ], [ 130.632409989053571, -22.278799219006672 ], [ 130.685561409560336, -22.255129606116519 ], [ 130.71146288386845, -22.303730148906041 ], [ 130.737908391724204, -22.303971614705596 ], [ 130.712528414877397, -22.207018156677471 ], [ 130.659681463356577, -22.206520539870453 ] ] ] } },
{ "type": "Feature", "properties": { "species_id": "dusky-grasswren", "species_name": "Dusky Grasswren", "suitability": 0.55 }, "geometry": { "type": "Polygon", "coordinates": [ [ [ 132.509679311799886, -22.260387023139373 ], [ 132.509784750594406, -22.284565404721111 ], [ 132.483342478229076, -22.284659427366691 ], [ 132.483442489445338, -22.308836908306716 ], [ 132.536337932895407, -22.308643823635528 ], [ 132.53611607156634, -22.260288010476522 ], [ 132.509679311799886, -22.260387023139373 ] ] ] } },
{ "type": "Feature", "properties": { "species_id": "dusky-grasswren", "species_name": "Dusky Grasswren", "suitability": 0.55 }, "geometry": { "type": "Polygon", "coordinates": [ [ [ 134.334072092113814, -22.265987618705608 ], [ 134.334554945721493, -22.29016194427512 ], [ 134.387433168152, -22.289267907527492 ], [ 134.386939382830661, -22.265093732932453 ], [ 134.334072092113814, -22.265987618705608 ] ] ] } },
{ "type": "Feature", "properties": { "species_id": "dusky-grasswren", "species_name": "Dusky Grasswren", "suitability": 0.55 }, "geometry": { "type": "Polygon", "coordinates": [ [ [ 130.552792235034303, -22.302176206807641 ], [ 130.552492745616689, -22.326351647715519 ], [ 130.578943028572013, -22.326623201409951 ], [ 130.579237046333958, -22.302447714558532 ], [ 130.552792235034303, -22.302176206807641 ] ] ] } },
{ "type": "Feature", "properties": { "species_id": "dusky-grasswren", "species_name": "Dusky Grasswren", "suitability": 0.55 }, "geometry": { "type": "Polygon", "coordinates": [ [ [ 131.028815618425284, -22.30629726576872 ], [ 131.028614629228287, -22.330473404104328 ], [ 131.107971257225614, -22.331002609413172 ], [ 131.108155827869467, -22.3068263815208 ], [ 131.028815618425284, -22.30629726576872 ] ] ] } },
{ "type": "Feature", "properties": { "species_id": "dusky-grasswren", "species_name": "Dusky Grasswren", "suitability": 0.65 }, "geometry": { "type": "Polygon", "coordinates": [ [ [ 131.663692304979861, -22.260912284363975 ], [ 131.637105184342857, -22.309202101996114 ], [ 131.557761544527438, -22.308973436641118 ], [ 131.557670019304254, -22.333150027966468 ], [ 131.61057669215441, -22.333307505813295 ], [ 131.610496080672704, -22.357483214925633 ], [ 131.716331712445225, -22.357738112073356 ], [ 131.742897128991643, -22.309436882242206 ], [ 131.769345175915078, -22.309483058172596 ], [ 131.743003483021567, -22.261080801122574 ], [ 131.663692304979861, -22.260912284363975 ] ], [ [ 131.663622731642988, -22.285090754654213 ], [ 131.716507763508105, -22.285208124937753 ], [ 131.716390420423153, -22.333562359767893 ], [ 131.637030079803026, -22.33337873203034 ], [ 131.663622731642988, -22.285090754654213 ] ] ] } },
{ "type": "Feature", "properties": { "species_id": "dusky-grasswren", "species_name": "Dusky Grasswren", "suitability": 0.55 }, "geometry": { "type": "Polygon", "coordinates": [ [ [ 131.980926125892353, -22.333848899066439 ], [ 131.980922177534012, -22.3580246999359 ], [ 132.00738127049641, -22.35802580716339 ], [ 132.007379742863947, -22.333850006106264 ], [ 131.980926125892353, -22.333848899066439 ] ] ] } },
{ "type": "Feature", "properties": { "species_id": "dusky-grasswren", "species_name": "Dusky Grasswren", "suitability": 0.65 }, "geometry": { "type": "Polygon", "coordinates": [ [ [ 132.404182651190297, -22.33326558921317 ], [ 132.404266317848538, -22.357441291221473 ], [ 132.43072512830264, -22.357362248721312 ], [ 132.430635985828957, -22.333186560106824 ], [ 132.404182651190297, -22.33326558921317 ] ] ] } },
{ "type": "Feature", "properties": { "species_id": "dusky-grasswren", "species_name": "Dusky Grasswren", "suitability": 0.55 }, "geometry": { "type": "Polygon", "coordinates": [ [ [ 134.652909200115033, -22.332841386517448 ], [ 134.653458317326795, -22.357012012286845 ], [ 134.679911359802446, -22.356507176658145 ], [ 134.679356771488244, -22.332336636412911 ], [ 134.652909200115033, -22.332841386517448 ] ] ] } },
{ "type": "Feature", "properties": { "species_id": "dusky-grasswren", "species_name": "Dusky Grasswren", "suitability": 0.55 }, "geometry": { "type": "Polygon", "coordinates": [ [ [ 131.427064070910035, -21.994113103159226 ], [ 131.426945815477666, -22.018301774934574 ], [ 131.374181707963885, -22.01807467577969 ], [ 131.373923260971537, -22.066449072539985 ], [ 131.400316183943687, -22.06656515961312 ], [ 131.400192331146428, -22.090750949433112 ], [ 131.37379395741047, -22.090634842939199 ], [ 131.373535189993135, -22.139003546688777 ], [ 131.347125961513029, -22.138882399640565 ], [ 131.346856062911201, -22.18724730518182 ], [ 131.320435973060967, -22.187121114126512 ], [ 131.32029547809222, -22.211302146021339 ], [ 131.214593875046262, -22.210747255694113 ], [ 131.214756217516623, -22.186566317159603 ], [ 131.161916733691925, -22.186258899233259 ], [ 131.161743467715183, -22.21043978603733 ], [ 131.188168636647333, -22.210596022893956 ], [ 131.187832819921624, -22.258955068166419 ], [ 131.24054814924682, -22.283430819999808 ], [ 131.240076532832376, -22.355959904416206 ], [ 131.266534722003598, -22.356101272294172 ], [ 131.266382864038349, -22.380275841856193 ], [ 131.319310384374916, -22.380543595488913 ], [ 131.319451286830542, -22.356368980505696 ], [ 131.372368085173946, -22.356616651898012 ], [ 131.372238138372978, -22.380791308903557 ], [ 131.39870209731788, -22.380907650496091 ], [ 131.398826566240615, -22.356732973754063 ], [ 131.478202309786354, -22.357051883816204 ], [ 131.478094274684878, -22.381226614668776 ], [ 131.50455842641469, -22.381322915820601 ], [ 131.557761544527438, -22.308973436641118 ], [ 131.716390420423153, -22.333562359767893 ], [ 131.716331712445225, -22.357738112073356 ], [ 131.610496080672704, -22.357483214925633 ], [ 131.61057669215441, -22.333307505813295 ], [ 131.584123337898745, -22.333231271122649 ], [ 131.610415435810665, -22.381658018965215 ], [ 131.663344150199464, -22.38179550953787 ], [ 131.663274432725075, -22.405969435656246 ], [ 131.716214223542949, -22.406086905434634 ], [ 131.716331712445225, -22.357738112073356 ], [ 131.742790686899468, -22.357789313002748 ], [ 131.742843918960176, -22.333613552021006 ], [ 131.769297439548438, -22.3336597357684 ], [ 131.769201907513491, -22.382010368393836 ], [ 131.822130914099944, -22.382087736586342 ], [ 131.822167733572712, -22.357912859644156 ], [ 131.90154491754592, -22.357991321980045 ], [ 131.901606021210767, -22.285461206293277 ], [ 131.848720728588489, -22.28541393145435 ], [ 131.848752017987294, -22.261235406592363 ], [ 131.795877715540655, -22.261168115807667 ], [ 131.742843918960176, -22.333613552021006 ], [ 131.716390420423153, -22.333562359767893 ], [ 131.716507763508105, -22.285208124937753 ], [ 131.663622731642988, -22.285090754654213 ], [ 131.663761849542851, -22.236732893862786 ], [ 131.690193416276543, -22.236794061754136 ], [ 131.716742158616086, -22.188488628236748 ], [ 131.611059661217354, -22.188234032227623 ], [ 131.611140039616089, -22.164051881435697 ], [ 131.584724952783688, -22.163975736703261 ], [ 131.584982255225214, -22.091423695111786 ], [ 131.505786315748651, -22.091165375592816 ], [ 131.505684224148581, -22.115350287909362 ], [ 131.479280205923288, -22.115254165266364 ], [ 131.479817485737641, -21.994320177887825 ], [ 131.427064070910035, -21.994113103159226 ] ], [ [ 131.426235256473802, -22.163413814948786 ], [ 131.531894887897295, -22.163808439579057 ], [ 131.558127266973941, -22.212257906475539 ], [ 131.637405291952291, -22.212486417513293 ], [ 131.63725530021901, -22.260846100205868 ], [ 131.505070787696724, -22.260440090450363 ], [ 131.504968400234844, -22.284618480994183 ], [ 131.452083938240179, -22.284421002391387 ], [ 131.45197056603493, -22.308598443018461 ], [ 131.399075349560519, -22.308380900746734 ], [ 131.39919966402158, -22.284203496894982 ], [ 131.425641776526192, -22.28431475299935 ], [ 131.425760570714345, -22.260136413740796 ], [ 131.399323927059328, -22.260025176422086 ], [ 131.399448138705651, -22.235845935537316 ], [ 131.425879315772733, -22.235957154095523 ], [ 131.426235256473802, -22.163413814948786 ] ], [ [ 131.346315595701753, -22.283965964596426 ], [ 131.372757602991669, -22.28408723408997 ], [ 131.372627817449938, -22.308264618284415 ], [ 131.346180339112692, -22.308143328287159 ], [ 131.346315595701753, -22.283965964596426 ] ], [ [ 131.63718025780841, -22.28502455931849 ], [ 131.663622731642988, -22.285090754654213 ], [ 131.663553129514412, -22.309268308524473 ], [ 131.637105184342857, -22.309202101996114 ], [ 131.63718025780841, -22.28502455931849 ] ], [ [ 131.372627817449938, -22.308264618284415 ], [ 131.399075349560519, -22.308380900746734 ], [ 131.39895098364417, -22.332557391768848 ], [ 131.372497978188477, -22.332441089622865 ], [ 131.372627817449938, -22.308264618284415 ] ], [ [ 131.478418245865271, -22.308699702805004 ], [ 131.531313737378326, -22.308887199626177 ], [ 131.531216738639245, -22.333063776353324 ], [ 131.478310300170563, -22.332876247792861 ], [ 131.478418245865271, -22.308699702805004 ] ], [ [ 131.769345175915078, -22.309483058172596 ], [ 131.795793242609136, -22.309524226440107 ], [ 131.795750979919575, -22.333700911005074 ], [ 131.769297439548438, -22.3336597357684 ], [ 131.769345175915078, -22.309483058172596 ] ] ] } },
{ "type": "Feature", "properties": { "species_id": "dusky-grasswren", "species_name": "Dusky Grasswren", "suitability": 0.65 }, "geometry": { "type": "Polygon", "coordinates": [ [ [ 132.298430751929232, -22.357707367967517 ], [ 132.298554355062407, -22.40605615088835 ], [ 132.351421340244741, -22.381759169460015 ], [ 132.351348595170009, -22.357584348260261 ], [ 132.298430751929232, -22.357707367967517 ] ] ] } },
{ "type": "Feature", "properties": { "species_id": "dusky-grasswren", "species_name": "Dusky Grasswren", "suitability": 0.65 }, "geometry": { "type": "Polygon", "coordinates": [ [ [ 132.430814307689104, -22.381537032235496 ], [ 132.430903524011399, -22.405710914444303 ], [ 132.483842948529286, -22.405537742738062 ], [ 132.483742771574015, -22.381363889941902 ], [ 132.430814307689104, -22.381537032235496 ] ] ] } },
{ "type": "Feature", "properties": { "species_id": "dusky-grasswren", "species_name": "Dusky Grasswren", "suitability": 0.55 }, "geometry": { "type": "Polygon", "coordinates": [ [ [ 135.367603171484433, -22.341623976669656 ], [ 135.368300242693493, -22.365791086288997 ], [ 135.394751754153248, -22.365150959493281 ], [ 135.394049213925143, -22.340983958349177 ], [ 135.367603171484433, -22.341623976669656 ] ] ] } },
{ "type": "Feature", "properties": { "species_id": "dusky-grasswren", "species_name": "Dusky Grasswren", "suitability": 0.55 }, "geometry": { "type": "Polygon", "coordinates": [ [ [ 132.112913757439998, -22.04362286230009 ], [ 132.139359354077129, -22.091971913489989 ], [ 132.192157227684646, -22.091909122531963 ], [ 132.192196922670121, -22.116094159426822 ], [ 132.245056259912332, -22.140195434374519 ], [ 132.245157567864453, -22.188560781110759 ], [ 132.192316106087588, -22.1886436280144 ], [ 132.165826795358782, -22.140312160337892 ], [ 132.139416942485752, -22.140341065456628 ], [ 132.13944575454201, -22.164524230936696 ], [ 132.086615099530547, -22.164567043038907 ], [ 132.086633003209471, -22.188749280427579 ], [ 132.007370590331334, -22.188775983434962 ], [ 132.007373638651984, -22.237137676519286 ], [ 132.033805373676699, -22.237133777664603 ], [ 132.033833359202703, -22.333846104615432 ], [ 132.060286972640228, -22.333837194594345 ], [ 132.060274498193252, -22.309660486962297 ], [ 132.113170759857042, -22.309627646893034 ], [ 132.113147347667024, -22.285450032273573 ], [ 132.192475247433748, -22.285363229268707 ], [ 132.219008465307951, -22.333678555421869 ], [ 132.271971790772341, -22.357761363805228 ], [ 132.272140792537584, -22.430283217665355 ], [ 132.325091571877721, -22.430170159044263 ], [ 132.325024249208298, -22.40599712566706 ], [ 132.298554355062407, -22.40605615088835 ], [ 132.298368988733898, -22.33353162087171 ], [ 132.271915503485957, -22.333585607559616 ], [ 132.271746781330592, -22.261052870831499 ], [ 132.218872571550463, -22.261145771560809 ], [ 132.218917850727678, -22.285324281284289 ], [ 132.192475247433748, -22.285363229268707 ], [ 132.192435437410609, -22.261184712968404 ], [ 132.11312394516176, -22.261271501315569 ], [ 132.113100552335283, -22.237092050228068 ], [ 132.139532262206984, -22.237068130796583 ], [ 132.139503414395222, -22.212887759819377 ], [ 132.165929647671078, -22.212858840121463 ], [ 132.165963960133496, -22.237039206225838 ], [ 132.245258959613949, -22.236922401711116 ], [ 132.271466042551168, -22.14014652219787 ], [ 132.324285535967505, -22.140033692591143 ], [ 132.324352552932652, -22.164216806463564 ], [ 132.350767716982517, -22.164152878313676 ], [ 132.350622797421892, -22.115785732874112 ], [ 132.324218546690389, -22.115849639575398 ], [ 132.297691277040286, -22.067537587057306 ], [ 132.218511011310966, -22.067684249870116 ], [ 132.218465900254557, -22.043497322376638 ], [ 132.192077886883283, -22.043536204989259 ], [ 132.192117549092416, -22.067723138980373 ], [ 132.139330577709956, -22.067785919434812 ], [ 132.139301813224421, -22.043598974954229 ], [ 132.112913757439998, -22.04362286230009 ] ] ] } },
{ "type": "Feature", "properties": { "species_id": "dusky-grasswren", "species_name": "Dusky Grasswren", "suitability": 0.55 }, "geometry": { "type": "Polygon", "coordinates": [ [ [ 132.324822448396617, -22.333472625686614 ], [ 132.351421340244741, -22.381759169460015 ], [ 132.404266317848538, -22.357441291221473 ], [ 132.40435001915219, -22.381616088147453 ], [ 132.483742771574015, -22.381363889941902 ], [ 132.483943166983721, -22.429710697985414 ], [ 132.510418300616777, -22.429616579634967 ], [ 132.510206942379796, -22.381269803578562 ], [ 132.483742771574015, -22.381363889941902 ], [ 132.457089283540881, -22.333102522539672 ], [ 132.430635985828957, -22.333186560106824 ], [ 132.43072512830264, -22.357362248721312 ], [ 132.404266317848538, -22.357441291221473 ], [ 132.404182651190297, -22.33326558921317 ], [ 132.377729281893153, -22.333339609850341 ], [ 132.377807472714437, -22.357515324403728 ], [ 132.324822448396617, -22.333472625686614 ] ] ] } },
{ "type": "Feature", "properties": { "species_id": "dusky-grasswren", "species_name": "Dusky Grasswren", "suitability": 0.55 }, "geometry": { "type": "Polygon", "coordinates": [ [ [ 130.765886073216791, -22.159134042974802 ], [ 130.765630992849879, -22.183315367224811 ], [ 130.739212703683677, -22.183079107789254 ], [ 130.738691302529872, -22.231438882363573 ], [ 130.817979256754427, -22.232132885576171 ], [ 130.81773479073226, -22.256311500208316 ], [ 130.791299902965648, -22.256085132225977 ], [ 130.790799729659568, -22.304439525028645 ], [ 130.764354007743123, -22.304208073421403 ], [ 130.764098293608669, -22.328383858171904 ], [ 130.737647205434399, -22.328147359439292 ], [ 130.73712450842055, -22.376496122586026 ], [ 130.710662577504564, -22.376254534031244 ], [ 130.68474535604409, -22.327659338207933 ], [ 130.63184395771151, -22.327151285460168 ], [ 130.630710488269642, -22.423844525548905 ], [ 130.604238054035818, -22.423582809827248 ], [ 130.603948910033523, -22.447753828096531 ], [ 130.763074377837825, -22.425077935266572 ], [ 130.73712450842055, -22.376496122586026 ], [ 130.81651094227783, -22.377190830385615 ], [ 130.870371236268113, -22.280926987036633 ], [ 130.923252636061278, -22.281344755059145 ], [ 130.950127840519571, -22.233189464846049 ], [ 131.002781713088098, -22.257755921767242 ], [ 130.976769420165567, -22.209206015896079 ], [ 130.950344888354465, -22.209009747219124 ], [ 130.950127840519571, -22.233189464846049 ], [ 130.897268121575081, -22.232781847187351 ], [ 130.845125188923674, -22.159812689790932 ], [ 130.765886073216791, -22.159134042974802 ] ] ] } },
{ "type": "Feature", "properties": { "species_id": "dusky-grasswren", "species_name": "Dusky Grasswren", "suitability": 0.55 }, "geometry": { "type": "Polygon", "coordinates": [ [ [ 130.36599181241985, -22.42100186800673 ], [ 130.365653323658336, -22.445172446999113 ], [ 130.392130079749336, -22.445479314641744 ], [ 130.392463086089862, -22.421308683432667 ], [ 130.36599181241985, -22.42100186800673 ] ] ] } },
{ "type": "Feature", "properties": { "species_id": "dusky-grasswren", "species_name": "Dusky Grasswren", "suitability": 0.55 }, "geometry": { "type": "Polygon", "coordinates": [ [ [ 132.37609471850817, -21.825433824168641 ], [ 132.402599538813746, -21.873750245696051 ], [ 132.45529894850074, -21.873587697115745 ], [ 132.455392826940653, -21.897781288426291 ], [ 132.481747907754567, -21.897692510610753 ], [ 132.482046087811966, -21.970267393215604 ], [ 132.508417439858817, -21.970173575302887 ], [ 132.508522357154675, -21.994363250740747 ], [ 132.561275812739609, -21.994160593673659 ], [ 132.614409444667956, -22.066501006691109 ], [ 132.719980681203367, -22.065995506947068 ], [ 132.720426955830931, -22.13854975315444 ], [ 132.667608734002954, -22.1388126332753 ], [ 132.667470824661734, -22.114628784989502 ], [ 132.614663285075352, -22.114871617933719 ], [ 132.588016498789642, -22.066614883839826 ], [ 132.535230458708526, -22.066827640708269 ], [ 132.535119962784762, -22.042640856334494 ], [ 132.508732321704002, -22.042739719511911 ], [ 132.508837369011189, -22.066926520405893 ], [ 132.588259435389176, -22.114985533210522 ], [ 132.562087759982774, -22.163461361106378 ], [ 132.588502572806789, -22.163352410089722 ], [ 132.615171595643488, -22.211601552916719 ], [ 132.668022804164849, -22.211358556761272 ], [ 132.668160941716138, -22.235538670087855 ], [ 132.694591925571245, -22.235409644064845 ], [ 132.721619730682306, -22.331986683729138 ], [ 132.774525150173076, -22.331703415536072 ], [ 132.774685475647345, -22.355878852798526 ], [ 132.801143562274518, -22.355729680962341 ], [ 132.775006325798643, -22.404227014806526 ], [ 132.669129506511979, -22.404773796071531 ], [ 132.668990968227746, -22.380600073025736 ], [ 132.589599182998228, -22.380957483743074 ], [ 132.589721280898772, -22.405131267501872 ], [ 132.616190743096524, -22.40501712129149 ], [ 132.589965628470367, -22.453476145892672 ], [ 132.642926434165787, -22.453242763126482 ], [ 132.643059657818242, -22.477413825569478 ], [ 132.722516906963847, -22.477026090647296 ], [ 132.7223672226948, -22.452855094287319 ], [ 132.775327441828722, -22.452571585427886 ], [ 132.775006325798643, -22.404227014806526 ], [ 132.801475369960599, -22.404077792318539 ], [ 132.801641376891638, -22.428250499277496 ], [ 132.828115834374159, -22.42809623972288 ], [ 132.828459025698407, -22.476438922623455 ], [ 132.881429666893553, -22.476115258263448 ], [ 132.881247062471459, -22.451944417134193 ], [ 132.854767265201247, -22.452108727988946 ], [ 132.854413249587822, -22.403764314844992 ], [ 132.827944345314364, -22.403923558992581 ], [ 132.82760158017885, -22.355575499988547 ], [ 132.880699702874551, -22.379426536185736 ], [ 132.880517400742207, -22.355252110693918 ], [ 132.986348117349678, -22.354545223204507 ], [ 132.986143990219659, -22.330370011898943 ], [ 133.012595988541449, -22.330180799509211 ], [ 133.012805590656882, -22.354355978752441 ], [ 133.092177480247216, -22.353758191522108 ], [ 133.09240360057899, -22.377932363570096 ], [ 133.171791077929043, -22.377289386918779 ], [ 133.171306075847667, -22.328940354870106 ], [ 133.144854632470128, -22.329159615809733 ], [ 133.144617754325878, -22.304983699793347 ], [ 133.091725520293181, -22.305407125876464 ], [ 133.091499680554762, -22.281230224693473 ], [ 133.011758446895385, -22.233470948855242 ], [ 133.011549277919016, -22.209291183818035 ], [ 132.958501719305247, -22.185483528988318 ], [ 132.958303641576094, -22.161301840424915 ], [ 132.905475756118676, -22.161654807366975 ], [ 132.905288674297424, -22.137472123544221 ], [ 132.825721433376998, -22.089595618589048 ], [ 132.825380505916712, -22.041223474474599 ], [ 132.798993490901296, -22.041377318563637 ], [ 132.798828578700494, -22.017189790612701 ], [ 132.719683471820133, -22.017621261636435 ], [ 132.693015565197356, -21.969376967062892 ], [ 132.640273505248814, -21.969629548384251 ], [ 132.640141433390284, -21.945438997668131 ], [ 132.560812895204293, -21.897396217050424 ], [ 132.560697285106215, -21.873202689543785 ], [ 132.508102947565192, -21.897598739436486 ], [ 132.507893502096749, -21.849210636463706 ], [ 132.455205108758435, -21.849393124999626 ], [ 132.455111307689833, -21.825197568303651 ], [ 132.37609471850817, -21.825433824168641 ] ], [ [ 132.773404727236567, -22.162449683928493 ], [ 132.826233352969012, -22.162146740382536 ], [ 132.826404133914878, -22.186328570949517 ], [ 132.852823801399182, -22.18616956890088 ], [ 132.853176500848832, -22.234530384157726 ], [ 132.773564589152585, -22.186631565413222 ], [ 132.773404727236567, -22.162449683928493 ] ], [ [ 132.879970946888704, -22.282723385568332 ], [ 132.932853627942649, -22.282380134250175 ], [ 132.93323974218049, -22.330733412165735 ], [ 132.906787496998419, -22.330907600004672 ], [ 132.879970946888704, -22.282723385568332 ] ] ] } },
{ "type": "Feature", "properties": { "species_id": "dusky-grasswren", "species_name": "Dusky Grasswren", "suitability": 0.55 }, "geometry": { "type": "Polygon", "coordinates": [ [ [ 134.70692446358575, -22.380166880276708 ], [ 134.681576502900185, -22.429013370612299 ], [ 134.735081216054226, -22.452154915206663 ], [ 134.734514748598741, -22.427988154692017 ], [ 134.760983520391676, -22.427468031769344 ], [ 134.759840336354415, -22.379131996117835 ], [ 134.70692446358575, -22.380166880276708 ] ] ] } },
{ "type": "Feature", "properties": { "species_id": "dusky-grasswren", "species_name": "Dusky Grasswren", "suitability": 0.55 }, "geometry": { "type": "Polygon", "coordinates": [ [ [ 131.848501339783894, -22.454638160195078 ], [ 131.84846994657039, -22.478809460513343 ], [ 131.874956422551008, -22.478835636875367 ], [ 131.874982328441007, -22.45466433209533 ], [ 131.848501339783894, -22.454638160195078 ] ] ] } },
{ "type": "Feature", "properties": { "species_id": "dusky-grasswren", "species_name": "Dusky Grasswren", "suitability": 0.55 }, "geometry": { "type": "Polygon", "coordinates": [ [ [ 130.391463653018747, -22.493817905255874 ], [ 130.390796673649874, -22.542152958787018 ], [ 130.417295520618865, -22.542455020768976 ], [ 130.417951519063791, -22.494119864026736 ], [ 130.391463653018747, -22.493817905255874 ] ] ] } },
{ "type": "Feature", "properties": { "species_id": "dusky-grasswren", "species_name": "Dusky Grasswren", "suitability": 0.55 }, "geometry": { "type": "Polygon", "coordinates": [ [ [ 134.336972213191586, -22.411019893511078 ], [ 134.339394491111051, -22.531855392704156 ], [ 134.365888487191825, -22.531410120913439 ], [ 134.366869788769037, -22.579737988406173 ], [ 134.393374565070729, -22.579287548360877 ], [ 134.417873429175813, -22.482173460380128 ], [ 134.364907998877612, -22.483078736934637 ], [ 134.363438789064361, -22.41057500109013 ], [ 134.336972213191586, -22.411019893511078 ] ] ] } },
{ "type": "Feature", "properties": { "species_id": "dusky-grasswren", "species_name": "Dusky Grasswren", "suitability": 0.55 }, "geometry": { "type": "Polygon", "coordinates": [ [ [ 133.146277962756926, -22.474196138732072 ], [ 133.146753192954179, -22.522534509600398 ], [ 133.199743700113515, -22.522090375673432 ], [ 133.200490255039341, -22.594591117548163 ], [ 133.280024690112043, -22.59388694408586 ], [ 133.279493907424978, -22.545554231852517 ], [ 133.305994176531982, -22.545309556559491 ], [ 133.278963564735818, -22.497218016043966 ], [ 133.173005342118842, -22.498146243736063 ], [ 133.17276228800398, -22.473976654135711 ], [ 133.146277962756926, -22.474196138732072 ] ], [ [ 133.226238800024134, -22.521860786488116 ], [ 133.252733794450762, -22.521626182520667 ], [ 133.252993528208663, -22.545793891556791 ], [ 133.226493041162854, -22.546028535646823 ], [ 133.226238800024134, -22.521860786488116 ] ] ] } },
{ "type": "Feature", "properties": { "species_id": "dusky-grasswren", "species_name": "Dusky Grasswren", "suitability": 0.65 }, "geometry": { "type": "Polygon", "coordinates": [ [ [ 132.880517400742207, -22.355252110693918 ], [ 132.88088208050894, -22.403600059892558 ], [ 132.854413249587822, -22.403764314844992 ], [ 132.854767265201247, -22.452108727988946 ], [ 132.881247062471459, -22.451944417134193 ], [ 132.881429666893553, -22.476115258263448 ], [ 132.828459025698407, -22.476438922623455 ], [ 132.828115834374159, -22.42809623972288 ], [ 132.775006325798643, -22.404227014806526 ], [ 132.775327441828722, -22.452571585427886 ], [ 132.669545465846682, -22.47728959406189 ], [ 132.669961942654311, -22.549797415099157 ], [ 132.616957322463321, -22.550040989440618 ], [ 132.61708527116437, -22.574208549914221 ], [ 132.670100883417803, -22.573964933858196 ], [ 132.670239881821431, -22.598131581495291 ], [ 132.696753100800606, -22.598002225935861 ], [ 132.696608604138959, -22.573835600474041 ], [ 132.723116264880247, -22.573701250203911 ], [ 132.722816461676814, -22.52536542800059 ], [ 132.775809615119869, -22.525081773966907 ], [ 132.802638864403292, -22.573268098224258 ], [ 132.829146262403782, -22.573113680559299 ], [ 132.802306092866274, -22.524932424255169 ], [ 132.855298839012733, -22.524618679521172 ], [ 132.855476177236881, -22.548786900381391 ], [ 132.908479615831368, -22.548453038248731 ], [ 132.908668018935629, -22.572620326779692 ], [ 133.041202684676307, -22.571697735616389 ], [ 133.040986804130455, -22.547530605044429 ], [ 132.908479615831368, -22.548453038248731 ], [ 132.908291290836559, -22.524284874485474 ], [ 132.987779376833572, -22.523746554179247 ], [ 132.987574656941774, -22.499577603335609 ], [ 133.040555311482507, -22.499193713769905 ], [ 133.040771013084424, -22.523362599029536 ], [ 133.067266698048996, -22.523163099031372 ], [ 133.093309018961236, -22.474620068473698 ], [ 133.066824404964308, -22.474824513573953 ], [ 133.066603395860483, -22.450653892409239 ], [ 133.013644867550511, -22.451047675843235 ], [ 133.013434917954442, -22.426876096962104 ], [ 132.907726784023225, -22.451775093787226 ], [ 132.88088208050894, -22.403600059892558 ], [ 132.933819513205947, -22.403256517643175 ], [ 132.933432919183531, -22.354908685050994 ], [ 132.880517400742207, -22.355252110693918 ] ], [ [ 132.987165471620131, -22.451237048974651 ], [ 133.013644867550511, -22.451047675843235 ], [ 133.013854904151799, -22.475218364124995 ], [ 132.987370021888239, -22.475407769533913 ], [ 132.987165471620131, -22.451237048974651 ] ], [ [ 132.855121574295879, -22.500449579702828 ], [ 132.908103043902571, -22.500115831687928 ], [ 132.908291290836559, -22.524284874485474 ], [ 132.855298839012733, -22.524618679521172 ], [ 132.855121574295879, -22.500449579702828 ] ] ] } },
{ "type": "Feature", "properties": { "species_id": "dusky-grasswren", "species_name": "Dusky Grasswren", "suitability": 0.75 }, "geometry": { "type": "Polygon", "coordinates": [ [ [ 132.986143990219659, -22.330370011898943 ], [ 132.986348117349678, -22.354545223204507 ], [ 132.933432919183531, -22.354908685050994 ], [ 132.933819513205947, -22.403256517643175 ], [ 132.88088208050894, -22.403600059892558 ], [ 132.880699702874551, -22.379426536185736 ], [ 132.82760158017885, -22.355575499988547 ], [ 132.827944345314364, -22.403923558992581 ], [ 132.88088208050894, -22.403600059892558 ], [ 132.907726784023225, -22.451775093787226 ], [ 133.013434917954442, -22.426876096962104 ], [ 132.987370021888239, -22.475407769533913 ], [ 133.013854904151799, -22.475218364124995 ], [ 133.013644867550511, -22.451047675843235 ], [ 133.066603395860483, -22.450653892409239 ], [ 133.093535608111921, -22.498789767861897 ], [ 133.067045505674827, -22.498994247848156 ], [ 133.067266698048996, -22.523163099031372 ], [ 133.040771013084424, -22.523362599029536 ], [ 133.040555311482507, -22.499193713769905 ], [ 132.987574656941774, -22.499577603335609 ], [ 132.987779376833572, -22.523746554179247 ], [ 132.908291290836559, -22.524284874485474 ], [ 132.908103043902571, -22.500115831687928 ], [ 132.855121574295879, -22.500449579702828 ], [ 132.855298839012733, -22.524618679521172 ], [ 132.908291290836559, -22.524284874485474 ], [ 132.908479615831368, -22.548453038248731 ], [ 133.040986804130455, -22.547530605044429 ], [ 133.094669964115582, -22.619625093769134 ], [ 133.121187448582276, -22.619415420317985 ], [ 133.120954889382205, -22.595250134580201 ], [ 133.173978566841527, -22.594815807305483 ], [ 133.173735109295933, -22.570649728034638 ], [ 133.147228817351362, -22.570869362735181 ], [ 133.146277962756926, -22.474196138732072 ], [ 133.17276228800398, -22.473976654135711 ], [ 133.172519334590106, -22.449806177451631 ], [ 133.146040495330141, -22.450025624647111 ], [ 133.119097883071646, -22.401896282142154 ], [ 133.066161652245341, -22.402309974215122 ], [ 133.092177480247216, -22.353758191522108 ], [ 133.012805590656882, -22.354355978752441 ], [ 133.012595988541449, -22.330180799509211 ], [ 132.986143990219659, -22.330370011898943 ] ] ] } },
{ "type": "Feature", "properties": { "species_id": "dusky-grasswren", "species_name": "Dusky Grasswren", "suitability": 0.55 }, "geometry": { "type": "Polygon", "coordinates": [ [ [ 134.260848668635589, -22.581489590153367 ], [ 134.26131764232187, -22.605652515095461 ], [ 134.287828715818648, -22.605222064710787 ], [ 134.287354246349054, -22.581059213575607 ], [ 134.260848668635589, -22.581489590153367 ] ] ] } },
{ "type": "Feature", "properties": { "species_id": "dusky-grasswren", "species_name": "Dusky Grasswren", "suitability": 0.55 }, "geometry": { "type": "Polygon", "coordinates": [ [ [ 135.421911276649666, -22.388671810917394 ], [ 135.371789930888838, -22.486613111484786 ], [ 135.451225724022919, -22.484676064576998 ], [ 135.450510767699427, -22.46051378011315 ], [ 135.503455524675957, -22.459197585579552 ], [ 135.504907656913929, -22.507520817432763 ], [ 135.558610617265515, -22.530344186520178 ], [ 135.560086505076725, -22.57866166470922 ], [ 135.61233459844513, -22.553146165066103 ], [ 135.640336662720529, -22.600775073216564 ], [ 135.719845596584037, -22.598685923364606 ], [ 135.719074254214064, -22.574529204751201 ], [ 135.772067634435643, -22.57311160913288 ], [ 135.77284995503112, -22.597268084790663 ], [ 135.799351648190708, -22.596551644127892 ], [ 135.771285638115359, -22.548954258723938 ], [ 135.824266747064883, -22.547516855666721 ], [ 135.823474106481683, -22.523358872426869 ], [ 135.796989199408443, -22.524079956892187 ], [ 135.796202369032727, -22.499920967862117 ], [ 135.743242541962047, -22.501347858259411 ], [ 135.715222334379831, -22.453732419354314 ], [ 135.688752576068651, -22.454433098335755 ], [ 135.691046329158183, -22.526914178096451 ], [ 135.638072980650776, -22.528301217652892 ], [ 135.638827228553225, -22.552460045989609 ], [ 135.61233459844513, -22.553146165066103 ], [ 135.6115858360007, -22.528987219410503 ], [ 135.585098380781687, -22.529668209057082 ], [ 135.584355411977953, -22.505508265703252 ], [ 135.610837383815294, -22.50482739236767 ], [ 135.60934140945082, -22.456505078941344 ], [ 135.582870397574027, -22.457185720120222 ], [ 135.582128351591649, -22.433023110304212 ], [ 135.529927452918884, -22.45853197351051 ], [ 135.528465571121615, -22.410205399484575 ], [ 135.476263157754516, -22.435695123087093 ], [ 135.474823776556406, -22.387366302468333 ], [ 135.421911276649666, -22.388671810917394 ] ] ] } },
{ "type": "Feature", "properties": { "species_id": "dusky-grasswren", "species_name": "Dusky Grasswren", "suitability": 0.55 }, "geometry": { "type": "Polygon", "coordinates": [ [ [ 131.689164981862888, -22.623556175971711 ], [ 131.68910047795498, -22.647721309122772 ], [ 131.715625316168371, -22.647777634701072 ], [ 131.715684316870949, -22.623612491870983 ], [ 131.689164981862888, -22.623556175971711 ] ] ] } },
{ "type": "Feature", "properties": { "species_id": "dusky-grasswren", "species_name": "Dusky Grasswren", "suitability": 0.55 }, "geometry": { "type": "Polygon", "coordinates": [ [ [ 134.871018438874813, -22.594482994098822 ], [ 134.871614029027512, -22.618643134577937 ], [ 134.898125488221439, -22.618097216955956 ], [ 134.89752440318631, -22.593937170131369 ], [ 134.871018438874813, -22.594482994098822 ] ] ] } },
{ "type": "Feature", "properties": { "species_id": "dusky-grasswren", "species_name": "Dusky Grasswren", "suitability": 0.55 }, "geometry": { "type": "Polygon", "coordinates": [ [ [ 131.291232401743372, -22.646274075931139 ], [ 131.291085291512786, -22.670438100652166 ], [ 131.344144752661634, -22.670696363433944 ], [ 131.344280852675951, -22.646532294285016 ], [ 131.291232401743372, -22.646274075931139 ] ] ] } },
{ "type": "Feature", "properties": { "species_id": "dusky-grasswren", "species_name": "Dusky Grasswren", "suitability": 0.65 }, "geometry": { "type": "Polygon", "coordinates": [ [ [ 131.264555651505646, -22.670301438764348 ], [ 131.264402972857937, -22.694464584004443 ], [ 131.290938120202384, -22.694601269432635 ], [ 131.291085291512786, -22.670438100652166 ], [ 131.264555651505646, -22.670301438764348 ] ] ] } },
{ "type": "Feature", "properties": { "species_id": "dusky-grasswren", "species_name": "Dusky Grasswren", "suitability": 0.75 }, "geometry": { "type": "Polygon", "coordinates": [ [ [ 131.291085291512786, -22.670438100652166 ], [ 131.290938120202384, -22.694601269432635 ], [ 131.317473328725754, -22.694732933669705 ], [ 131.317614992660737, -22.670569742213345 ], [ 131.291085291512786, -22.670438100652166 ] ] ] } },
{ "type": "Feature", "properties": { "species_id": "dusky-grasswren", "species_name": "Dusky Grasswren", "suitability": 0.55 }, "geometry": { "type": "Polygon", "coordinates": [ [ [ 135.667600635866933, -22.624239792273833 ], [ 135.668361630181579, -22.64839501360283 ], [ 135.72138924131707, -22.646996752500431 ], [ 135.720617258885341, -22.622841771348067 ], [ 135.667600635866933, -22.624239792273833 ] ] ] } },
{ "type": "Feature", "properties": { "species_id": "dusky-grasswren", "species_name": "Dusky Grasswren", "suitability": 0.65 }, "geometry": { "type": "Polygon", "coordinates": [ [ [ 133.278698558219503, -22.473048584795993 ], [ 133.279228681114887, -22.521386563796018 ], [ 133.305723457738139, -22.521141930339631 ], [ 133.305994176531982, -22.545309556559491 ], [ 133.279493907424978, -22.545554231852517 ], [ 133.280024690112043, -22.59388694408586 ], [ 133.200490255039341, -22.594591117548163 ], [ 133.199743700113515, -22.522090375673432 ], [ 133.146753192954179, -22.522534509600398 ], [ 133.147228817351362, -22.570869362735181 ], [ 133.173735109295933, -22.570649728034638 ], [ 133.173978566841527, -22.594815807305483 ], [ 133.120954889382205, -22.595250134580201 ], [ 133.121187448582276, -22.619415420317985 ], [ 133.174222125401741, -22.618981018500769 ], [ 133.174465785039473, -22.643145365425493 ], [ 133.254033541130212, -22.642456007339174 ], [ 133.281087577671798, -22.690541979544349 ], [ 133.334154008634215, -22.690047103840431 ], [ 133.334431023221157, -22.714208635208955 ], [ 133.360969575513735, -22.713953622332038 ], [ 133.360687052612917, -22.689792134922186 ], [ 133.413752786124604, -22.689267135089782 ], [ 133.413459368657215, -22.665104884837838 ], [ 133.360404646980811, -22.665629794278491 ], [ 133.360122358544515, -22.641466596593073 ], [ 133.333600324337311, -22.641721477769341 ], [ 133.332218122042235, -22.520892282177549 ], [ 133.305723457738139, -22.521141930339631 ], [ 133.305182356702062, -22.472804034845577 ], [ 133.278698558219503, -22.473048584795993 ] ] ] } },
{ "type": "Feature", "properties": { "species_id": "dusky-grasswren", "species_name": "Dusky Grasswren", "suitability": 0.55 }, "geometry": { "type": "Polygon", "coordinates": [ [ [ 135.375286855800795, -22.607412946186837 ], [ 135.376687657089491, -22.655726773026657 ], [ 135.350170049632055, -22.656363195871432 ], [ 135.350865387581649, -22.680518925353667 ], [ 135.430433830167573, -22.678594274699062 ], [ 135.429010458439166, -22.630282616647772 ], [ 135.375286855800795, -22.607412946186837 ] ] ] } },
{ "type": "Feature", "properties": { "species_id": "dusky-grasswren", "species_name": "Dusky Grasswren", "suitability": 0.55 }, "geometry": { "type": "Polygon", "coordinates": [ [ [ 131.184797920790089, -22.694024400722704 ], [ 131.184628650107754, -22.718186617890236 ], [ 131.237709637344352, -22.718485146039491 ], [ 131.237867888981583, -22.694322877399827 ], [ 131.184797920790089, -22.694024400722704 ] ] ] } },
{ "type": "Feature", "properties": { "species_id": "dusky-grasswren", "species_name": "Dusky Grasswren", "suitability": 0.55 }, "geometry": { "type": "Polygon", "coordinates": [ [ [ 131.290938120202384, -22.694601269432635 ], [ 131.290790887774165, -22.71876358608159 ], [ 131.317331605959907, -22.718895273024668 ], [ 131.317473328725754, -22.694732933669705 ], [ 131.290938120202384, -22.694601269432635 ] ] ] } },
{ "type": "Feature", "properties": { "species_id": "dusky-grasswren", "species_name": "Dusky Grasswren", "suitability": 0.55 }, "geometry": { "type": "Polygon", "coordinates": [ [ [ 131.3970792984762, -22.695097799095532 ], [ 131.39695410491197, -22.719260201373906 ], [ 131.450036034968036, -22.719478376410411 ], [ 131.450150208900112, -22.695315936512205 ], [ 131.3970792984762, -22.695097799095532 ] ] ] } },
{ "type": "Feature", "properties": { "species_id": "dusky-grasswren", "species_name": "Dusky Grasswren", "suitability": 0.55 }, "geometry": { "type": "Polygon", "coordinates": [ [ [ 133.254293814168619, -22.666619375215561 ], [ 133.254554195264632, -22.690781886276795 ], [ 133.281087577671798, -22.690541979544349 ], [ 133.281353575417427, -22.714703596235104 ], [ 133.334431023221157, -22.714208635208955 ], [ 133.334708152862703, -22.738369317211372 ], [ 133.387796161117876, -22.737854181017624 ], [ 133.38750801034729, -22.713693587915579 ], [ 133.414046325432309, -22.713428531987542 ], [ 133.414339986656245, -22.737589079340335 ], [ 133.520198342498986, -22.712318093737931 ], [ 133.49304053130993, -22.664279872592015 ], [ 133.413459368657215, -22.665104884837838 ], [ 133.413752786124604, -22.689267135089782 ], [ 133.360687052612917, -22.689792134922186 ], [ 133.360969575513735, -22.713953622332038 ], [ 133.254293814168619, -22.666619375215561 ] ] ] } },
{ "type": "Feature", "properties": { "species_id": "dusky-grasswren", "species_name": "Dusky Grasswren", "suitability": 0.55 }, "geometry": { "type": "Polygon", "coordinates": [ [ [ 130.547684001857078, -22.713037463151988 ], [ 130.547382394353633, -22.737197943006628 ], [ 130.573926043065853, -22.737470287212041 ], [ 130.574222140226112, -22.713309760359287 ], [ 130.547684001857078, -22.713037463151988 ] ] ] } },
{ "type": "Feature", "properties": { "species_id": "dusky-grasswren", "species_name": "Dusky Grasswren", "suitability": 0.65 }, "geometry": { "type": "Polygon", "coordinates": [ [ [ 131.476468363142686, -22.743741540008866 ], [ 131.476359608770792, -22.767902304961204 ], [ 131.502911717980083, -22.76799887049674 ], [ 131.503014957884091, -22.74383808885494 ], [ 131.476468363142686, -22.743741540008866 ] ] ] } },
{ "type": "Feature", "properties": { "species_id": "dusky-grasswren", "species_name": "Dusky Grasswren", "suitability": 0.75 }, "geometry": { "type": "Polygon", "coordinates": [ [ [ 131.503014957884091, -22.74383808885494 ], [ 131.502911717980083, -22.76799887049674 ], [ 131.529463870133441, -22.768090412142051 ], [ 131.529561595542816, -22.743929614678834 ], [ 131.503014957884091, -22.74383808885494 ] ] ] } },
{ "type": "Feature", "properties": { "species_id": "dusky-grasswren", "species_name": "Dusky Grasswren", "suitability": 0.55 }, "geometry": { "type": "Polygon", "coordinates": [ [ [ 132.16668781423661, -22.744619310267694 ], [ 132.166722441009256, -22.768780226955798 ], [ 132.272932252624457, -22.768613853493935 ], [ 132.272875567123776, -22.744452965561575 ], [ 132.16668781423661, -22.744619310267694 ] ] ] } },
{ "type": "Feature", "properties": { "species_id": "dusky-grasswren", "species_name": "Dusky Grasswren", "suitability": 0.55 }, "geometry": { "type": "Polygon", "coordinates": [ [ [ 132.405609710834085, -22.744132015252593 ], [ 132.405693969403586, -22.768292847703446 ], [ 132.538454809965742, -22.767846243889107 ], [ 132.538566687529453, -22.79200615862927 ], [ 132.565124241978879, -22.791901748137473 ], [ 132.565006847700374, -22.76774185146337 ], [ 132.618110774442101, -22.767517995036005 ], [ 132.617982400172082, -22.743357296503625 ], [ 132.405609710834085, -22.744132015252593 ] ] ] } },
{ "type": "Feature", "properties": { "species_id": "dusky-grasswren", "species_name": "Dusky Grasswren", "suitability": 0.55 }, "geometry": { "type": "Polygon", "coordinates": [ [ [ 134.263665431890331, -22.726454206119293 ], [ 134.264605913179992, -22.774768917856164 ], [ 134.317704930993472, -22.773901955435115 ], [ 134.316742407466478, -22.725587543221586 ], [ 134.263665431890331, -22.726454206119293 ] ] ] } },
{ "type": "Feature", "properties": { "species_id": "dusky-grasswren", "species_name": "Dusky Grasswren", "suitability": 0.55 }, "geometry": { "type": "Polygon", "coordinates": [ [ [ 134.396356365421298, -22.724249891062716 ], [ 134.396854054552193, -22.748407288526835 ], [ 134.370310763362994, -22.748858271417074 ], [ 134.370803147975465, -22.773014901858023 ], [ 134.423900545799853, -22.772107757507488 ], [ 134.422893940812259, -22.723793965117675 ], [ 134.396356365421298, -22.724249891062716 ] ] ] } },
{ "type": "Feature", "properties": { "species_id": "dusky-grasswren", "species_name": "Dusky Grasswren", "suitability": 0.55 }, "geometry": { "type": "Polygon", "coordinates": [ [ [ 131.502911717980083, -22.76799887049674 ], [ 131.502808435174842, -22.792158811650591 ], [ 131.529366104114359, -22.792250369138213 ], [ 131.529463870133441, -22.768090412142051 ], [ 131.502911717980083, -22.76799887049674 ] ] ] } },
{ "type": "Feature", "properties": { "species_id": "dusky-grasswren", "species_name": "Dusky Grasswren", "suitability": 0.55 }, "geometry": { "type": "Polygon", "coordinates": [ [ [ 131.901197224867332, -22.768844482147397 ], [ 131.901176695864535, -22.793004569647536 ], [ 131.927734733933676, -22.793020754857011 ], [ 131.927749745920352, -22.7688606645562 ], [ 131.901197224867332, -22.768844482147397 ] ] ] } },
{ "type": "Feature", "properties": { "species_id": "dusky-grasswren", "species_name": "Dusky Grasswren", "suitability": 0.55 }, "geometry": { "type": "Polygon", "coordinates": [ [ [ 132.060512398935231, -22.768866216834525 ], [ 132.060524972058971, -22.793026308096284 ], [ 132.113641046758943, -22.792993355415174 ], [ 132.113617439603843, -22.768833269855563 ], [ 132.060512398935231, -22.768866216834525 ] ] ] } },
{ "type": "Feature", "properties": { "species_id": "dusky-grasswren", "species_name": "Dusky Grasswren", "suitability": 0.55 }, "geometry": { "type": "Polygon", "coordinates": [ [ [ 130.493982717649118, -22.760797725012502 ], [ 130.493356812071028, -22.809114277014974 ], [ 130.519916751950234, -22.809396812383333 ], [ 130.520531625709538, -22.761080162596738 ], [ 130.493982717649118, -22.760797725012502 ] ] ] } },
{ "type": "Feature", "properties": { "species_id": "dusky-grasswren", "species_name": "Dusky Grasswren", "suitability": 0.65 }, "geometry": { "type": "Polygon", "coordinates": [ [ [ 131.529463870133441, -22.768090412142051 ], [ 131.529268297460163, -22.81640948948116 ], [ 131.555831526179759, -22.816496037192142 ], [ 131.556016062937175, -22.768176929887098 ], [ 131.529463870133441, -22.768090412142051 ] ] ] } },
{ "type": "Feature", "properties": { "species_id": "dusky-grasswren", "species_name": "Dusky Grasswren", "suitability": 0.55 }, "geometry": { "type": "Polygon", "coordinates": [ [ [ 132.830524161976768, -22.76642161688995 ], [ 132.857431762288257, -22.814580406794075 ], [ 132.910556356710202, -22.814245911550852 ], [ 132.883626837261602, -22.766097284835659 ], [ 132.830524161976768, -22.76642161688995 ] ] ] } },
{ "type": "Feature", "properties": { "species_id": "dusky-grasswren", "species_name": "Dusky Grasswren", "suitability": 0.55 }, "geometry": { "type": "Polygon", "coordinates": [ [ [ 131.954292778248629, -22.793031915213636 ], [ 131.954283279335471, -22.817191170972034 ], [ 132.007410416153533, -22.817198418378169 ], [ 132.007408876434511, -22.793039161364224 ], [ 131.954292778248629, -22.793031915213636 ] ] ] } },
{ "type": "Feature", "properties": { "species_id": "dusky-grasswren", "species_name": "Dusky Grasswren", "suitability": 0.55 }, "geometry": { "type": "Polygon", "coordinates": [ [ [ 133.282152231808226, -22.787183366034792 ], [ 133.282418671886177, -22.811341608582627 ], [ 133.308979508939586, -22.811096469389806 ], [ 133.308707551247664, -22.786938269295565 ], [ 133.282152231808226, -22.787183366034792 ] ] ] } },
{ "type": "Feature", "properties": { "species_id": "dusky-grasswren", "species_name": "Dusky Grasswren", "suitability": 0.65 }, "geometry": { "type": "Polygon", "coordinates": [ [ [ 133.308707551247664, -22.786938269295565 ], [ 133.308979508939586, -22.811096469389806 ], [ 133.362100841266709, -22.810591115834743 ], [ 133.361817848559667, -22.786433003256608 ], [ 133.308707551247664, -22.786938269295565 ] ] ] } },
{ "type": "Feature", "properties": { "species_id": "dusky-grasswren", "species_name": "Dusky Grasswren", "suitability": 0.75 }, "geometry": { "type": "Polygon", "coordinates": [ [ [ 133.361817848559667, -22.786433003256608 ], [ 133.362100841266709, -22.810591115834743 ], [ 133.388661331949692, -22.810330901527141 ], [ 133.388372821844428, -22.786172834011371 ], [ 133.361817848559667, -22.786433003256608 ] ] ] } },
{ "type": "Feature", "properties": { "species_id": "dusky-grasswren", "species_name": "Dusky Grasswren", "suitability": 0.65 }, "geometry": { "type": "Polygon", "coordinates": [ [ [ 133.388372821844428, -22.786172834011371 ], [ 133.388661331949692, -22.810330901527141 ], [ 133.415221702585285, -22.810065662236862 ], [ 133.414927675156662, -22.785907640653022 ], [ 133.388372821844428, -22.786172834011371 ] ] ] } },
{ "type": "Feature", "properties": { "species_id": "dusky-grasswren", "species_name": "Dusky Grasswren", "suitability": 0.55 }, "geometry": { "type": "Polygon", "coordinates": [ [ [ 135.007912617983408, -22.760803296668527 ], [ 135.008537493902764, -22.784956973247855 ], [ 135.061634653014522, -22.783808574018359 ], [ 135.060998757138151, -22.759655096019912 ], [ 135.007912617983408, -22.760803296668527 ] ] ] } },
{ "type": "Feature", "properties": { "species_id": "dusky-grasswren", "species_name": "Dusky Grasswren", "suitability": 0.65 }, "geometry": { "type": "Polygon", "coordinates": [ [ [ 131.927749745920352, -22.7688606645562 ], [ 131.90115615832903, -22.817163820667709 ], [ 131.874592609497228, -22.817142606932141 ], [ 131.874618666336659, -22.792983359587048 ], [ 131.848060647645354, -22.792957124677766 ], [ 131.84802907150879, -22.817116367477212 ], [ 131.901135612255473, -22.8413222390231 ], [ 131.90115615832903, -22.817163820667709 ], [ 131.954283279335471, -22.817191170972034 ], [ 131.954292778248629, -22.793031915213636 ], [ 132.060524972058971, -22.793026308096284 ], [ 132.060512398935231, -22.768866216834525 ], [ 131.927749745920352, -22.7688606645562 ] ] ] } },
{ "type": "Feature", "properties": { "species_id": "dusky-grasswren", "species_name": "Dusky Grasswren", "suitability": 0.55 }, "geometry": { "type": "Polygon", "coordinates": [ [ [ 133.414927675156662, -22.785907640653022 ], [ 133.415221702585285, -22.810065662236862 ], [ 133.468342074533894, -22.809520108823357 ], [ 133.468647263185204, -22.83367720151243 ], [ 133.495212779291137, -22.833396838843537 ], [ 133.468037012688569, -22.785362181711669 ], [ 133.414927675156662, -22.785907640653022 ] ] ] } },
{ "type": "Feature", "properties": { "species_id": "dusky-grasswren", "species_name": "Dusky Grasswren", "suitability": 0.65 }, "geometry": { "type": "Polygon", "coordinates": [ [ [ 133.468037012688569, -22.785362181711669 ], [ 133.495212779291137, -22.833396838843537 ], [ 133.574908542574121, -22.832525596549566 ], [ 133.574254147161497, -22.78421097576684 ], [ 133.468037012688569, -22.785362181711669 ] ] ] } },
{ "type": "Feature", "properties": { "species_id": "dusky-grasswren", "species_name": "Dusky Grasswren", "suitability": 0.55 }, "geometry": { "type": "Polygon", "coordinates": [ [ [ 133.574254147161497, -22.78421097576684 ], [ 133.574908542574121, -22.832525596549566 ], [ 133.601473527669356, -22.83222513112722 ], [ 133.600808096444837, -22.783910614448079 ], [ 133.574254147161497, -22.78421097576684 ] ] ] } },
{ "type": "Feature", "properties": { "species_id": "dusky-grasswren", "species_name": "Dusky Grasswren", "suitability": 0.55 }, "geometry": { "type": "Polygon", "coordinates": [ [ [ 130.891768300400116, -22.812824682048561 ], [ 130.89153795042489, -22.836982347787199 ], [ 130.9446723209536, -22.837391711974195 ], [ 130.944891630082054, -22.813233975252164 ], [ 130.891768300400116, -22.812824682048561 ] ] ] } },
{ "type": "Feature", "properties": { "species_id": "dusky-grasswren", "species_name": "Dusky Grasswren", "suitability": 0.55 }, "geometry": { "type": "Polygon", "coordinates": [ [ [ 131.794902037249273, -22.817048811420943 ], [ 131.794859404828344, -22.841207209825789 ], [ 131.821428435813431, -22.841243507005814 ], [ 131.821465546660534, -22.817085102305672 ], [ 131.794902037249273, -22.817048811420943 ] ] ] } },
{ "type": "Feature", "properties": { "species_id": "dusky-grasswren", "species_name": "Dusky Grasswren", "suitability": 0.65 }, "geometry": { "type": "Polygon", "coordinates": [ [ [ 131.794859404828344, -22.841207209825789 ], [ 131.794816754680255, -22.865364779355584 ], [ 131.82139130953513, -22.86540108283933 ], [ 131.821428435813431, -22.841243507005814 ], [ 131.794859404828344, -22.841207209825789 ] ] ] } },
{ "type": "Feature", "properties": { "species_id": "dusky-grasswren", "species_name": "Dusky Grasswren", "suitability": 0.55 }, "geometry": { "type": "Polygon", "coordinates": [ [ [ 134.398348362927806, -22.820874426245652 ], [ 134.398846879810463, -22.84502846663128 ], [ 134.425412022319705, -22.844572146018962 ], [ 134.424907987434125, -22.820418184776376 ], [ 134.398348362927806, -22.820874426245652 ] ] ] } },
{ "type": "Feature", "properties": { "species_id": "dusky-grasswren", "species_name": "Dusky Grasswren", "suitability": 0.55 }, "geometry": { "type": "Polygon", "coordinates": [ [ [ 132.272988961681023, -22.79277390107946 ], [ 132.273102450520412, -22.841091490466756 ], [ 132.326308166826664, -22.865135630798079 ], [ 132.326376022479849, -22.889292335428856 ], [ 132.379535898179597, -22.889158793396774 ], [ 132.379378115365739, -22.840844605422863 ], [ 132.326240339382849, -22.840978101056955 ], [ 132.326172540130756, -22.816819742388176 ], [ 132.405862591605683, -22.816611995157501 ], [ 132.405778262986843, -22.792452839733851 ], [ 132.32610476905279, -22.792660550975384 ], [ 132.326172540130756, -22.816819742388176 ], [ 132.272988961681023, -22.79277390107946 ] ] ] } },
{ "type": "Feature", "properties": { "species_id": "dusky-grasswren", "species_name": "Dusky Grasswren", "suitability": 0.55 }, "geometry": { "type": "Polygon", "coordinates": [ [ [ 133.468952578721655, -22.857833463593789 ], [ 133.469258021222373, -22.881988898883506 ], [ 133.495834582978233, -22.881708438811746 ], [ 133.495523616504784, -22.857553052255767 ], [ 133.468952578721655, -22.857833463593789 ] ] ] } },
{ "type": "Feature", "properties": { "species_id": "dusky-grasswren", "species_name": "Dusky Grasswren", "suitability": 0.75 }, "geometry": { "type": "Polygon", "coordinates": [ [ [ 134.239451748260905, -22.84766085836235 ], [ 134.239917347964365, -22.871814526210031 ], [ 134.266489221903925, -22.871388283797632 ], [ 134.266018101150109, -22.847234689972598 ], [ 134.239451748260905, -22.84766085836235 ] ] ] } },
{ "type": "Feature", "properties": { "species_id": "dusky-grasswren", "species_name": "Dusky Grasswren", "suitability": 0.55 }, "geometry": { "type": "Polygon", "coordinates": [ [ [ 130.998431601180783, -22.765305054576395 ], [ 131.024577303014127, -22.813810225280911 ], [ 130.971239644281752, -22.837588854826954 ], [ 130.970811800316369, -22.885901911334773 ], [ 131.023765807260673, -22.910436609480531 ], [ 131.024171723843438, -22.862125068987297 ], [ 131.077509804414575, -22.838327164141479 ], [ 131.077893136836082, -22.790010532918281 ], [ 131.05133651052634, -22.789833556304103 ], [ 131.051533573432778, -22.765674017466399 ], [ 130.998431601180783, -22.765305054576395 ] ] ] } },
{ "type": "Feature", "properties": { "species_id": "dusky-grasswren", "species_name": "Dusky Grasswren", "suitability": 0.55 }, "geometry": { "type": "Polygon", "coordinates": [ [ [ 131.555923813729549, -22.792336901856292 ], [ 131.555739200263901, -22.840654339709566 ], [ 131.582307988810612, -22.84073587591211 ], [ 131.582221148223312, -22.864893363587182 ], [ 131.635369878912513, -22.865041382095264 ], [ 131.635294054306286, -22.889198070339354 ], [ 131.688453963386621, -22.889326001411355 ], [ 131.688389164012563, -22.913481890610537 ], [ 131.714974688573108, -22.913538323510959 ], [ 131.715152427534917, -22.841068158817738 ], [ 131.688583481318432, -22.841011755342478 ], [ 131.688518735816302, -22.8651692909282 ], [ 131.635369878912513, -22.865041382095264 ], [ 131.635445671996592, -22.840883868719068 ], [ 131.582307988810612, -22.84073587591211 ], [ 131.582481561725189, -22.792418409795424 ], [ 131.555923813729549, -22.792336901856292 ] ] ] } },
{ "type": "Feature", "properties": { "species_id": "dusky-grasswren", "species_name": "Dusky Grasswren", "suitability": 0.75 }, "geometry": { "type": "Polygon", "coordinates": [ [ [ 131.874618666336659, -22.792983359587048 ], [ 131.874592609497228, -22.817142606932141 ], [ 131.821465546660534, -22.817085102305672 ], [ 131.794731401158487, -22.91367744706119 ], [ 131.821317010646453, -22.913713763177409 ], [ 131.82139130953513, -22.86540108283933 ], [ 131.90115615832903, -22.817163820667709 ], [ 131.901176695864535, -22.793004569647536 ], [ 131.874618666336659, -22.792983359587048 ] ] ] } },
{ "type": "Feature", "properties": { "species_id": "dusky-grasswren", "species_name": "Dusky Grasswren", "suitability": 0.55 }, "geometry": { "type": "Polygon", "coordinates": [ [ [ 132.485552327248826, -22.816359016972044 ], [ 132.512541554293762, -22.912892730080546 ], [ 132.565711945875307, -22.912688756822433 ], [ 132.565594307327274, -22.888533005654583 ], [ 132.539014663075847, -22.888637488650911 ], [ 132.538790582186294, -22.840323481796286 ], [ 132.485552327248826, -22.816359016972044 ] ] ] } },
{ "type": "Feature", "properties": { "species_id": "dusky-grasswren", "species_name": "Dusky Grasswren", "suitability": 0.55 }, "geometry": { "type": "Polygon", "coordinates": [ [ [ 134.238521129243651, -22.799351031453785 ], [ 134.212885201674993, -22.84808200121692 ], [ 134.239451748260905, -22.84766085836235 ], [ 134.238986342060855, -22.823506361381565 ], [ 134.292107814454909, -22.822649147832252 ], [ 134.293537739624156, -22.895109708441201 ], [ 134.3732681423663, -22.893785514221999 ], [ 134.345715974684168, -22.845926032056884 ], [ 134.292107814454909, -22.822649147832252 ], [ 134.291631568828706, -22.798493966426442 ], [ 134.238521129243651, -22.799351031453785 ] ] ] } },
{ "type": "Feature", "properties": { "species_id": "dusky-grasswren", "species_name": "Dusky Grasswren", "suitability": 0.55 }, "geometry": { "type": "Polygon", "coordinates": [ [ [ 131.847997482245177, -22.841274777600912 ], [ 131.847965879846271, -22.865432358865117 ], [ 131.82139130953513, -22.86540108283933 ], [ 131.821317010646453, -22.913713763177409 ], [ 131.847902635609955, -22.913745050086305 ], [ 131.847965879846271, -22.865432358865117 ], [ 131.874540463313991, -22.865458607429641 ], [ 131.87456654182526, -22.841301021607599 ], [ 131.847997482245177, -22.841274777600912 ] ] ] } },
{ "type": "Feature", "properties": { "species_id": "dusky-grasswren", "species_name": "Dusky Grasswren", "suitability": 0.65 }, "geometry": { "type": "Polygon", "coordinates": [ [ [ 134.238986342060855, -22.823506361381565 ], [ 134.213345280207307, -22.872235742216098 ], [ 134.239917347964365, -22.871814526210031 ], [ 134.240383141291915, -22.895967368739917 ], [ 134.293537739624156, -22.895109708441201 ], [ 134.292107814454909, -22.822649147832252 ], [ 134.238986342060855, -22.823506361381565 ] ], [ [ 134.239451748260905, -22.84766085836235 ], [ 134.266018101150109, -22.847234689972598 ], [ 134.266489221903925, -22.871388283797632 ], [ 134.239917347964365, -22.871814526210031 ], [ 134.239451748260905, -22.84766085836235 ] ] ] } },
{ "type": "Feature", "properties": { "species_id": "dusky-grasswren", "species_name": "Dusky Grasswren", "suitability": 0.55 }, "geometry": { "type": "Polygon", "coordinates": [ [ [ 131.768242217581303, -22.865323448417822 ], [ 131.768145809448583, -22.913636101741634 ], [ 131.794731401158487, -22.91367744706119 ], [ 131.794816754680255, -22.865364779355584 ], [ 131.768242217581303, -22.865323448417822 ] ] ] } },
{ "type": "Feature", "properties": { "species_id": "dusky-grasswren", "species_name": "Dusky Grasswren", "suitability": 0.55 }, "geometry": { "type": "Polygon", "coordinates": [ [ [ 133.336095529399358, -22.859160120135737 ], [ 133.336373350875618, -22.883315786000381 ], [ 133.389527582130142, -22.882800113918851 ], [ 133.389816572394722, -22.906954867384755 ], [ 133.416399035267006, -22.906689443756409 ], [ 133.389238712017715, -22.858644537665338 ], [ 133.336095529399358, -22.859160120135737 ] ] ] } },
{ "type": "Feature", "properties": { "species_id": "dusky-grasswren", "species_name": "Dusky Grasswren", "suitability": 0.55 }, "geometry": { "type": "Polygon", "coordinates": [ [ [ 133.602139512313926, -22.880536324040481 ], [ 133.602472712384525, -22.90469068362497 ], [ 133.629054129652445, -22.904385033302443 ], [ 133.628715403730411, -22.880230726885607 ], [ 133.602139512313926, -22.880536324040481 ] ] ] } },
{ "type": "Feature", "properties": { "species_id": "dusky-grasswren", "species_name": "Dusky Grasswren", "suitability": 0.55 }, "geometry": { "type": "Polygon", "coordinates": [ [ [ 134.213345280207307, -22.872235742216098 ], [ 134.213805550069083, -22.896388657994446 ], [ 134.240383141291915, -22.895967368739917 ], [ 134.239917347964365, -22.871814526210031 ], [ 134.213345280207307, -22.872235742216098 ] ] ] } },
{ "type": "Feature", "properties": { "species_id": "dusky-grasswren", "species_name": "Dusky Grasswren", "suitability": 0.65 }, "geometry": { "type": "Polygon", "coordinates": [ [ [ 131.794731401158487, -22.91367744706119 ], [ 131.794688697762609, -22.937832552875459 ], [ 131.82127983801675, -22.937868875320454 ], [ 131.821317010646453, -22.913713763177409 ], [ 131.794731401158487, -22.91367744706119 ] ] ] } },
{ "type": "Feature", "properties": { "species_id": "dusky-grasswren", "species_name": "Dusky Grasswren", "suitability": 0.55 }, "geometry": { "type": "Polygon", "coordinates": [ [ [ 132.512648180771322, -22.937047699145793 ], [ 132.539463384483327, -22.985255675614443 ], [ 132.566065155313964, -22.985151119728286 ], [ 132.565947369838113, -22.960997810037778 ], [ 132.512648180771322, -22.937047699145793 ] ] ] } },
{ "type": "Feature", "properties": { "species_id": "dusky-grasswren", "species_name": "Dusky Grasswren", "suitability": 0.55 }, "geometry": { "type": "Polygon", "coordinates": [ [ [ 134.533777082674334, -22.939302891365358 ], [ 134.534304283224969, -22.963452414119899 ], [ 134.560895975059793, -22.962970548896912 ], [ 134.560363245700159, -22.938821110186858 ], [ 134.533777082674334, -22.939302891365358 ] ] ] } },
{ "type": "Feature", "properties": { "species_id": "dusky-grasswren", "species_name": "Dusky Grasswren", "suitability": 0.55 }, "geometry": { "type": "Polygon", "coordinates": [ [ [ 134.656207316226897, -22.477851613827401 ], [ 134.656757799565071, -22.502016855228849 ], [ 134.683243716228674, -22.501511504044885 ], [ 134.683799914723465, -22.525675775005599 ], [ 134.657308511086541, -22.526181212518004 ], [ 134.65896201616988, -22.598669017695329 ], [ 134.685469894369817, -22.598163320505581 ], [ 134.66116989280107, -22.695307277553638 ], [ 134.714229413306384, -22.694290167982579 ], [ 134.714792965659512, -22.718447413818406 ], [ 134.661722434906324, -22.719464698758909 ], [ 134.662275206476096, -22.743621270072374 ], [ 134.635734087792343, -22.744122468476007 ], [ 134.636829297791564, -22.792433250015574 ], [ 134.68993334924707, -22.791425483502298 ], [ 134.690492324410002, -22.815579440274391 ], [ 134.637925418211182, -22.840740678158799 ], [ 134.639571308363287, -22.913195599472555 ], [ 134.612991343690396, -22.91369237923784 ], [ 134.615166942820622, -23.010287835804856 ], [ 134.667815574227717, -22.985141077478936 ], [ 134.666705656934255, -22.936843701670185 ], [ 134.799628456555951, -22.934258806543941 ], [ 134.799046216556007, -22.910109347419397 ], [ 134.825624533168423, -22.909577377021911 ], [ 134.825037012488139, -22.885427190450464 ], [ 134.745317906715883, -22.887007745376096 ], [ 134.796719675931115, -22.813503272858423 ], [ 134.850424214683613, -22.836587624177941 ], [ 134.85160956185689, -22.884890286462475 ], [ 134.878181864455001, -22.884348356398075 ], [ 134.876387659465223, -22.811893399471451 ], [ 134.95605340559149, -22.810238315398131 ], [ 134.955439295216252, -22.786085283506591 ], [ 134.928889811755681, -22.786641905119389 ], [ 134.954211839487868, -22.737776696491846 ], [ 134.927673374824337, -22.738333125709108 ], [ 134.927065535124882, -22.714177466962617 ], [ 134.900532323879361, -22.714728780342362 ], [ 134.899930240326569, -22.690572175475289 ], [ 134.873402282814368, -22.691118374810145 ], [ 134.872805950843428, -22.666960821130456 ], [ 134.793237106553789, -22.668569027462016 ], [ 134.765565741395221, -22.620776639423433 ], [ 134.712540158987736, -22.621813291664687 ], [ 134.711415156938642, -22.573491053736834 ], [ 134.684913003650536, -22.574001679436559 ], [ 134.709167949608826, -22.476836072118939 ], [ 134.656207316226897, -22.477851613827401 ] ], [ [ 134.713666094840391, -22.670132068215192 ], [ 134.740190002431092, -22.669616073122359 ], [ 134.740758823520423, -22.693774084028945 ], [ 134.714229413306384, -22.694290167982579 ], [ 134.713666094840391, -22.670132068215192 ] ], [ [ 134.820345626590353, -22.692195716161404 ], [ 134.873402282814368, -22.691118374810145 ], [ 134.873998862365994, -22.715275073831609 ], [ 134.847465152870342, -22.715816347371721 ], [ 134.848648040170048, -22.76412738362129 ], [ 134.875192764828228, -22.763585923124715 ], [ 134.875790088047637, -22.787740081011794 ], [ 134.796138644864897, -22.789349675633019 ], [ 134.795557855133609, -22.765195239349836 ], [ 134.769012399332723, -22.765721634466765 ], [ 134.820345626590353, -22.692195716161404 ] ], [ [ 134.691610971861451, -22.863884853322389 ], [ 134.71817919957445, -22.863373169517871 ], [ 134.718744393223176, -22.887524544481344 ], [ 134.692170644439813, -22.888036317224483 ], [ 134.691610971861451, -22.863884853322389 ] ] ] } },
{ "type": "Feature", "properties": { "species_id": "dusky-grasswren", "species_name": "Dusky Grasswren", "suitability": 0.55 }, "geometry": { "type": "Polygon", "coordinates": [ [ [ 134.001178114328269, -22.899577984626411 ], [ 134.002010789575252, -22.947882467145966 ], [ 133.948830040208094, -22.948629783291359 ], [ 133.923039583649285, -22.997297516453923 ], [ 133.975831566597662, -22.972409725406667 ], [ 133.976242803821577, -22.996560001740232 ], [ 134.056046342985468, -22.995415995660888 ], [ 134.056474359054818, -23.01956526657062 ], [ 134.083080720923476, -23.019173800509918 ], [ 134.082647169195326, -22.995024598064784 ], [ 134.135848277519528, -22.994226709773706 ], [ 134.135403839834822, -22.970076841052151 ], [ 134.05561850503048, -22.971265919184944 ], [ 134.054763363019219, -22.922963334248408 ], [ 134.001178114328269, -22.899577984626411 ] ], [ [ 134.002010789575252, -22.947882467145966 ], [ 134.028600905210965, -22.947501264922725 ], [ 134.029023033996083, -22.971652218194148 ], [ 134.002427387083969, -22.972033486948579 ], [ 134.002010789575252, -22.947882467145966 ] ] ] } },
{ "type": "Feature", "properties": { "species_id": "dusky-grasswren", "species_name": "Dusky Grasswren", "suitability": 0.55 }, "geometry": { "type": "Polygon", "coordinates": [ [ [ 134.1628987130469, -23.017969210946504 ], [ 134.163349058509368, -23.042117400614941 ], [ 134.189960221205695, -23.041705735039617 ], [ 134.190872556841128, -23.089999578904742 ], [ 134.217494611168945, -23.089582734505942 ], [ 134.216571193850086, -23.041289036835721 ], [ 134.296402948401237, -23.040008746911457 ], [ 134.323980879387221, -23.087865013925352 ], [ 134.40384346933277, -23.086523864682849 ], [ 134.403342874014527, -23.062377949877476 ], [ 134.35011243467585, -23.063276925713744 ], [ 134.349134020110597, -23.014982391313783 ], [ 134.1628987130469, -23.017969210946504 ] ] ] } },
{ "type": "Feature", "properties": { "species_id": "dusky-grasswren", "species_name": "Dusky Grasswren", "suitability": 0.55 }, "geometry": { "type": "Polygon", "coordinates": [ [ [ 135.012918904173119, -22.954009400886466 ], [ 135.013545861706291, -22.978156463681945 ], [ 135.146507571635908, -22.975243752257356 ], [ 135.147162441907739, -22.999389496528323 ], [ 135.120565106084399, -22.999982200393816 ], [ 135.121864597624722, -23.048271481039844 ], [ 135.095255923948116, -23.048859360823304 ], [ 135.096545421515287, -23.09714565325476 ], [ 135.12316517169026, -23.096557567180167 ], [ 135.123815865092723, -23.120699421868892 ], [ 135.176403856012683, -23.095366295069951 ], [ 135.201688984028209, -23.046477652449578 ], [ 135.228296560273407, -23.045869646724316 ], [ 135.200356292658171, -22.998188999568907 ], [ 135.173759504866069, -22.998791762898243 ], [ 135.199024710050594, -22.949897119956841 ], [ 135.172438979330167, -22.950499672834276 ], [ 135.173099104738014, -22.974646123047691 ], [ 135.146507571635908, -22.975243752257356 ], [ 135.145852973786702, -22.951097197761424 ], [ 135.012918904173119, -22.954009400886466 ] ], [ [ 135.147162441907739, -22.999389496528323 ], [ 135.173759504866069, -22.998791762898243 ], [ 135.201688984028209, -23.046477652449578 ], [ 135.148473000399804, -23.047678569673028 ], [ 135.147162441907739, -22.999389496528323 ] ] ] } },
{ "type": "Feature", "properties": { "species_id": "dusky-grasswren", "species_name": "Dusky Grasswren", "suitability": 0.55 }, "geometry": { "type": "Polygon", "coordinates": [ [ [ 134.508234260476371, -22.988078044824388 ], [ 134.535887201855331, -23.035896130514899 ], [ 134.509278689757309, -23.036373216546362 ], [ 134.510846965364976, -23.108809986565984 ], [ 134.484221613757967, -23.109282289072532 ], [ 134.48215317258402, -23.012698003770346 ], [ 134.455549763450023, -23.013164943917452 ], [ 134.458108149970116, -23.133893730697217 ], [ 134.591261531107733, -23.131506625280398 ], [ 134.59072170211482, -23.107362871132153 ], [ 134.53747209883349, -23.108332649372041 ], [ 134.535887201855331, -23.035896130514899 ], [ 134.562495493917453, -23.035414012490673 ], [ 134.561428926123597, -22.98711917630391 ], [ 134.508234260476371, -22.988078044824388 ] ] ] } },
{ "type": "Feature", "properties": { "species_id": "dusky-grasswren", "species_name": "Dusky Grasswren", "suitability": 0.65 }, "geometry": { "type": "Polygon", "coordinates": [ [ [ 134.216571193850086, -23.041289036835721 ], [ 134.217494611168945, -23.089582734505942 ], [ 134.190872556841128, -23.089999578904742 ], [ 134.191329009748983, -23.11414531282637 ], [ 134.244584014289728, -23.113306442316308 ], [ 134.245051750518769, -23.13745124177203 ], [ 134.271684507767191, -23.137024178614634 ], [ 134.270738139716258, -23.08873394271928 ], [ 134.297359609316118, -23.088301995424594 ], [ 134.29783823870585, -23.112447431080476 ], [ 134.351091664508175, -23.111568279496716 ], [ 134.296402948401237, -23.040008746911457 ], [ 134.216571193850086, -23.041289036835721 ] ] ] } },
{ "type": "Feature", "properties": { "species_id": "dusky-grasswren", "species_name": "Dusky Grasswren", "suitability": 0.75 }, "geometry": { "type": "Polygon", "coordinates": [ [ [ 135.094611577742029, -23.024715018783027 ], [ 135.095255923948116, -23.048859360823304 ], [ 135.04203777310812, -23.050020025383432 ], [ 135.042671312946652, -23.074163772451268 ], [ 135.016056302796187, -23.074736657541539 ], [ 135.017313092199345, -23.123021973583914 ], [ 134.99068673776884, -23.123590025474801 ], [ 134.991309980580297, -23.147731601615472 ], [ 135.071204888578137, -23.146012040054476 ], [ 135.070565012229906, -23.121870766429915 ], [ 135.124466829634031, -23.144840489403471 ], [ 135.12316517169026, -23.096557567180167 ], [ 135.096545421515287, -23.09714565325476 ], [ 135.095255923948116, -23.048859360823304 ], [ 135.121864597624722, -23.048271481039844 ], [ 135.121214716623399, -23.024127241941049 ], [ 135.094611577742029, -23.024715018783027 ] ], [ [ 135.042671312946652, -23.074163772451268 ], [ 135.069286058944414, -23.073585854707314 ], [ 135.069925402407506, -23.097728705922737 ], [ 135.043305116674361, -23.09830672512016 ], [ 135.042671312946652, -23.074163772451268 ] ] ] } },
{ "type": "Feature", "properties": { "species_id": "dusky-grasswren", "species_name": "Dusky Grasswren", "suitability": 0.95 }, "geometry": { "type": "Polygon", "coordinates": [ [ [ 134.801959840462189, -23.03084851948584 ], [ 134.777666741215114, -23.127953192002014 ], [ 134.751038131155838, -23.128475930843468 ], [ 134.778824741854208, -23.176237098362243 ], [ 134.83210342356395, -23.175176142097023 ], [ 134.831513206258876, -23.151034766651467 ], [ 134.964677821446315, -23.148294718038866 ], [ 134.96529577687761, -23.172435610726836 ], [ 134.991933483159215, -23.171872395099513 ], [ 134.991309980580297, -23.147731601615472 ], [ 134.964677821446315, -23.148294718038866 ], [ 134.964060123473871, -23.124153042824865 ], [ 134.99068673776884, -23.123590025474801 ], [ 134.990063754562556, -23.099447662850022 ], [ 134.963442682799467, -23.100010581257198 ], [ 134.96220857270211, -23.05172328375804 ], [ 135.015428300554049, -23.050592810033066 ], [ 135.0148005597338, -23.026448164434928 ], [ 134.961591902958133, -23.027578440177948 ], [ 134.96220857270211, -23.05172328375804 ], [ 134.908987816559033, -23.052833629638901 ], [ 134.908382218533177, -23.028688591589649 ], [ 134.801959840462189, -23.03084851948584 ] ] ] } },
{ "type": "Feature", "properties": { "species_id": "dusky-grasswren", "species_name": "Dusky Grasswren", "suitability": 0.65 }, "geometry": { "type": "Polygon", "coordinates": [ [ [ 134.508756366428287, -23.012226032405255 ], [ 134.509278689757309, -23.036373216546362 ], [ 134.535887201855331, -23.035896130514899 ], [ 134.53747209883349, -23.108332649372041 ], [ 134.59072170211482, -23.107362871132153 ], [ 134.591261531107733, -23.131506625280398 ], [ 134.538000838100174, -23.132476574053303 ], [ 134.538529797733162, -23.156619714310896 ], [ 134.592341864187716, -23.179791783460015 ], [ 134.591801585085165, -23.155649594780012 ], [ 134.618437141892599, -23.155156980544504 ], [ 134.617346167307659, -23.106870430192807 ], [ 134.563562950190402, -23.083705649323665 ], [ 134.563029110924674, -23.059560228914567 ], [ 134.642869257042292, -23.058083424669334 ], [ 134.642319026832297, -23.033937466992061 ], [ 134.535887201855331, -23.035896130514899 ], [ 134.53535934267839, -23.011749029873787 ], [ 134.508756366428287, -23.012226032405255 ] ] ] } },
{ "type": "Feature", "properties": { "species_id": "dusky-grasswren", "species_name": "Dusky Grasswren", "suitability": 0.65 }, "geometry": { "type": "Polygon", "coordinates": [ [ [ 131.07481752761052, -23.176452386100532 ], [ 131.074624620679685, -23.20059824329611 ], [ 131.101275453753175, -23.200770707200437 ], [ 131.101462805331693, -23.17662481957877 ], [ 131.07481752761052, -23.176452386100532 ] ] ] } },
{ "type": "Feature", "properties": { "species_id": "dusky-grasswren", "species_name": "Dusky Grasswren", "suitability": 0.65 }, "geometry": { "type": "Polygon", "coordinates": [ [ [ 131.181399098258964, -23.177111888290497 ], [ 131.181228413025025, -23.201257861857282 ], [ 131.207879545068607, -23.201410167664392 ], [ 131.208044674763272, -23.17726416722693 ], [ 131.181399098258964, -23.177111888290497 ] ] ] } },
{ "type": "Feature", "properties": { "species_id": "dusky-grasswren", "species_name": "Dusky Grasswren", "suitability": 0.55 }, "geometry": { "type": "Polygon", "coordinates": [ [ [ 131.021527215956525, -23.1760924033957 ], [ 131.021323198473596, -23.200238197073098 ], [ 131.127744493044304, -23.22508327668988 ], [ 131.128108161225327, -23.176792214448763 ], [ 131.101462805331693, -23.17662481957877 ], [ 131.101275453753175, -23.200770707200437 ], [ 131.074624620679685, -23.20059824329611 ], [ 131.07481752761052, -23.176452386100532 ], [ 131.021527215956525, -23.1760924033957 ] ] ] } },
{ "type": "Feature", "properties": { "species_id": "dusky-grasswren", "species_name": "Dusky Grasswren", "suitability": 0.55 }, "geometry": { "type": "Polygon", "coordinates": [ [ [ 131.208044674763272, -23.17726416722693 ], [ 131.207879545068607, -23.201410167664392 ], [ 131.181228413025025, -23.201257861857282 ], [ 131.181057656598597, -23.225403063421815 ], [ 131.234530746056464, -23.201557433903766 ], [ 131.234690320168767, -23.177411407484502 ], [ 131.208044674763272, -23.17726416722693 ] ] ] } },
{ "type": "Feature", "properties": { "species_id": "dusky-grasswren", "species_name": "Dusky Grasswren", "suitability": 0.55 }, "geometry": { "type": "Polygon", "coordinates": [ [ [ 131.501046037591095, -23.202752916764652 ], [ 131.500941977968125, -23.226898382453097 ], [ 131.527599342535353, -23.226990228719046 ], [ 131.527697843880162, -23.202844746806718 ], [ 131.501046037591095, -23.202752916764652 ] ] ] } },
{ "type": "Feature", "properties": { "species_id": "dusky-grasswren", "species_name": "Dusky Grasswren", "suitability": 0.65 }, "geometry": { "type": "Polygon", "coordinates": [ [ [ 130.381400548283779, -23.218489372807955 ], [ 130.38106294265873, -23.242632583693144 ], [ 130.407722042178733, -23.242936173458482 ], [ 130.408054089599631, -23.21879290891037 ], [ 130.381400548283779, -23.218489372807955 ] ] ] } },
{ "type": "Feature", "properties": { "species_id": "dusky-grasswren", "species_name": "Dusky Grasswren", "suitability": 0.55 }, "geometry": { "type": "Polygon", "coordinates": [ [ [ 132.620560059240148, -23.226415906821693 ], [ 132.620689506768116, -23.250560519355417 ], [ 132.674014758507354, -23.25031571252174 ], [ 132.673874190159751, -23.22617114327894 ], [ 132.620560059240148, -23.226415906821693 ] ] ] } },
{ "type": "Feature", "properties": { "species_id": "dusky-grasswren", "species_name": "Dusky Grasswren", "suitability": 0.65 }, "geometry": { "type": "Polygon", "coordinates": [ [ [ 133.790028655131096, -22.999053254883847 ], [ 133.791147081558279, -23.071500577672904 ], [ 133.764527803581814, -23.071836807670909 ], [ 133.765263108164987, -23.120131168373732 ], [ 133.871783635485372, -23.118755560609358 ], [ 133.926246946301063, -23.190472094521333 ], [ 133.979951655986667, -23.213876709216979 ], [ 133.980777736492684, -23.262160733232225 ], [ 134.060764340558052, -23.261014511222495 ], [ 134.060334537211361, -23.236873085498832 ], [ 134.007021428014781, -23.237642138319426 ], [ 134.00660291712444, -23.213499809420231 ], [ 133.952892995133396, -23.190105337848252 ], [ 133.978713826250498, -23.141444882261787 ], [ 133.898808989296811, -23.142544764503199 ], [ 133.898413366436699, -23.11839906912061 ], [ 133.871783635485372, -23.118755560609358 ], [ 133.871003973058663, -23.070461683058269 ], [ 133.950859402410458, -23.069377482316245 ], [ 133.950047150606707, -23.02108081070649 ], [ 133.896832522087863, -23.021808390132094 ], [ 133.896437722259378, -22.99765872688732 ], [ 133.790028655131096, -22.999053254883847 ] ] ] } },
{ "type": "Feature", "properties": { "species_id": "dusky-grasswren", "species_name": "Dusky Grasswren", "suitability": 0.85 }, "geometry": { "type": "Polygon", "coordinates": [ [ [ 134.004930617351278, -23.116922746151022 ], [ 134.00660291712444, -23.213499809420231 ], [ 134.114087849524992, -23.260225159052574 ], [ 134.113646928768162, -23.236083872965441 ], [ 134.140302849633912, -23.235681706915319 ], [ 134.139856556525189, -23.211539724425652 ], [ 134.113206191875832, -23.211941819415827 ], [ 134.112325269224868, -23.16365539459348 ], [ 134.0856858263611, -23.164052310566518 ], [ 134.058188206702198, -23.116154371027697 ], [ 134.004930617351278, -23.116922746151022 ] ], [ [ 134.086555643293451, -23.212338875454048 ], [ 134.113206191875832, -23.211941819415827 ], [ 134.113646928768162, -23.236083872965441 ], [ 134.086990823854308, -23.236480999174599 ], [ 134.086555643293451, -23.212338875454048 ] ] ] } },
{ "type": "Feature", "properties": { "species_id": "dusky-grasswren", "species_name": "Dusky Grasswren", "suitability": 0.55 }, "geometry": { "type": "Polygon", "coordinates": [ [ [ 130.408054089599631, -23.21879290891037 ], [ 130.407722042178733, -23.242936173458482 ], [ 130.38106294265873, -23.242632583693144 ], [ 130.380725196177025, -23.266775028639586 ], [ 130.434381280375476, -23.24323472262412 ], [ 130.434707769505422, -23.219091405303278 ], [ 130.408054089599631, -23.21879290891037 ] ] ] } },
{ "type": "Feature", "properties": { "species_id": "dusky-grasswren", "species_name": "Dusky Grasswren", "suitability": 0.65 }, "geometry": { "type": "Polygon", "coordinates": [ [ [ 132.567364038749872, -23.25078516041172 ], [ 132.567482414698389, -23.274929048629218 ], [ 132.620819008311912, -23.274704367795326 ], [ 132.620689506768116, -23.250560519355417 ], [ 132.567364038749872, -23.25078516041172 ] ] ] } },
{ "type": "Feature", "properties": { "species_id": "dusky-grasswren", "species_name": "Dusky Grasswren", "suitability": 0.75 }, "geometry": { "type": "Polygon", "coordinates": [ [ [ 132.674014758507354, -23.25031571252174 ], [ 132.674155385511028, -23.274459517613913 ], [ 132.700823487145414, -23.274329529051524 ], [ 132.700677297466257, -23.250185746972051 ], [ 132.674014758507354, -23.25031571252174 ] ] ] } },
{ "type": "Feature", "properties": { "species_id": "dusky-grasswren", "species_name": "Dusky Grasswren", "suitability": 0.55 }, "geometry": { "type": "Polygon", "coordinates": [ [ [ 133.872173710400801, -23.142901318717758 ], [ 133.872563947919673, -23.167046294820693 ], [ 133.819281803327442, -23.167744416173477 ], [ 133.820420162301929, -23.240175060617606 ], [ 133.927050459232902, -23.238757917346476 ], [ 133.901186193287799, -23.287402647080171 ], [ 133.95452292418301, -23.286673656623886 ], [ 133.954115186923218, -23.26253272540011 ], [ 133.980777736492684, -23.262160733232225 ], [ 133.979951655986667, -23.213876709216979 ], [ 133.953300222504708, -23.214248569847701 ], [ 133.952892995133396, -23.190105337848252 ], [ 133.872954348143708, -23.191190492749378 ], [ 133.872563947919673, -23.167046294820693 ], [ 133.899204777072072, -23.166689677797628 ], [ 133.898808989296811, -23.142544764503199 ], [ 133.872173710400801, -23.142901318717758 ] ] ] } },
{ "type": "Feature", "properties": { "species_id": "dusky-grasswren", "species_name": "Dusky Grasswren", "suitability": 0.75 }, "geometry": { "type": "Polygon", "coordinates": [ [ [ 134.938657812718844, -23.172993789984524 ], [ 134.939270476151052, -23.197134002424516 ], [ 135.019200241055131, -23.195444057600703 ], [ 135.019829815262597, -23.219583196906399 ], [ 135.046478099425883, -23.219009706383936 ], [ 135.047749145532009, -23.267285472054091 ], [ 135.101067134756789, -23.266122966136475 ], [ 135.100420367542654, -23.241985672775996 ], [ 135.073767062562837, -23.242569342285528 ], [ 135.073126118444122, -23.218431177908794 ], [ 135.099773870002537, -23.217847611544865 ], [ 135.098481683269881, -23.169569170143934 ], [ 134.938657812718844, -23.172993789984524 ] ] ] } },
{ "type": "Feature", "properties": { "species_id": "dusky-grasswren", "species_name": "Dusky Grasswren", "suitability": 0.55 }, "geometry": { "type": "Polygon", "coordinates": [ [ [ 132.700677297466257, -23.250185746972051 ], [ 132.700823487145414, -23.274329529051524 ], [ 132.754159504864731, -23.274054425055493 ], [ 132.754316885436111, -23.29819739802571 ], [ 132.78099036175135, -23.298052256898742 ], [ 132.754002189950597, -23.249910691678821 ], [ 132.700677297466257, -23.250185746972051 ] ] ] } },
{ "type": "Feature", "properties": { "species_id": "dusky-grasswren", "species_name": "Dusky Grasswren", "suitability": 0.55 }, "geometry": { "type": "Polygon", "coordinates": [ [ [ 132.567482414698389, -23.274929048629218 ], [ 132.567600840053302, -23.299072176643993 ], [ 132.594274727885335, -23.298962337933865 ], [ 132.594150737394983, -23.27481922938718 ], [ 132.567482414698389, -23.274929048629218 ] ] ] } },
{ "type": "Feature", "properties": { "species_id": "dusky-grasswren", "species_name": "Dusky Grasswren", "suitability": 0.65 }, "geometry": { "type": "Polygon", "coordinates": [ [ [ 132.700823487145414, -23.274329529051524 ], [ 132.700969737838903, -23.298472550788656 ], [ 132.727643343356903, -23.2983374959942 ], [ 132.727491527704586, -23.274194498193722 ], [ 132.700823487145414, -23.274329529051524 ] ] ] } },
{ "type": "Feature", "properties": { "species_id": "dusky-grasswren", "species_name": "Dusky Grasswren", "suitability": 0.75 }, "geometry": { "type": "Polygon", "coordinates": [ [ [ 132.727491527704586, -23.274194498193722 ], [ 132.727643343356903, -23.2983374959942 ], [ 132.754316885436111, -23.29819739802571 ], [ 132.754159504864731, -23.274054425055493 ], [ 132.727491527704586, -23.274194498193722 ] ] ] } },
{ "type": "Feature", "properties": { "species_id": "dusky-grasswren", "species_name": "Dusky Grasswren", "suitability": 0.75 }, "geometry": { "type": "Polygon", "coordinates": [ [ [ 132.834163032713121, -23.273603952116474 ], [ 132.834337107789139, -23.297746845234283 ], [ 132.86101037286133, -23.297586574730804 ], [ 132.860830733039592, -23.273443710017602 ], [ 132.834163032713121, -23.273603952116474 ] ] ] } },
{ "type": "Feature", "properties": { "species_id": "dusky-grasswren", "species_name": "Dusky Grasswren", "suitability": 0.65 }, "geometry": { "type": "Polygon", "coordinates": [ [ [ 132.860830733039592, -23.273443710017602 ], [ 132.86101037286133, -23.297586574730804 ], [ 132.887683562868972, -23.297421261136726 ], [ 132.887498358348438, -23.273278425721582 ], [ 132.860830733039592, -23.273443710017602 ] ] ] } },
{ "type": "Feature", "properties": { "species_id": "dusky-grasswren", "species_name": "Dusky Grasswren", "suitability": 0.55 }, "geometry": { "type": "Polygon", "coordinates": [ [ [ 132.887498358348438, -23.273278425721582 ], [ 132.887683562868972, -23.297421261136726 ], [ 132.914356675486999, -23.297250904470371 ], [ 132.9141659063161, -23.273108099246819 ], [ 132.887498358348438, -23.273278425721582 ] ] ] } },
{ "type": "Feature", "properties": { "species_id": "dusky-grasswren", "species_name": "Dusky Grasswren", "suitability": 0.65 }, "geometry": { "type": "Polygon", "coordinates": [ [ [ 132.9141659063161, -23.273108099246819 ], [ 132.914356675486999, -23.297250904470371 ], [ 132.941029708390374, -23.297075504750669 ], [ 132.940833374618961, -23.272932730612226 ], [ 132.9141659063161, -23.273108099246819 ] ] ] } },
{ "type": "Feature", "properties": { "species_id": "dusky-grasswren", "species_name": "Dusky Grasswren", "suitability": 0.55 }, "geometry": { "type": "Polygon", "coordinates": [ [ [ 133.07416943984046, -23.271980255741958 ], [ 133.074393595815138, -23.296122861054336 ], [ 133.101066101607813, -23.295917203443629 ], [ 133.100836381362512, -23.271774634576456 ], [ 133.07416943984046, -23.271980255741958 ] ] ] } },
{ "type": "Feature", "properties": { "species_id": "dusky-grasswren", "species_name": "Dusky Grasswren", "suitability": 0.85 }, "geometry": { "type": "Polygon", "coordinates": [ [ [ 132.620689506768116, -23.250560519355417 ], [ 132.620819008311912, -23.274704367795326 ], [ 132.674155385511028, -23.274459517613913 ], [ 132.647757522856892, -23.322869841281889 ], [ 132.700969737838903, -23.298472550788656 ], [ 132.674014758507354, -23.25031571252174 ], [ 132.620689506768116, -23.250560519355417 ] ] ] } },
{ "type": "Feature", "properties": { "species_id": "dusky-grasswren", "species_name": "Dusky Grasswren", "suitability": 0.75 }, "geometry": { "type": "Polygon", "coordinates": [ [ [ 132.594150737394983, -23.27481922938718 ], [ 132.621078173582191, -23.322989787749766 ], [ 132.647757522856892, -23.322869841281889 ], [ 132.647622345787795, -23.298727530795819 ], [ 132.594150737394983, -23.27481922938718 ] ] ] } },
{ "type": "Feature", "properties": { "species_id": "dusky-grasswren", "species_name": "Dusky Grasswren", "suitability": 0.95 }, "geometry": { "type": "Polygon", "coordinates": [ [ [ 132.620819008311912, -23.274704367795326 ], [ 132.62094856390533, -23.298847455980212 ], [ 132.674296071207436, -23.298602562393974 ], [ 132.674436815633385, -23.322744850701635 ], [ 132.754474331705893, -23.322339614429094 ], [ 132.754316885436111, -23.29819739802571 ], [ 132.674296071207436, -23.298602562393974 ], [ 132.674155385511028, -23.274459517613913 ], [ 132.620819008311912, -23.274704367795326 ] ] ] } },
{ "type": "Feature", "properties": { "species_id": "dusky-grasswren", "species_name": "Dusky Grasswren", "suitability": 0.65 }, "geometry": { "type": "Polygon", "coordinates": [ [ [ 132.807495259692729, -23.27375915200048 ], [ 132.807832350606219, -23.322044236622503 ], [ 132.834511255531993, -23.32188898168021 ], [ 132.834163032713121, -23.273603952116474 ], [ 132.807495259692729, -23.27375915200048 ] ] ] } },
{ "type": "Feature", "properties": { "species_id": "dusky-grasswren", "species_name": "Dusky Grasswren", "suitability": 0.55 }, "geometry": { "type": "Polygon", "coordinates": [ [ [ 131.180544959718617, -23.297834074465907 ], [ 131.180373918076242, -23.321976226391865 ], [ 131.207052862600449, -23.322128667084147 ], [ 131.20721833710391, -23.297986488110162 ], [ 131.180544959718617, -23.297834074465907 ] ] ] } },
{ "type": "Feature", "properties": { "species_id": "dusky-grasswren", "species_name": "Dusky Grasswren", "suitability": 0.65 }, "geometry": { "type": "Polygon", "coordinates": [ [ [ 132.594274727885335, -23.298962337933865 ], [ 132.59439877013611, -23.323104690092023 ], [ 132.621078173582191, -23.322989787749766 ], [ 132.62094856390533, -23.298847455980212 ], [ 132.594274727885335, -23.298962337933865 ] ] ] } },
{ "type": "Feature", "properties": { "species_id": "dusky-grasswren", "species_name": "Dusky Grasswren", "suitability": 0.65 }, "geometry": { "type": "Polygon", "coordinates": [ [ [ 132.754316885436111, -23.29819739802571 ], [ 132.754474331705893, -23.322339614429094 ], [ 132.781153375221947, -23.322194447544344 ], [ 132.78099036175135, -23.298052256898742 ], [ 132.754316885436111, -23.29819739802571 ] ] ] } },
{ "type": "Feature", "properties": { "species_id": "dusky-grasswren", "species_name": "Dusky Grasswren", "suitability": 0.85 }, "geometry": { "type": "Polygon", "coordinates": [ [ [ 132.887683562868972, -23.297421261136726 ], [ 132.887868844701927, -23.321563339804026 ], [ 132.914547524292999, -23.321392952906386 ], [ 132.914356675486999, -23.297250904470371 ], [ 132.887683562868972, -23.297421261136726 ] ] ] } },
{ "type": "Feature", "properties": { "species_id": "dusky-grasswren", "species_name": "Dusky Grasswren", "suitability": 0.95 }, "geometry": { "type": "Polygon", "coordinates": [ [ [ 132.914356675486999, -23.297250904470371 ], [ 132.914547524292999, -23.321392952906386 ], [ 132.94122612411951, -23.321217522060788 ], [ 132.941029708390374, -23.297075504750669 ], [ 132.914356675486999, -23.297250904470371 ] ] ] } },
{ "type": "Feature", "properties": { "species_id": "dusky-grasswren", "species_name": "Dusky Grasswren", "suitability": 0.65 }, "geometry": { "type": "Polygon", "coordinates": [ [ [ 133.100836381362512, -23.271774634576456 ], [ 133.101066101607813, -23.295917203443629 ], [ 133.047720996358663, -23.296323475736976 ], [ 133.047939679251982, -23.320465359597613 ], [ 133.12797389408297, -23.319848277309198 ], [ 133.127503226956122, -23.271563971399065 ], [ 133.100836381362512, -23.271774634576456 ] ] ] } },
{ "type": "Feature", "properties": { "species_id": "dusky-grasswren", "species_name": "Dusky Grasswren", "suitability": 0.85 }, "geometry": { "type": "Polygon", "coordinates": [ [ [ 134.933155311648846, -22.955696383280099 ], [ 134.934376308439994, -23.003990288680189 ], [ 134.854577246661876, -23.005632588037702 ], [ 134.855171524890125, -23.029778618184508 ], [ 134.96220857270211, -23.05172328375804 ], [ 134.963442682799467, -23.100010581257198 ], [ 134.990063754562556, -23.099447662850022 ], [ 134.964677821446315, -23.148294718038866 ], [ 134.831513206258876, -23.151034766651467 ], [ 134.83210342356395, -23.175176142097023 ], [ 134.778824741854208, -23.176237098362243 ], [ 134.751038131155838, -23.128475930843468 ], [ 134.777666741215114, -23.127953192002014 ], [ 134.776509705153501, -23.079666143752895 ], [ 134.803126988878859, -23.079138555306713 ], [ 134.802543293172221, -23.054993935932011 ], [ 134.696094877959808, -23.057073725127587 ], [ 134.695533572994947, -23.032927944344497 ], [ 134.642319026832297, -23.033937466992061 ], [ 134.642869257042292, -23.058083424669334 ], [ 134.563029110924674, -23.059560228914567 ], [ 134.563562950190402, -23.083705649323665 ], [ 134.617346167307659, -23.106870430192807 ], [ 134.592882368556218, -23.203933195150455 ], [ 134.539058977870212, -23.180762073974044 ], [ 134.538529797733162, -23.156619714310896 ], [ 134.431983592842357, -23.158499516127929 ], [ 134.430970265369638, -23.110211789816258 ], [ 134.351091664508175, -23.111568279496716 ], [ 134.351581585467954, -23.135712773222316 ], [ 134.324949427554287, -23.13615494429196 ], [ 134.325918783277956, -23.184441740377849 ], [ 134.379701179030064, -23.20769412418921 ], [ 134.380693973332768, -23.255975961657835 ], [ 134.407353483493694, -23.255523319687331 ], [ 134.381687596258558, -23.304254740664678 ], [ 134.488888232921965, -23.326551204710011 ], [ 134.488368854168129, -23.302413279363261 ], [ 134.435028649746727, -23.303344093896424 ], [ 134.434520610898574, -23.279205246197435 ], [ 134.621168560967021, -23.275859757127598 ], [ 134.620621821427022, -23.251720740689592 ], [ 134.593964053654616, -23.252213702889851 ], [ 134.592882368556218, -23.203933195150455 ], [ 134.672821655388645, -23.202439717200686 ], [ 134.673379046426078, -23.226580091925396 ], [ 134.700030566765889, -23.226072100353285 ], [ 134.725545093396164, -23.177277907473158 ], [ 134.779404104267229, -23.200377882905258 ], [ 134.779983708277229, -23.224517893464128 ], [ 134.806634274557013, -23.223989747301196 ], [ 134.806049117678441, -23.199849830001416 ], [ 134.859338409727513, -23.198778611404027 ], [ 134.887186563863196, -23.24651393958084 ], [ 134.967151189535059, -23.244853631927299 ], [ 134.965913989928737, -23.196575724717331 ], [ 134.939270476151052, -23.197134002424516 ], [ 134.964677821446315, -23.148294718038866 ], [ 134.991309980580297, -23.147731601615472 ], [ 134.991933483159215, -23.171872395099513 ], [ 135.098481683269881, -23.169569170143934 ], [ 135.099773870002537, -23.217847611544865 ], [ 135.073126118444122, -23.218431177908794 ], [ 135.073767062562837, -23.242569342285528 ], [ 135.153726165356488, -23.240803217688111 ], [ 135.179052616428095, -23.191928167179114 ], [ 135.233008534888143, -23.214854213670097 ], [ 135.232334553866224, -23.190715909072239 ], [ 135.205693724575866, -23.191324556463368 ], [ 135.230987434314983, -23.142436967362418 ], [ 135.178390012352423, -23.167788872643239 ], [ 135.177065632317124, -23.119507940415765 ], [ 135.230314295434766, -23.118296322594219 ], [ 135.228296560273407, -23.045869646724316 ], [ 135.201688984028209, -23.046477652449578 ], [ 135.176403856012683, -23.095366295069951 ], [ 135.123815865092723, -23.120699421868892 ], [ 135.124466829634031, -23.144840489403471 ], [ 135.097835993740603, -23.145428782314077 ], [ 135.097190573211748, -23.121287611293326 ], [ 135.070565012229906, -23.121870766429915 ], [ 135.071204888578137, -23.146012040054476 ], [ 134.991309980580297, -23.147731601615472 ], [ 134.99068673776884, -23.123590025474801 ], [ 135.017313092199345, -23.123021973583914 ], [ 135.016056302796187, -23.074736657541539 ], [ 135.069925402407506, -23.097728705922737 ], [ 135.04203777310812, -23.050020025383432 ], [ 135.095255923948116, -23.048859360823304 ], [ 135.146507571635908, -22.975243752257356 ], [ 134.98695272693854, -22.978723918597691 ], [ 134.986331297963062, -22.954576756765473 ], [ 134.933155311648846, -22.955696383280099 ] ], [ [ 134.961591902958133, -23.027578440177948 ], [ 135.0148005597338, -23.026448164434928 ], [ 135.015428300554049, -23.050592810033066 ], [ 134.96220857270211, -23.05172328375804 ], [ 134.961591902958133, -23.027578440177948 ] ] ] } },
{ "type": "Feature", "properties": { "species_id": "dusky-grasswren", "species_name": "Dusky Grasswren", "suitability": 0.55 }, "geometry": { "type": "Polygon", "coordinates": [ [ [ 131.580739313936846, -23.275447523332794 ], [ 131.580651819785572, -23.299590743261174 ], [ 131.634000193986452, -23.299739230246466 ], [ 131.63384737131878, -23.348023457960647 ], [ 131.767274513289976, -23.348306517538806 ], [ 131.767323090395053, -23.324164729578037 ], [ 131.79400301894745, -23.324206198689399 ], [ 131.79404600802286, -23.300063651069753 ], [ 131.634000193986452, -23.299739230246466 ], [ 131.634076557492222, -23.275595983998972 ], [ 131.580739313936846, -23.275447523332794 ] ] ] } },
{ "type": "Feature", "properties": { "species_id": "dusky-grasswren", "species_name": "Dusky Grasswren", "suitability": 0.95 }, "geometry": { "type": "Polygon", "coordinates": [ [ [ 132.834337107789139, -23.297746845234283 ], [ 132.834685475987328, -23.346030365295373 ], [ 132.888054203895734, -23.345704665564647 ], [ 132.887683562868972, -23.297421261136726 ], [ 132.834337107789139, -23.297746845234283 ] ] ] } },
{ "type": "Feature", "properties": { "species_id": "dusky-grasswren", "species_name": "Dusky Grasswren", "suitability": 0.55 }, "geometry": { "type": "Polygon", "coordinates": [ [ [ 133.021048305563141, -23.29651904746947 ], [ 133.021474626913175, -23.344802131481757 ], [ 133.048158453450384, -23.344606490295345 ], [ 133.047720996358663, -23.296323475736976 ], [ 133.021048305563141, -23.29651904746947 ] ] ] } },
{ "type": "Feature", "properties": { "species_id": "dusky-grasswren", "species_name": "Dusky Grasswren", "suitability": 0.55 }, "geometry": { "type": "Polygon", "coordinates": [ [ [ 130.273347563969878, -23.313792199267468 ], [ 130.272987125344201, -23.337932144694481 ], [ 130.326348826020478, -23.3385750635953 ], [ 130.326698130306539, -23.314435004013983 ], [ 130.273347563969878, -23.313792199267468 ] ] ] } },
{ "type": "Feature", "properties": { "species_id": "dusky-grasswren", "species_name": "Dusky Grasswren", "suitability": 0.55 }, "geometry": { "type": "Polygon", "coordinates": [ [ [ 132.674436815633385, -23.322744850701635 ], [ 132.674577618825651, -23.346886386378074 ], [ 132.701262422421593, -23.346756328595909 ], [ 132.701116049584869, -23.322614816023023 ], [ 132.674436815633385, -23.322744850701635 ] ] ] } },
{ "type": "Feature", "properties": { "species_id": "dusky-grasswren", "species_name": "Dusky Grasswren", "suitability": 0.75 }, "geometry": { "type": "Polygon", "coordinates": [ [ [ 132.941029708390374, -23.297075504750669 ], [ 132.94122612411951, -23.321217522060788 ], [ 132.887868844701927, -23.321563339804026 ], [ 132.888054203895734, -23.345704665564647 ], [ 132.968106708789065, -23.345178279546747 ], [ 132.967702659254115, -23.296895061997173 ], [ 132.941029708390374, -23.297075504750669 ] ] ] } },
{ "type": "Feature", "properties": { "species_id": "dusky-grasswren", "species_name": "Dusky Grasswren", "suitability": 0.55 }, "geometry": { "type": "Polygon", "coordinates": [ [ [ 132.967904641855029, -23.321037047286733 ], [ 132.968106708789065, -23.345178279546747 ], [ 132.994790711250147, -23.344992727905968 ], [ 132.994583075173153, -23.320851528604326 ], [ 132.967904641855029, -23.321037047286733 ] ] ] } },
{ "type": "Feature", "properties": { "species_id": "dusky-grasswren", "species_name": "Dusky Grasswren", "suitability": 0.65 }, "geometry": { "type": "Polygon", "coordinates": [ [ [ 132.994583075173153, -23.320851528604326 ], [ 132.994790711250147, -23.344992727905968 ], [ 133.021474626913175, -23.344802131481757 ], [ 133.021261421747568, -23.320660966034232 ], [ 132.994583075173153, -23.320851528604326 ] ] ] } },
{ "type": "Feature", "properties": { "species_id": "dusky-grasswren", "species_name": "Dusky Grasswren", "suitability": 0.55 }, "geometry": { "type": "Polygon", "coordinates": [ [ [ 133.074617845360137, -23.320264709316287 ], [ 133.074842188534092, -23.344405804368609 ], [ 133.101525829836646, -23.344200073723755 ], [ 133.10129591774583, -23.320059015212539 ], [ 133.074617845360137, -23.320264709316287 ] ] ] } },
{ "type": "Feature", "properties": { "species_id": "dusky-grasswren", "species_name": "Dusky Grasswren", "suitability": 0.75 }, "geometry": { "type": "Polygon", "coordinates": [ [ [ 135.173099104738014, -22.974646123047691 ], [ 135.201022499661377, -23.022333727440753 ], [ 135.227624541796217, -23.021725828166932 ], [ 135.230314295434766, -23.118296322594219 ], [ 135.177065632317124, -23.119507940415765 ], [ 135.178390012352423, -23.167788872643239 ], [ 135.205025572384613, -23.167185368340146 ], [ 135.205693724575866, -23.191324556463368 ], [ 135.153068561481177, -23.216665365409213 ], [ 135.153726165356488, -23.240803217688111 ], [ 135.232334553866224, -23.190715909072239 ], [ 135.233008534888143, -23.214854213670097 ], [ 135.259654633084295, -23.214240421347018 ], [ 135.261014545586363, -23.262514500103851 ], [ 135.287671466855244, -23.261895451505616 ], [ 135.288357405451137, -23.286031232011435 ], [ 135.315019597046472, -23.285407033752591 ], [ 135.316403453354013, -23.333676093542408 ], [ 135.343076476022759, -23.333046632057407 ], [ 135.342378842399512, -23.308912592622416 ], [ 135.369046012631003, -23.308278202077915 ], [ 135.36764050340966, -23.260008071200414 ], [ 135.394296265456234, -23.259368866494036 ], [ 135.392880822900793, -23.211095899720174 ], [ 135.366236166137526, -23.211734878483231 ], [ 135.364131854430354, -23.139319281413432 ], [ 135.39075987059573, -23.138680640452321 ], [ 135.390053475498036, -23.114540656287542 ], [ 135.363431001583905, -23.11517918494437 ], [ 135.361330193658205, -23.042754149640466 ], [ 135.307428979333224, -23.019871947954375 ], [ 135.306740646143169, -22.995727650582186 ], [ 135.253549033539116, -22.996968384075917 ], [ 135.252872044878103, -22.972823062736907 ], [ 135.173099104738014, -22.974646123047691 ] ], [ [ 135.204357698598471, -23.143045400300863 ], [ 135.230987434314983, -23.142436967362418 ], [ 135.231660853733672, -23.166576828245972 ], [ 135.205025572384613, -23.167185368340146 ], [ 135.204357698598471, -23.143045400300863 ] ], [ [ 135.339591216460946, -23.212368820097073 ], [ 135.366236166137526, -23.211734878483231 ], [ 135.36764050340966, -23.260008071200414 ], [ 135.340984448083219, -23.260642236984545 ], [ 135.339591216460946, -23.212368820097073 ] ] ] } },
{ "type": "Feature", "properties": { "species_id": "dusky-grasswren", "species_name": "Dusky Grasswren", "suitability": 0.65 }, "geometry": { "type": "Polygon", "coordinates": [ [ [ 130.326698130306539, -23.314435004013983 ], [ 130.326348826020478, -23.3385750635953 ], [ 130.299667901517552, -23.338256126161443 ], [ 130.299312881833714, -23.362395378310072 ], [ 130.352686016014559, -23.36302832162189 ], [ 130.353373633505186, -23.314748841644011 ], [ 130.326698130306539, -23.314435004013983 ] ] ] } },
{ "type": "Feature", "properties": { "species_id": "dusky-grasswren", "species_name": "Dusky Grasswren", "suitability": 0.55 }, "geometry": { "type": "Polygon", "coordinates": [ [ [ 130.353373633505186, -23.314748841644011 ], [ 130.352686016014559, -23.36302832162189 ], [ 130.432746789719459, -23.363939899009207 ], [ 130.433400995324547, -23.315660095144061 ], [ 130.353373633505186, -23.314748841644011 ] ] ] } },
{ "type": "Feature", "properties": { "species_id": "dusky-grasswren", "species_name": "Dusky Grasswren", "suitability": 0.85 }, "geometry": { "type": "Polygon", "coordinates": [ [ [ 132.701116049584869, -23.322614816023023 ], [ 132.701262422421593, -23.346756328595909 ], [ 132.754631843715146, -23.346481078106731 ], [ 132.754789421505137, -23.370621792901002 ], [ 132.781479606397397, -23.37047657439928 ], [ 132.781153375221947, -23.322194447544344 ], [ 132.701116049584869, -23.322614816023023 ] ] ] } },
{ "type": "Feature", "properties": { "species_id": "dusky-grasswren", "species_name": "Dusky Grasswren", "suitability": 0.75 }, "geometry": { "type": "Polygon", "coordinates": [ [ [ 132.781153375221947, -23.322194447544344 ], [ 132.781479606397397, -23.37047657439928 ], [ 132.808169723072382, -23.370326310067284 ], [ 132.808001001623182, -23.34618564782107 ], [ 132.861549742452581, -23.370010643980351 ], [ 132.834511255531993, -23.32188898168021 ], [ 132.781153375221947, -23.322194447544344 ] ] ] } },
{ "type": "Feature", "properties": { "species_id": "dusky-grasswren", "species_name": "Dusky Grasswren", "suitability": 0.65 }, "geometry": { "type": "Polygon", "coordinates": [ [ [ 129.339271475011202, -23.323415369773265 ], [ 129.338716025078867, -23.347551984480177 ], [ 129.365395710182838, -23.348052569292456 ], [ 129.365945594837058, -23.323915865674913 ], [ 129.339271475011202, -23.323415369773265 ] ] ] } },
{ "type": "Feature", "properties": { "species_id": "dusky-grasswren", "species_name": "Dusky Grasswren", "suitability": 0.65 }, "geometry": { "type": "Polygon", "coordinates": [ [ [ 132.808001001623182, -23.34618564782107 ], [ 132.808169723072382, -23.370326310067284 ], [ 132.834859769200619, -23.370170999921882 ], [ 132.834685475987328, -23.346030365295373 ], [ 132.808001001623182, -23.34618564782107 ] ] ] } },
{ "type": "Feature", "properties": { "species_id": "dusky-grasswren", "species_name": "Dusky Grasswren", "suitability": 0.65 }, "geometry": { "type": "Polygon", "coordinates": [ [ [ 132.861369877520872, -23.345870037870576 ], [ 132.861549742452581, -23.370010643980351 ], [ 132.888239640498824, -23.369845242260588 ], [ 132.888054203895734, -23.345704665564647 ], [ 132.861369877520872, -23.345870037870576 ] ] ] } },
{ "type": "Feature", "properties": { "species_id": "dusky-grasswren", "species_name": "Dusky Grasswren", "suitability": 0.55 }, "geometry": { "type": "Polygon", "coordinates": [ [ [ 131.046781354617508, -23.34527961335602 ], [ 131.046582311856099, -23.369420114451653 ], [ 131.099961801948439, -23.369770516205254 ], [ 131.099773823851592, -23.393910334374134 ], [ 131.126469261886939, -23.394077996482959 ], [ 131.126833993966841, -23.345797555246865 ], [ 131.046781354617508, -23.34527961335602 ] ] ] } },
{ "type": "Feature", "properties": { "species_id": "dusky-grasswren", "species_name": "Dusky Grasswren", "suitability": 0.65 }, "geometry": { "type": "Polygon", "coordinates": [ [ [ 132.727947164827498, -23.346621225833772 ], [ 132.728251240117658, -23.394901960272058 ], [ 132.781642824187514, -23.394616518294523 ], [ 132.781479606397397, -23.37047657439928 ], [ 132.727947164827498, -23.346621225833772 ] ] ] } },
{ "type": "Feature", "properties": { "species_id": "dusky-grasswren", "species_name": "Dusky Grasswren", "suitability": 0.65 }, "geometry": { "type": "Polygon", "coordinates": [ [ [ 131.073272016455121, -23.369597838194508 ], [ 131.073078464430381, -23.393737625615739 ], [ 131.099773823851592, -23.393910334374134 ], [ 131.099961801948439, -23.369770516205254 ], [ 131.073272016455121, -23.369597838194508 ] ] ] } },
{ "type": "Feature", "properties": { "species_id": "dusky-grasswren", "species_name": "Dusky Grasswren", "suitability": 0.55 }, "geometry": { "type": "Polygon", "coordinates": [ [ [ 133.688890058983276, -23.362537015556835 ], [ 133.689242763844504, -23.386675545955089 ], [ 133.715934747177698, -23.386353679774441 ], [ 133.715576470502754, -23.362215206655332 ], [ 133.688890058983276, -23.362537015556835 ] ] ] } },
{ "type": "Feature", "properties": { "species_id": "dusky-grasswren", "species_name": "Dusky Grasswren", "suitability": 0.85 }, "geometry": { "type": "Polygon", "coordinates": [ [ [ 134.140749328923732, -23.259822921849004 ], [ 134.142537110226073, -23.356380182755242 ], [ 134.169220660000889, -23.35597261574226 ], [ 134.196821315766613, -23.403833837364477 ], [ 134.223515626550153, -23.403416033254064 ], [ 134.223051311042838, -23.379279563594711 ], [ 134.24973985566848, -23.378856788875659 ], [ 134.250209743161378, -23.402993183230667 ], [ 134.303597384552262, -23.402132345634122 ], [ 134.30311635345879, -23.377996104578276 ], [ 134.383179586585982, -23.376667241708329 ], [ 134.38268204884514, -23.35253049190392 ], [ 134.409363811396702, -23.35207752867629 ], [ 134.408860914752609, -23.327940110081045 ], [ 134.248800669105947, -23.330581761591905 ], [ 134.194071725949868, -23.259003325427507 ], [ 134.140749328923732, -23.259822921849004 ] ] ] } },
{ "type": "Feature", "properties": { "species_id": "dusky-grasswren", "species_name": "Dusky Grasswren", "suitability": 0.75 }, "geometry": { "type": "Polygon", "coordinates": [ [ [ 131.286941266877307, -23.346697226991068 ], [ 131.286643410464421, -23.394977988484158 ], [ 131.259947549693834, -23.394840606646721 ], [ 131.259792951583535, -23.418979849262772 ], [ 131.313339333532213, -23.395110323552714 ], [ 131.313626043710599, -23.346829514967578 ], [ 131.286941266877307, -23.346697226991068 ] ] ] } },
{ "type": "Feature", "properties": { "species_id": "dusky-grasswren", "species_name": "Dusky Grasswren", "suitability": 0.55 }, "geometry": { "type": "Polygon", "coordinates": [ [ [ 130.379034347830668, -23.387475898629248 ], [ 130.378695754355135, -23.411613828565216 ], [ 130.40539382629774, -23.411917795951872 ], [ 130.405726845310625, -23.387779811857332 ], [ 130.379034347830668, -23.387475898629248 ] ] ] } },
{ "type": "Feature", "properties": { "species_id": "dusky-grasswren", "species_name": "Dusky Grasswren", "suitability": 0.55 }, "geometry": { "type": "Polygon", "coordinates": [ [ [ 131.019687990753624, -23.393377068227867 ], [ 131.019483205505509, -23.417516049941121 ], [ 131.04618397685951, -23.417698884526928 ], [ 131.046383185954141, -23.393559870227016 ], [ 131.019687990753624, -23.393377068227867 ] ] ] } },
{ "type": "Feature", "properties": { "species_id": "dusky-grasswren", "species_name": "Dusky Grasswren", "suitability": 0.65 }, "geometry": { "type": "Polygon", "coordinates": [ [ [ 131.740967591071239, -23.179251605102969 ], [ 131.740913579285319, -23.203397956258893 ], [ 131.687544312542457, -23.227435453048123 ], [ 131.687413928609971, -23.275724274921728 ], [ 131.634076557492222, -23.275595983998972 ], [ 131.63430545693663, -23.203161669618353 ], [ 131.607653500126958, -23.203089998536974 ], [ 131.607489813265857, -23.25138028128092 ], [ 131.527500800096135, -23.251134942834074 ], [ 131.527402216536757, -23.275278892989171 ], [ 131.634076557492222, -23.275595983998972 ], [ 131.634000193986452, -23.299739230246466 ], [ 131.580651819785572, -23.299590743261174 ], [ 131.580564289109049, -23.323733206947487 ], [ 131.420607649080608, -23.299024243096881 ], [ 131.42084936963218, -23.250737243845116 ], [ 131.287536234127884, -23.250126687279828 ], [ 131.287238874661426, -23.298413470167649 ], [ 131.313912514563697, -23.298545711175624 ], [ 131.313769309034086, -23.322687989393806 ], [ 131.287090101828483, -23.322555724916995 ], [ 131.286941266877307, -23.346697226991068 ], [ 131.313626043710599, -23.346829514967578 ], [ 131.313339333532213, -23.395110323552714 ], [ 131.286643410464421, -23.394977988484158 ], [ 131.259638288868899, -23.443118354549149 ], [ 131.286345305111013, -23.443255785402595 ], [ 131.28649438892478, -23.419117255592141 ], [ 131.3933007383269, -23.419616404080045 ], [ 131.393173970492938, -23.443755022979349 ], [ 131.473296034608524, -23.444076440649205 ], [ 131.473406065103603, -23.419937764391666 ], [ 131.526809850214107, -23.4201267658181 ], [ 131.526710978091643, -23.444265475810237 ], [ 131.633541342799191, -23.444582961870687 ], [ 131.633694420976354, -23.396304691582802 ], [ 131.793873943975854, -23.396629343178844 ], [ 131.820495624346222, -23.444944186605003 ], [ 131.847203460288085, -23.444975595143372 ], [ 131.847235380407227, -23.420836758422709 ], [ 131.873937650281732, -23.420863113494956 ], [ 131.873911309585452, -23.44500195491992 ], [ 131.9807427936409, -23.445056906356868 ], [ 131.980746816591278, -23.420918055124989 ], [ 132.00744911820658, -23.420919170860035 ], [ 132.007446007171978, -23.372639253522909 ], [ 132.034137156242281, -23.372635322788909 ], [ 132.034130029244523, -23.348494249889672 ], [ 132.007444452628931, -23.348498179924547 ], [ 132.007442898734865, -23.324356357913626 ], [ 132.034122905222006, -23.324352428576951 ], [ 132.034108666095335, -23.276066525341427 ], [ 132.007439792891972, -23.276070453284451 ], [ 132.007441345489326, -23.300213783647475 ], [ 131.874069188853468, -23.300157776116226 ], [ 131.874095463634063, -23.276014455680802 ], [ 131.847426621404026, -23.27598812870497 ], [ 131.847522062458609, -23.203553606310496 ], [ 131.767565672050921, -23.203444428465211 ], [ 131.767614127696874, -23.179298069109471 ], [ 131.740967591071239, -23.179251605102969 ] ], [ [ 131.634000193986452, -23.299739230246466 ], [ 131.79404600802286, -23.300063651069753 ], [ 131.79400301894745, -23.324206198689399 ], [ 131.767323090395053, -23.324164729578037 ], [ 131.767274513289976, -23.348306517538806 ], [ 131.63384737131878, -23.348023457960647 ], [ 131.634000193986452, -23.299739230246466 ] ], [ [ 131.340448576093223, -23.322815209778565 ], [ 131.393807280465126, -23.323054518215773 ], [ 131.393680724243922, -23.347196108912346 ], [ 131.34031088043497, -23.346956757955965 ], [ 131.340448576093223, -23.322815209778565 ] ] ] } },
{ "type": "Feature", "properties": { "species_id": "dusky-grasswren", "species_name": "Dusky Grasswren", "suitability": 0.55 }, "geometry": { "type": "Polygon", "coordinates": [ [ [ 134.727819559214879, -23.273837152983404 ], [ 134.728388768840745, -23.297975049171313 ], [ 134.621715528654846, -23.299998011794923 ], [ 134.622262724633231, -23.324135508528062 ], [ 134.595588274322779, -23.324628732905985 ], [ 134.595046641508958, -23.30049114866544 ], [ 134.51503863217377, -23.301940309313771 ], [ 134.51661411719229, -23.374351576449982 ], [ 134.543300373684616, -23.373873309789417 ], [ 134.54383154457733, -23.398008816623435 ], [ 134.73066798448744, -23.394519088249499 ], [ 134.731238383429485, -23.418653230798089 ], [ 134.757933940157926, -23.418134425590338 ], [ 134.757357969493, -23.394000375493384 ], [ 134.784047713772964, -23.393476617875557 ], [ 134.781143641692779, -23.272795607958926 ], [ 134.727819559214879, -23.273837152983404 ] ], [ [ 134.728388768840745, -23.297975049171313 ], [ 134.755056490182625, -23.297456705010816 ], [ 134.755631499808686, -23.32159375082577 ], [ 134.728958216032169, -23.32211218695377 ], [ 134.728388768840745, -23.297975049171313 ] ], [ [ 134.542238697008173, -23.325600054057304 ], [ 134.568913597673458, -23.32511691476715 ], [ 134.569449890973544, -23.349253831755384 ], [ 134.542769424541177, -23.349737056880979 ], [ 134.542238697008173, -23.325600054057304 ] ] ] } },
{ "type": "Feature", "properties": { "species_id": "dusky-grasswren", "species_name": "Dusky Grasswren", "suitability": 0.55 }, "geometry": { "type": "Polygon", "coordinates": [ [ [ 131.260410956803241, -23.322418416362776 ], [ 131.26010208324027, -23.37070062285456 ], [ 131.233411861299516, -23.370558219621781 ], [ 131.233571902196672, -23.346417516133275 ], [ 131.206887319005659, -23.346270093283174 ], [ 131.206721706276227, -23.370410770549572 ], [ 131.153341606300273, -23.370100734953713 ], [ 131.153164776205529, -23.394240611923358 ], [ 131.233251753551656, -23.394698178055727 ], [ 131.232931337336197, -23.44297587514188 ], [ 131.259638288868899, -23.443118354549149 ], [ 131.259947549693834, -23.394840606646721 ], [ 131.286643410464421, -23.394977988484158 ], [ 131.287090101828483, -23.322555724916995 ], [ 131.260410956803241, -23.322418416362776 ] ] ] } },
{ "type": "Feature", "properties": { "species_id": "dusky-grasswren", "species_name": "Dusky Grasswren", "suitability": 0.55 }, "geometry": { "type": "Polygon", "coordinates": [ [ [ 131.28649438892478, -23.419117255592141 ], [ 131.286345305111013, -23.443255785402595 ], [ 131.313052383728547, -23.443388167686891 ], [ 131.313195888602309, -23.419249614253129 ], [ 131.28649438892478, -23.419117255592141 ] ] ] } },
{ "type": "Feature", "properties": { "species_id": "dusky-grasswren", "species_name": "Dusky Grasswren", "suitability": 0.55 }, "geometry": { "type": "Polygon", "coordinates": [ [ [ 135.237734281718616, -23.383800933352788 ], [ 135.238410516191891, -23.407933166116955 ], [ 135.265101098328813, -23.407318502059393 ], [ 135.264419295247393, -23.383186378763419 ], [ 135.237734281718616, -23.383800933352788 ] ] ] } },
{ "type": "Feature", "properties": { "species_id": "dusky-grasswren", "species_name": "Dusky Grasswren", "suitability": 0.55 }, "geometry": { "type": "Polygon", "coordinates": [ [ [ 133.794136395726213, -23.26465881627897 ], [ 133.794510761672939, -23.288800124166038 ], [ 133.847848799590565, -23.2881114696991 ], [ 133.902377028612392, -23.359821288979667 ], [ 133.955747157442488, -23.359091910138499 ], [ 133.984088962673411, -23.45526660940617 ], [ 134.037502653622965, -23.454506421541563 ], [ 134.037076989844223, -23.430370926642297 ], [ 134.063777991886127, -23.429983329855308 ], [ 134.062916049685271, -23.38171026495797 ], [ 134.036226195582714, -23.38209772360474 ], [ 134.035801064877262, -23.357960007777447 ], [ 133.955747157442488, -23.359091910138499 ], [ 133.928256986234658, -23.311180909875503 ], [ 133.874908793406206, -23.311899943958718 ], [ 133.874126526064885, -23.263618455820406 ], [ 133.794136395726213, -23.26465881627897 ] ], [ [ 134.009536163723027, -23.382480136920982 ], [ 134.036226195582714, -23.38209772360474 ], [ 134.036651503867944, -23.406234695278474 ], [ 134.009955899090727, -23.406617176722104 ], [ 134.009536163723027, -23.382480136920982 ] ] ] } },
{ "type": "Feature", "properties": { "species_id": "dusky-grasswren", "species_name": "Dusky Grasswren", "suitability": 0.75 }, "geometry": { "type": "Polygon", "coordinates": [ [ [ 131.099397632001683, -23.442187750377482 ], [ 131.099209418150082, -23.466325355905823 ], [ 131.125921592093988, -23.466493107798382 ], [ 131.126104224978405, -23.442355472302847 ], [ 131.099397632001683, -23.442187750377482 ] ] ] } },
{ "type": "Feature", "properties": { "species_id": "dusky-grasswren", "species_name": "Dusky Grasswren", "suitability": 0.55 }, "geometry": { "type": "Polygon", "coordinates": [ [ [ 133.528768576073844, -23.364361923911716 ], [ 133.529407253631746, -23.4126388917248 ], [ 133.502708712055096, -23.412925487357516 ], [ 133.503022673897192, -23.437062912255943 ], [ 133.529726792559387, -23.436776265489911 ], [ 133.530366271130447, -23.485048811969822 ], [ 133.557081417110538, -23.484757013089567 ], [ 133.556756029347724, -23.460621157578185 ], [ 133.583465457569332, -23.460324362155863 ], [ 133.582142962247332, -23.363773801365951 ], [ 133.528768576073844, -23.364361923911716 ] ] ] } },
{ "type": "Feature", "properties": { "species_id": "dusky-grasswren", "species_name": "Dusky Grasswren", "suitability": 0.65 }, "geometry": { "type": "Polygon", "coordinates": [ [ [ 131.126104224978405, -23.442355472302847 ], [ 131.099021125614968, -23.49046223158356 ], [ 131.17917462443441, -23.490950426443263 ], [ 131.179517637734847, -23.442675770730467 ], [ 131.126104224978405, -23.442355472302847 ] ] ] } },
{ "type": "Feature", "properties": { "species_id": "dusky-grasswren", "species_name": "Dusky Grasswren", "suitability": 0.55 }, "geometry": { "type": "Polygon", "coordinates": [ [ [ 131.179517637734847, -23.442675770730467 ], [ 131.17917462443441, -23.490950426443263 ], [ 131.205892604092355, -23.491103057468973 ], [ 131.20622445284684, -23.442828347196823 ], [ 131.179517637734847, -23.442675770730467 ] ] ] } },
{ "type": "Feature", "properties": { "species_id": "dusky-grasswren", "species_name": "Dusky Grasswren", "suitability": 0.65 }, "geometry": { "type": "Polygon", "coordinates": [ [ [ 135.265101098328813, -23.407318502059393 ], [ 135.265783186209006, -23.431449883501649 ], [ 135.319868153064306, -23.454335621123501 ], [ 135.291791395382546, -23.406698793451941 ], [ 135.265101098328813, -23.407318502059393 ] ] ] } },
{ "type": "Feature", "properties": { "species_id": "dusky-grasswren", "species_name": "Dusky Grasswren", "suitability": 0.65 }, "geometry": { "type": "Polygon", "coordinates": [ [ [ 130.751959174200238, -23.463685097962294 ], [ 130.751698303792494, -23.487821501403332 ], [ 130.778414854239657, -23.488054934929906 ], [ 130.778670142103749, -23.463918489747183 ], [ 130.751959174200238, -23.463685097962294 ] ] ] } },
{ "type": "Feature", "properties": { "species_id": "dusky-grasswren", "species_name": "Dusky Grasswren", "suitability": 0.55 }, "geometry": { "type": "Polygon", "coordinates": [ [ [ 130.778670142103749, -23.463918489747183 ], [ 130.778414854239657, -23.488054934929906 ], [ 130.805131511535308, -23.488283318472636 ], [ 130.80538121678876, -23.464146832450716 ], [ 130.778670142103749, -23.463918489747183 ] ] ] } },
{ "type": "Feature", "properties": { "species_id": "dusky-grasswren", "species_name": "Dusky Grasswren", "suitability": 0.55 }, "geometry": { "type": "Polygon", "coordinates": [ [ [ 130.965649776565357, -23.465410856570699 ], [ 130.965433568300142, -23.489547568673185 ], [ 131.018868336098592, -23.489928584439951 ], [ 131.019073378231667, -23.465791804198933 ], [ 130.965649776565357, -23.465410856570699 ] ] ] } },
{ "type": "Feature", "properties": { "species_id": "dusky-grasswren", "species_name": "Dusky Grasswren", "suitability": 0.75 }, "geometry": { "type": "Polygon", "coordinates": [ [ [ 133.949235574840685, -22.972780933527179 ], [ 133.949641278271741, -22.996931274724862 ], [ 133.923039583649285, -22.997297516453923 ], [ 133.923439919783078, -23.02144711650655 ], [ 133.950047150606707, -23.02108081070649 ], [ 133.950859402410458, -23.069377482316245 ], [ 133.871003973058663, -23.070461683058269 ], [ 133.871783635485372, -23.118755560609358 ], [ 133.898413366436699, -23.11839906912061 ], [ 133.898808989296811, -23.142544764503199 ], [ 133.978713826250498, -23.141444882261787 ], [ 133.952892995133396, -23.190105337848252 ], [ 134.00660291712444, -23.213499809420231 ], [ 134.007021428014781, -23.237642138319426 ], [ 134.033678071158448, -23.237260131894683 ], [ 134.033254003600035, -23.213117870499293 ], [ 134.00660291712444, -23.213499809420231 ], [ 134.004930617351278, -23.116922746151022 ], [ 134.058188206702198, -23.116154371027697 ], [ 134.0856858263611, -23.164052310566518 ], [ 134.112325269224868, -23.16365539459348 ], [ 134.113206191875832, -23.211941819415827 ], [ 134.086555643293451, -23.212338875454048 ], [ 134.060764340558052, -23.261014511222495 ], [ 133.954115186923218, -23.26253272540011 ], [ 133.95452292418301, -23.286673656623886 ], [ 133.87451757812812, -23.287759579389157 ], [ 133.874908793406206, -23.311899943958718 ], [ 133.954930831618441, -23.31081382859545 ], [ 133.955338909336064, -23.334953245153674 ], [ 133.982018150430207, -23.334581055030391 ], [ 133.981604506549985, -23.310441704544068 ], [ 134.1149702430925, -23.308505444183588 ], [ 134.116295215307332, -23.380920211845986 ], [ 134.142984522171218, -23.380517617468996 ], [ 134.143879906823656, -23.428790257171791 ], [ 134.170580173637916, -23.428382472318081 ], [ 134.171487463085668, -23.476652018981152 ], [ 134.198198696359981, -23.476239039719569 ], [ 134.198658207089466, -23.500372643376494 ], [ 134.225374829581199, -23.499954540658663 ], [ 134.224444839622009, -23.451686753511567 ], [ 134.197739377643188, -23.452104706730029 ], [ 134.197280250818807, -23.427969640560352 ], [ 134.250209743161378, -23.402993183230667 ], [ 134.24973985566848, -23.378856788875659 ], [ 134.196821315766613, -23.403833837364477 ], [ 134.196362572366468, -23.3796972932976 ], [ 134.142537110226073, -23.356380182755242 ], [ 134.140749328923732, -23.259822921849004 ], [ 134.194071725949868, -23.259003325427507 ], [ 134.248800669105947, -23.330581761591905 ], [ 134.355016756919838, -23.304702501010237 ], [ 134.354034255809182, -23.25642356336817 ], [ 134.327374333242432, -23.256866124768699 ], [ 134.326403764289125, -23.208583972640788 ], [ 134.353052574052981, -23.208141567681064 ], [ 134.352562040112673, -23.183999413484173 ], [ 134.325918783277956, -23.184441740377849 ], [ 134.324949427554287, -23.13615494429196 ], [ 134.351581585467954, -23.135712773222316 ], [ 134.351091664508175, -23.111568279496716 ], [ 134.430970265369638, -23.110211789816258 ], [ 134.431983592842357, -23.158499516127929 ], [ 134.538529797733162, -23.156619714310896 ], [ 134.539058977870212, -23.180762073974044 ], [ 134.592882368556218, -23.203933195150455 ], [ 134.593964053654616, -23.252213702889851 ], [ 134.620621821427022, -23.251720740689592 ], [ 134.621168560967021, -23.275859757127598 ], [ 134.487849692108597, -23.278274596645179 ], [ 134.488368854168129, -23.302413279363261 ], [ 134.621715528654846, -23.299998011794923 ], [ 134.621168560967021, -23.275859757127598 ], [ 134.647831658891732, -23.27536166697088 ], [ 134.646727293362545, -23.227083044708031 ], [ 134.673379046426078, -23.226580091925396 ], [ 134.673936669955054, -23.250719696977509 ], [ 134.727250587005898, -23.249698494553829 ], [ 134.726681852065326, -23.225559070047762 ], [ 134.779983708277229, -23.224517893464128 ], [ 134.780563554035325, -23.248657133870914 ], [ 134.807219675497521, -23.248128894325959 ], [ 134.806634274557013, -23.223989747301196 ], [ 134.859934671883565, -23.22291833952486 ], [ 134.860531182728835, -23.247057297121668 ], [ 134.887186563863196, -23.24651393958084 ], [ 134.859338409727513, -23.198778611404027 ], [ 134.806049117678441, -23.199849830001416 ], [ 134.806634274557013, -23.223989747301196 ], [ 134.779983708277229, -23.224517893464128 ], [ 134.779404104267229, -23.200377882905258 ], [ 134.725545093396164, -23.177277907473158 ], [ 134.700030566765889, -23.226072100353285 ], [ 134.673379046426078, -23.226580091925396 ], [ 134.672821655388645, -23.202439717200686 ], [ 134.592882368556218, -23.203933195150455 ], [ 134.538000838100174, -23.132476574053303 ], [ 134.458108149970116, -23.133893730697217 ], [ 134.455549763450023, -23.013164943917452 ], [ 134.349134020110597, -23.014982391313783 ], [ 134.35011243467585, -23.063276925713744 ], [ 134.403342874014527, -23.062377949877476 ], [ 134.40384346933277, -23.086523864682849 ], [ 134.350601947619964, -23.08742299826956 ], [ 134.351091664508175, -23.111568279496716 ], [ 134.29783823870585, -23.112447431080476 ], [ 134.297359609316118, -23.088301995424594 ], [ 134.270738139716258, -23.08873394271928 ], [ 134.271684507767191, -23.137024178614634 ], [ 134.245051750518769, -23.13745124177203 ], [ 134.244584014289728, -23.113306442316308 ], [ 134.191329009748983, -23.11414531282637 ], [ 134.189960221205695, -23.041705735039617 ], [ 134.163349058509368, -23.042117400614941 ], [ 134.16244855502481, -22.993820219165912 ], [ 134.082647169195326, -22.995024598064784 ], [ 134.083080720923476, -23.019173800509918 ], [ 134.056474359054818, -23.01956526657062 ], [ 134.056046342985468, -22.995415995660888 ], [ 133.976242803821577, -22.996560001740232 ], [ 133.975831566597662, -22.972409725406667 ], [ 133.949235574840685, -22.972780933527179 ] ], [ [ 134.113206191875832, -23.211941819415827 ], [ 134.139856556525189, -23.211539724425652 ], [ 134.140302849633912, -23.235681706915319 ], [ 134.113646928768162, -23.236083872965441 ], [ 134.113206191875832, -23.211941819415827 ] ], [ [ 134.086990823854308, -23.236480999174599 ], [ 134.113646928768162, -23.236083872965441 ], [ 134.114087849524992, -23.260225159052574 ], [ 134.087426185962954, -23.260622355525047 ], [ 134.086990823854308, -23.236480999174599 ] ] ] } },
{ "type": "Feature", "properties": { "species_id": "dusky-grasswren", "species_name": "Dusky Grasswren", "suitability": 0.65 }, "geometry": { "type": "Polygon", "coordinates": [ [ [ 130.858565137327503, -23.488724935504766 ], [ 130.858326497750085, -23.51286077408993 ], [ 130.885049046710918, -23.513074045711164 ], [ 130.885282101151603, -23.488938168944575 ], [ 130.858565137327503, -23.488724935504766 ] ] ] } },
{ "type": "Feature", "properties": { "species_id": "dusky-grasswren", "species_name": "Dusky Grasswren", "suitability": 0.55 }, "geometry": { "type": "Polygon", "coordinates": [ [ [ 130.885282101151603, -23.488938168944575 ], [ 130.885049046710918, -23.513074045711164 ], [ 130.911771693236517, -23.513282266345605 ], [ 130.911999162479304, -23.489146352301425 ], [ 130.885282101151603, -23.488938168944575 ] ] ] } },
{ "type": "Feature", "properties": { "species_id": "dusky-grasswren", "species_name": "Dusky Grasswren", "suitability": 0.65 }, "geometry": { "type": "Polygon", "coordinates": [ [ [ 130.938716318974315, -23.489349485551866 ], [ 130.93849443498911, -23.513485435969862 ], [ 130.965217269630813, -23.513683554560984 ], [ 130.965433568300142, -23.489547568673185 ], [ 130.938716318974315, -23.489349485551866 ] ] ] } },
{ "type": "Feature", "properties": { "species_id": "dusky-grasswren", "species_name": "Dusky Grasswren", "suitability": 0.75 }, "geometry": { "type": "Polygon", "coordinates": [ [ [ 130.965433568300142, -23.489547568673185 ], [ 130.965217269630813, -23.513683554560984 ], [ 131.045386307511052, -23.514247603916157 ], [ 131.045585849898146, -23.490111517042571 ], [ 130.965433568300142, -23.489547568673185 ] ] ] } },
{ "type": "Feature", "properties": { "species_id": "dusky-grasswren", "species_name": "Dusky Grasswren", "suitability": 0.55 }, "geometry": { "type": "Polygon", "coordinates": [ [ [ 130.725248315412898, -23.46344665712234 ], [ 130.724715298237584, -23.511718652041125 ], [ 130.777903958218815, -23.536325649453165 ], [ 130.778159459633656, -23.512190653548121 ], [ 130.75143732430908, -23.51195717822522 ], [ 130.751959174200238, -23.463685097962294 ], [ 130.725248315412898, -23.46344665712234 ] ] ] } },
{ "type": "Feature", "properties": { "species_id": "dusky-grasswren", "species_name": "Dusky Grasswren", "suitability": 0.55 }, "geometry": { "type": "Polygon", "coordinates": [ [ [ 130.510943303262422, -23.509628614902777 ], [ 130.510631932981795, -23.533763151584573 ], [ 130.564085369903864, -23.534316064156339 ], [ 130.564385567018377, -23.510181428392986 ], [ 130.510943303262422, -23.509628614902777 ] ] ] } },
{ "type": "Feature", "properties": { "species_id": "dusky-grasswren", "species_name": "Dusky Grasswren", "suitability": 0.55 }, "geometry": { "type": "Polygon", "coordinates": [ [ [ 131.072884831541472, -23.417876671603011 ], [ 131.072303447182492, -23.490289399430395 ], [ 131.045585849898146, -23.490111517042571 ], [ 131.045386307511052, -23.514247603916157 ], [ 130.965217269630813, -23.513683554560984 ], [ 130.965000880500611, -23.537818818085622 ], [ 131.045186681670145, -23.538382968558896 ], [ 131.072303447182492, -23.490289399430395 ], [ 131.099021125614968, -23.49046223158356 ], [ 131.09864430429684, -23.538733808789736 ], [ 131.125373235145588, -23.538901650819597 ], [ 131.125738882858968, -23.490630013482495 ], [ 131.099021125614968, -23.49046223158356 ], [ 131.099397632001683, -23.442187750377482 ], [ 131.126104224978405, -23.442355472302847 ], [ 131.12628678156014, -23.418217103146969 ], [ 131.072884831541472, -23.417876671603011 ] ] ] } },
{ "type": "Feature", "properties": { "species_id": "dusky-grasswren", "species_name": "Dusky Grasswren", "suitability": 0.55 }, "geometry": { "type": "Polygon", "coordinates": [ [ [ 131.179003010212313, -23.515086663545556 ], [ 131.178831324215651, -23.539222178613826 ], [ 131.232289700851027, -23.539522497934556 ], [ 131.232450210584147, -23.515386929033376 ], [ 131.179003010212313, -23.515086663545556 ] ] ] } },
{ "type": "Feature", "properties": { "species_id": "dusky-grasswren", "species_name": "Dusky Grasswren", "suitability": 0.55 }, "geometry": { "type": "Polygon", "coordinates": [ [ [ 131.339345398656008, -23.515926844921516 ], [ 131.339207241943967, -23.540062510623425 ], [ 131.365936777697556, -23.540184883299307 ], [ 131.366069346059959, -23.516049195660955 ], [ 131.339345398656008, -23.515926844921516 ] ] ] } },
{ "type": "Feature", "properties": { "species_id": "dusky-grasswren", "species_name": "Dusky Grasswren", "suitability": 0.85 }, "geometry": { "type": "Polygon", "coordinates": [ [ [ 132.354356050348002, -23.348053566616183 ], [ 132.327807538851914, -23.396399305838333 ], [ 132.354504073040772, -23.396334810957228 ], [ 132.354578130771102, -23.420474319964761 ], [ 132.407982257863438, -23.420330163751668 ], [ 132.408152788026939, -23.468606923179252 ], [ 132.381439580238776, -23.46868155184119 ], [ 132.381519314842166, -23.492818849006664 ], [ 132.408238106578864, -23.492744206993944 ], [ 132.408408850734929, -23.541016602079146 ], [ 132.461772107305052, -23.516716300345134 ], [ 132.461965281899069, -23.564987197041749 ], [ 132.488700725133327, -23.564897355216711 ], [ 132.488394258166579, -23.49248997792909 ], [ 132.434956862603315, -23.492664514470654 ], [ 132.434775095634848, -23.444389246014573 ], [ 132.488190160306402, -23.444214771868058 ], [ 132.488292187909224, -23.468352739586464 ], [ 132.541831482834283, -23.49229523946034 ], [ 132.541491910979971, -23.419881436811885 ], [ 132.48808817533137, -23.420076070924445 ], [ 132.514575072090452, -23.371701694569328 ], [ 132.487884333157808, -23.371796453970649 ], [ 132.487782475905959, -23.347655530268515 ], [ 132.434412017074294, -23.347829880114606 ], [ 132.434502729851829, -23.371970834830705 ], [ 132.407811870138232, -23.372050456270024 ], [ 132.40772672963422, -23.347909487393032 ], [ 132.354356050348002, -23.348053566616183 ] ], [ [ 132.354430046239543, -23.372194561122829 ], [ 132.381120974824171, -23.372125031703519 ], [ 132.381200576269691, -23.396265269155535 ], [ 132.354504073040772, -23.396334810957228 ], [ 132.354430046239543, -23.372194561122829 ] ], [ [ 132.407897046207211, -23.396190680441141 ], [ 132.461289876882461, -23.396026362307925 ], [ 132.461386242375255, -23.420165816322424 ], [ 132.407982257863438, -23.420330163751668 ], [ 132.407897046207211, -23.396190680441141 ] ] ] } },
{ "type": "Feature", "properties": { "species_id": "dusky-grasswren", "species_name": "Dusky Grasswren", "suitability": 0.65 }, "geometry": { "type": "Polygon", "coordinates": [ [ [ 132.167487886459242, -23.300114561106643 ], [ 132.167592810290813, -23.372539978080553 ], [ 132.140901699421761, -23.372569139154489 ], [ 132.140931128493264, -23.396709455697657 ], [ 132.087537722645322, -23.396752647342382 ], [ 132.087519443112512, -23.372612323108523 ], [ 132.06082830233251, -23.372626345983775 ], [ 132.060853717151701, -23.420906258720404 ], [ 132.194365080642427, -23.420785640707614 ], [ 132.194405693140851, -23.444924468303977 ], [ 132.167697865665133, -23.44495869373846 ], [ 132.167838144547432, -23.541506736547497 ], [ 132.194568312995642, -23.54147248660081 ], [ 132.194609010477905, -23.565607687410985 ], [ 132.248080476063905, -23.565524015388984 ], [ 132.248028596446488, -23.541388829595871 ], [ 132.194568312995642, -23.54147248660081 ], [ 132.247873087703681, -23.46897895076971 ], [ 132.301299766093251, -23.468875140102952 ], [ 132.301362748731407, -23.493012471900897 ], [ 132.354874671371221, -23.517025024681839 ], [ 132.354800489730508, -23.492888440500501 ], [ 132.328081633581178, -23.492952981467663 ], [ 132.328013066936109, -23.468815660310607 ], [ 132.354726339096572, -23.468751130887604 ], [ 132.354578130771102, -23.420474319964761 ], [ 132.327876019589439, -23.420538826344782 ], [ 132.327807538851914, -23.396399305838333 ], [ 132.301110976034494, -23.396458753791801 ], [ 132.301173879761279, -23.42059828489727 ], [ 132.194365080642427, -23.420785640707614 ], [ 132.194324485108865, -23.396646076203879 ], [ 132.167627814120863, -23.396680289430325 ], [ 132.167592810290813, -23.372539978080553 ], [ 132.220974985807544, -23.372466517755026 ], [ 132.221021139125696, -23.396606816022164 ], [ 132.247717773839923, -23.396562508889502 ], [ 132.247510991200784, -23.299996864288737 ], [ 132.167487886459242, -23.300114561106643 ] ] ] } },
{ "type": "Feature", "properties": { "species_id": "dusky-grasswren", "species_name": "Dusky Grasswren", "suitability": 0.55 }, "geometry": { "type": "Polygon", "coordinates": [ [ [ 132.781479606397397, -23.37047657439928 ], [ 132.781642824187514, -23.394616518294523 ], [ 132.728251240117658, -23.394901960272058 ], [ 132.728403373044472, -23.419041213826006 ], [ 132.755104774592127, -23.41890099121575 ], [ 132.728707829660692, -23.467317512835674 ], [ 132.782132886880106, -23.467031917996277 ], [ 132.782296377694337, -23.491168920061448 ], [ 132.862450195013963, -23.490702573713069 ], [ 132.862630511436919, -23.514838766430113 ], [ 132.916077187598717, -23.514502557233389 ], [ 132.916268755370055, -23.538637967583121 ], [ 132.969726286603475, -23.538281489901006 ], [ 132.969929114918415, -23.562416117952957 ], [ 133.050131539416782, -23.561843408621691 ], [ 133.049692434191371, -23.513573639516895 ], [ 133.183305384396391, -23.512518445754235 ], [ 133.183058043645985, -23.488382668454229 ], [ 133.209774747430629, -23.488156517324196 ], [ 133.210027673154656, -23.51229225413098 ], [ 133.290193894786285, -23.511583373972535 ], [ 133.289654647016164, -23.463311427455391 ], [ 133.236232942812251, -23.463788894194199 ], [ 133.209016604254856, -23.4157449322616 ], [ 133.128916408148086, -23.416407880192175 ], [ 133.128680632001391, -23.392269095981344 ], [ 133.075291156003516, -23.392685750213278 ], [ 133.075066625395664, -23.368546150053117 ], [ 133.021687921115671, -23.368942547654083 ], [ 132.99541413996721, -23.417411845801496 ], [ 132.968713416118646, -23.417597496577429 ], [ 132.969320884350992, -23.490010074739281 ], [ 132.996038350555665, -23.489824324437429 ], [ 132.996246594755291, -23.513960359883271 ], [ 132.942800406600497, -23.51432687590426 ], [ 132.942603333357852, -23.490190774837767 ], [ 132.889167986352675, -23.490537024344146 ], [ 132.888982161974781, -23.466400135290396 ], [ 132.915694292262259, -23.466229566169147 ], [ 132.915311716866285, -23.417953655613807 ], [ 132.888610746126943, -23.418124163834456 ], [ 132.888982161974781, -23.466400135290396 ], [ 132.862269953957536, -23.466565655052037 ], [ 132.861729682515033, -23.39415050490777 ], [ 132.835034135217455, -23.394310889403503 ], [ 132.834859769200619, -23.370170999921882 ], [ 132.781479606397397, -23.37047657439928 ] ], [ [ 132.781969464386094, -23.442894186245969 ], [ 132.808676310454985, -23.442743841535535 ], [ 132.808845314074858, -23.466881546422684 ], [ 132.782132886880106, -23.467031917996277 ], [ 132.781969464386094, -23.442894186245969 ] ] ] } },
{ "type": "Feature", "properties": { "species_id": "dusky-grasswren", "species_name": "Dusky Grasswren", "suitability": 0.65 }, "geometry": { "type": "Polygon", "coordinates": [ [ [ 131.98073876900898, -23.46919502456063 ], [ 131.980734742694466, -23.493332413585883 ], [ 131.900577621331621, -23.493298761129761 ], [ 131.900556834014935, -23.517435418800133 ], [ 131.84710761984411, -23.517387722422278 ], [ 131.820307891366951, -23.565627423376309 ], [ 131.847043659392227, -23.565658860051663 ], [ 131.847075646306024, -23.541523650057218 ], [ 131.927266248085829, -23.541587628879004 ], [ 131.927281455324248, -23.517451689774276 ], [ 131.954006082997637, -23.51746290926916 ], [ 131.953996464535749, -23.541598850385586 ], [ 132.034187128690775, -23.541602200585896 ], [ 132.034165694023272, -23.469192207154567 ], [ 131.98073876900898, -23.46919502456063 ] ] ] } },
{ "type": "Feature", "properties": { "species_id": "dusky-grasswren", "species_name": "Dusky Grasswren", "suitability": 0.55 }, "geometry": { "type": "Polygon", "coordinates": [ [ [ 129.762347081401799, -23.5239008738485 ], [ 129.761879130840725, -23.548032921952856 ], [ 129.788606837303377, -23.548453407562587 ], [ 129.789069201830273, -23.52432128406392 ], [ 129.762347081401799, -23.5239008738485 ] ] ] } },
{ "type": "Feature", "properties": { "species_id": "dusky-grasswren", "species_name": "Dusky Grasswren", "suitability": 0.75 }, "geometry": { "type": "Polygon", "coordinates": [ [ [ 134.408860914752609, -23.327940110081045 ], [ 134.383179586585982, -23.376667241708329 ], [ 134.30311635345879, -23.377996104578276 ], [ 134.303597384552262, -23.402132345634122 ], [ 134.330290904674769, -23.401694358157219 ], [ 134.304560049737404, -23.450402607784305 ], [ 134.357969186648404, -23.449521272720418 ], [ 134.358461978053668, -23.473655144000922 ], [ 134.38517181690321, -23.473206825140398 ], [ 134.35747660111042, -23.425386667655182 ], [ 134.410873761842652, -23.424485303613835 ], [ 134.411377499267985, -23.448619747785937 ], [ 134.438081340640821, -23.448161414243117 ], [ 134.44012072319569, -23.544691561196668 ], [ 134.466846677253415, -23.54422784847976 ], [ 134.467362643296951, -23.568358495586391 ], [ 134.547555961489905, -23.566936797293938 ], [ 134.547023234455935, -23.542806405323027 ], [ 134.520297935220015, -23.543285270489879 ], [ 134.519244315902398, -23.49502215368441 ], [ 134.572672358272229, -23.494059717570064 ], [ 134.571597304903207, -23.44579403784244 ], [ 134.651704205481849, -23.444313046971502 ], [ 134.652258351175078, -23.468445987643946 ], [ 134.67896576787723, -23.467942140179385 ], [ 134.627747271904866, -23.565469634480358 ], [ 134.707936511429324, -23.563957008633796 ], [ 134.707370266230811, -23.53982715134569 ], [ 134.760817406042321, -23.538793663087993 ], [ 134.761394822788617, -23.562923334917947 ], [ 134.78812361696049, -23.562398921288381 ], [ 134.760240230687458, -23.51466327116626 ], [ 134.733522363796169, -23.515182447394249 ], [ 134.732951010715766, -23.491051238593815 ], [ 134.785793069521105, -23.465876273620989 ], [ 134.785211041208555, -23.441743791924942 ], [ 134.75851015145895, -23.442267736361295 ], [ 134.757933940157926, -23.418134425590338 ], [ 134.544362937358187, -23.422143581225178 ], [ 134.51661411719229, -23.374351576449982 ], [ 134.489927641055289, -23.374824798644124 ], [ 134.517665537436784, -23.422622018327782 ], [ 134.464270080163089, -23.423563753700698 ], [ 134.463755406425321, -23.399428735960033 ], [ 134.410873761842652, -23.424485303613835 ], [ 134.409866918038716, -23.376214197902396 ], [ 134.463240947599814, -23.375292976318907 ], [ 134.462726703552022, -23.351156470934889 ], [ 134.408860914752609, -23.327940110081045 ] ], [ [ 134.437572027469059, -23.424027051865732 ], [ 134.464270080163089, -23.423563753700698 ], [ 134.464784968947754, -23.447698033384757 ], [ 134.438081340640821, -23.448161414243117 ], [ 134.437572027469059, -23.424027051865732 ] ], [ [ 134.731809020681965, -23.442786634141978 ], [ 134.75851015145895, -23.442267736361295 ], [ 134.759086603546905, -23.466400311650411 ], [ 134.732379896394235, -23.466919302125309 ], [ 134.731809020681965, -23.442786634141978 ] ] ] } },
{ "type": "Feature", "properties": { "species_id": "dusky-grasswren", "species_name": "Dusky Grasswren", "suitability": 0.55 }, "geometry": { "type": "Polygon", "coordinates": [ [ [ 132.247873087703681, -23.46897895076971 ], [ 132.247924902279919, -23.493116301139224 ], [ 132.221205945352892, -23.493160639932743 ], [ 132.221298464408733, -23.541433184282177 ], [ 132.248028596446488, -23.541388829595871 ], [ 132.248080476063905, -23.565524015388984 ], [ 132.355023127750627, -23.565296032159832 ], [ 132.355097402528287, -23.589430463165233 ], [ 132.381838586881827, -23.58936082171823 ], [ 132.381599082787261, -23.516955420724148 ], [ 132.354874671371221, -23.517025024681839 ], [ 132.354948884038095, -23.541160887283674 ], [ 132.274758706768523, -23.541339422547086 ], [ 132.274643837518568, -23.493066911793473 ], [ 132.301362748731407, -23.493012471900897 ], [ 132.301425757706369, -23.517149078296235 ], [ 132.328150228898011, -23.517089577208257 ], [ 132.328081633581178, -23.492952981467663 ], [ 132.301362748731407, -23.493012471900897 ], [ 132.301299766093251, -23.468875140102952 ], [ 132.247873087703681, -23.46897895076971 ] ] ] } },
{ "type": "Feature", "properties": { "species_id": "dusky-grasswren", "species_name": "Dusky Grasswren", "suitability": 0.65 }, "geometry": { "type": "Polygon", "coordinates": [ [ [ 132.809014388348004, -23.491018521589446 ], [ 132.809352749031376, -23.539290298165049 ], [ 132.702288746038136, -23.515726165017504 ], [ 132.675847498124057, -23.564126973514472 ], [ 132.72916499208992, -23.539726498842885 ], [ 132.729317507060756, -23.563861386249741 ], [ 132.862991370571478, -23.563108989440913 ], [ 132.890098274731287, -23.611210656927391 ], [ 132.970335026191805, -23.610683234271395 ], [ 132.943194800401358, -23.562596915253629 ], [ 132.889912061360974, -23.587077359255925 ], [ 132.862450195013963, -23.490702573713069 ], [ 132.809014388348004, -23.491018521589446 ] ] ] } },
{ "type": "Feature", "properties": { "species_id": "dusky-grasswren", "species_name": "Dusky Grasswren", "suitability": 0.55 }, "geometry": { "type": "Polygon", "coordinates": [ [ [ 131.071332851227965, -23.610962809715055 ], [ 131.071138488275352, -23.635095356042161 ], [ 131.124641021402283, -23.635436337267972 ], [ 131.124824189747784, -23.611303729545007 ], [ 131.071332851227965, -23.610962809715055 ] ] ] } },
{ "type": "Feature", "properties": { "species_id": "dusky-grasswren", "species_name": "Dusky Grasswren", "suitability": 0.65 }, "geometry": { "type": "Polygon", "coordinates": [ [ [ 133.076865500095579, -23.561642399773284 ], [ 133.077090782792794, -23.585776174260392 ], [ 132.996871850129025, -23.586364147845025 ], [ 133.051010852879216, -23.658374401507722 ], [ 133.077767196781963, -23.658173247912988 ], [ 133.07754163107677, -23.634041594472453 ], [ 133.104292281171155, -23.633835421577693 ], [ 133.104523446135886, -23.657967037849705 ], [ 133.158035651810593, -23.657539448411544 ], [ 133.130806169348347, -23.609491911700545 ], [ 133.157551026634593, -23.609275666700743 ], [ 133.157308866118342, -23.585142717027004 ], [ 133.21078708525144, -23.584695143827059 ], [ 133.210533841998711, -23.560561563529049 ], [ 133.130333136177171, -23.561225223604609 ], [ 133.130569603284471, -23.585358923138127 ], [ 133.103830241395201, -23.585570075557211 ], [ 133.103599366462618, -23.561436338093163 ], [ 133.076865500095579, -23.561642399773284 ] ], [ [ 133.077090782792794, -23.585776174260392 ], [ 133.103830241395201, -23.585570075557211 ], [ 133.104061212944515, -23.60970310209969 ], [ 133.077316159766781, -23.609909237874433 ], [ 133.077090782792794, -23.585776174260392 ] ] ] } },
{ "type": "Feature", "properties": { "species_id": "dusky-grasswren", "species_name": "Dusky Grasswren", "suitability": 0.55 }, "geometry": { "type": "Polygon", "coordinates": [ [ [ 130.001181197434249, -23.624029235403285 ], [ 130.000762825883612, -23.648159084320913 ], [ 130.027514562251781, -23.648534376089785 ], [ 130.027927337375417, -23.624404459563799 ], [ 130.001181197434249, -23.624029235403285 ] ] ] } },
{ "type": "Feature", "properties": { "species_id": "dusky-grasswren", "species_name": "Dusky Grasswren", "suitability": 0.85 }, "geometry": { "type": "Polygon", "coordinates": [ [ [ 131.44612570867173, -23.540521687913081 ], [ 131.419153077904724, -23.58868377969867 ], [ 131.445893957088998, -23.588791034169869 ], [ 131.445778008555891, -23.612924640123349 ], [ 131.499271101265037, -23.613124022678893 ], [ 131.525819266173073, -23.66148133335928 ], [ 131.579335011642797, -23.661650446752969 ], [ 131.579246930331891, -23.685782028529808 ], [ 131.659537627513089, -23.68599781107439 ], [ 131.686432569748376, -23.637795660828544 ], [ 131.766690001955027, -23.637950693788309 ], [ 131.766738823352341, -23.613817633303768 ], [ 131.820232688179573, -23.613895694558835 ], [ 131.820270297639951, -23.589761913935718 ], [ 131.766787624321665, -23.589683866722375 ], [ 131.766836404875789, -23.565549390186359 ], [ 131.686629334163996, -23.565394440873323 ], [ 131.686694867438462, -23.541259278335453 ], [ 131.44612570867173, -23.540521687913081 ] ] ] } },
{ "type": "Feature", "properties": { "species_id": "dusky-grasswren", "species_name": "Dusky Grasswren", "suitability": 0.85 }, "geometry": { "type": "Polygon", "coordinates": [ [ [ 132.167873250945348, -23.565641943505817 ], [ 132.167908372032571, -23.589776436674665 ], [ 132.24813237738897, -23.589658487364943 ], [ 132.248236245216475, -23.637925305292772 ], [ 132.221483734890342, -23.637969691889538 ], [ 132.221437388193323, -23.613836627983741 ], [ 132.114449568553539, -23.613963591437091 ], [ 132.114497487089295, -23.662229062782085 ], [ 132.194771970801696, -23.662141391248877 ], [ 132.194812753534848, -23.686273061650848 ], [ 132.328631200438195, -23.686025759496264 ], [ 132.328493636188767, -23.637761809541406 ], [ 132.274988733772346, -23.637875862698667 ], [ 132.274931190920682, -23.613742815689921 ], [ 132.301678057304798, -23.613688326918226 ], [ 132.274816177433848, -23.565474599471266 ], [ 132.167873250945348, -23.565641943505817 ] ] ] } },
{ "type": "Feature", "properties": { "species_id": "dusky-grasswren", "species_name": "Dusky Grasswren", "suitability": 0.55 }, "geometry": { "type": "Polygon", "coordinates": [ [ [ 134.707936511429324, -23.563957008633796 ], [ 134.708502993501696, -23.588086149923896 ], [ 134.815441000910624, -23.585998222825879 ], [ 134.816030081175541, -23.61012627645945 ], [ 134.682329021082069, -23.612724022144228 ], [ 134.682890384342215, -23.636851834729871 ], [ 134.736382715826238, -23.635827711116992 ], [ 134.736955504608602, -23.659954634773218 ], [ 134.843959649329207, -23.65784536063914 ], [ 134.843364481283942, -23.63371881710896 ], [ 134.896853877802101, -23.632634047667992 ], [ 134.895036329075992, -23.560250756344463 ], [ 134.707936511429324, -23.563957008633796 ] ] ] } },
{ "type": "Feature", "properties": { "species_id": "dusky-grasswren", "species_name": "Dusky Grasswren", "suitability": 0.55 }, "geometry": { "type": "Polygon", "coordinates": [ [ [ 131.097700870580752, -23.659400249114633 ], [ 131.097511946797596, -23.683531424717369 ], [ 131.12427445460321, -23.683699448086507 ], [ 131.12445777637015, -23.659568242161725 ], [ 131.097700870580752, -23.659400249114633 ] ] ] } },
{ "type": "Feature", "properties": { "species_id": "dusky-grasswren", "species_name": "Dusky Grasswren", "suitability": 0.75 }, "geometry": { "type": "Polygon", "coordinates": [ [ [ 133.585121688917013, -23.580996138799257 ], [ 133.585453351014053, -23.605128342724207 ], [ 133.29127374427793, -23.608118623569148 ], [ 133.26505882532453, -23.656623592979415 ], [ 133.318569755621098, -23.656135327400715 ], [ 133.318845827899992, -23.680265913755523 ], [ 133.372367497461056, -23.679757331465225 ], [ 133.372654891986201, -23.703887130021648 ], [ 133.426187286128169, -23.703358223831664 ], [ 133.425590209443641, -23.655098121625027 ], [ 133.479099695432694, -23.654549181898247 ], [ 133.452953296561276, -23.703086183804704 ], [ 133.479719179437296, -23.70280908586415 ], [ 133.479409372587639, -23.678679482026329 ], [ 133.58678138839619, -23.701650115604444 ], [ 133.586449170527089, -23.677520721089373 ], [ 133.613208777847603, -23.67721838867687 ], [ 133.612533561196415, -23.628957615107186 ], [ 133.58578515192329, -23.629259838508926 ], [ 133.585453351014053, -23.605128342724207 ], [ 133.66568136607944, -23.604206673530388 ], [ 133.666029953252462, -23.62833800339223 ], [ 133.692777931347592, -23.62802061514909 ], [ 133.692069714694355, -23.579757361244535 ], [ 133.585121688917013, -23.580996138799257 ] ], [ [ 133.318293798893563, -23.632004041268523 ], [ 133.345043493055613, -23.6317523694747 ], [ 133.345325048442248, -23.65588361024108 ], [ 133.318569755621098, -23.656135327400715 ], [ 133.318293798893563, -23.632004041268523 ] ], [ [ 133.398542525218431, -23.631233860020906 ], [ 133.425291858530016, -23.630967022419622 ], [ 133.425590209443641, -23.655098121625027 ], [ 133.398835277699561, -23.655365007323827 ], [ 133.398542525218431, -23.631233860020906 ] ], [ [ 133.372080223250435, -23.655626836872436 ], [ 133.398835277699561, -23.655365007323827 ], [ 133.399128152763382, -23.679495454667975 ], [ 133.372367497461056, -23.679757331465225 ], [ 133.372080223250435, -23.655626836872436 ] ], [ [ 133.55936294548124, -23.653687851956029 ], [ 133.586117091731893, -23.653390630011032 ], [ 133.586449170527089, -23.677520721089373 ], [ 133.559689423993774, -23.677817996664029 ], [ 133.55936294548124, -23.653687851956029 ] ] ] } },
{ "type": "Feature", "properties": { "species_id": "dusky-grasswren", "species_name": "Dusky Grasswren", "suitability": 0.75 }, "geometry": { "type": "Polygon", "coordinates": [ [ [ 134.332239349606397, -23.498231635142247 ], [ 134.332726970004472, -23.522364129805215 ], [ 134.279760595020832, -23.547367766352181 ], [ 134.280714499309482, -23.595629473652249 ], [ 134.253975920430094, -23.596057982758506 ], [ 134.254447579105204, -23.620187846026205 ], [ 134.175124217676, -23.669701344291322 ], [ 134.176035310295589, -23.717956614436567 ], [ 134.229102577807822, -23.692996974168395 ], [ 134.281191750836257, -23.619759259815517 ], [ 134.307935722612484, -23.61932561966319 ], [ 134.308902017529448, -23.667582919964929 ], [ 134.389166285591784, -23.666251196454144 ], [ 134.414909563336863, -23.617540520626029 ], [ 134.468395223091591, -23.616617648759131 ], [ 134.467878825197829, -23.59248842772838 ], [ 134.360929027610496, -23.5943136283238 ], [ 134.361423056933717, -23.618443177730111 ], [ 134.307935722612484, -23.61932561966319 ], [ 134.333702822693226, -23.570626956575033 ], [ 134.41288997522048, -23.52101869171641 ], [ 134.41238560582488, -23.496886437989787 ], [ 134.332239349606397, -23.498231635142247 ] ] ] } },
{ "type": "Feature", "properties": { "species_id": "dusky-grasswren", "species_name": "Dusky Grasswren", "suitability": 0.65 }, "geometry": { "type": "Polygon", "coordinates": [ [ [ 134.965913989928737, -23.196575724717331 ], [ 134.967151189535059, -23.244853631927299 ], [ 134.860531182728835, -23.247057297121668 ], [ 134.859934671883565, -23.22291833952486 ], [ 134.806634274557013, -23.223989747301196 ], [ 134.807219675497521, -23.248128894325959 ], [ 134.780563554035325, -23.248657133870914 ], [ 134.779983708277229, -23.224517893464128 ], [ 134.673936669955054, -23.250719696977509 ], [ 134.673379046426078, -23.226580091925396 ], [ 134.646727293362545, -23.227083044708031 ], [ 134.647831658891732, -23.27536166697088 ], [ 134.621168560967021, -23.275859757127598 ], [ 134.595588274322779, -23.324628732905985 ], [ 134.622262724633231, -23.324135508528062 ], [ 134.621715528654846, -23.299998011794923 ], [ 134.728388768840745, -23.297975049171313 ], [ 134.727819559214879, -23.273837152983404 ], [ 134.781143641692779, -23.272795607958926 ], [ 134.784047713772964, -23.393476617875557 ], [ 134.757357969493, -23.394000375493384 ], [ 134.75851015145895, -23.442267736361295 ], [ 134.731809020681965, -23.442786634141978 ], [ 134.732379896394235, -23.466919302125309 ], [ 134.759086603546905, -23.466400311650411 ], [ 134.759663296572711, -23.490532155303192 ], [ 134.732951010715766, -23.491051238593815 ], [ 134.760817406042321, -23.538793663087993 ], [ 134.707370266230811, -23.53982715134569 ], [ 134.707936511429324, -23.563957008633796 ], [ 134.627747271904866, -23.565469634480358 ], [ 134.67896576787723, -23.467942140179385 ], [ 134.652258351175078, -23.468445987643946 ], [ 134.651704205481849, -23.444313046971502 ], [ 134.571597304903207, -23.44579403784244 ], [ 134.572672358272229, -23.494059717570064 ], [ 134.519244315902398, -23.49502215368441 ], [ 134.520297935220015, -23.543285270489879 ], [ 134.547023234455935, -23.542806405323027 ], [ 134.547555961489905, -23.566936797293938 ], [ 134.520825075395095, -23.567415748410369 ], [ 134.521352436098709, -23.591545511144869 ], [ 134.54808891138785, -23.591066473966443 ], [ 134.523464086968318, -23.688057487309877 ], [ 134.550222942417975, -23.687578104756881 ], [ 134.5507570087359, -23.711704262763558 ], [ 134.657812571361177, -23.709735815961874 ], [ 134.602650128851991, -23.638350114603739 ], [ 134.682890384342215, -23.636851834729871 ], [ 134.682329021082069, -23.612724022144228 ], [ 134.735810166702976, -23.611700082903681 ], [ 134.707936511429324, -23.563957008633796 ], [ 134.761394822788617, -23.562923334917947 ], [ 134.760817406042321, -23.538793663087993 ], [ 134.787540614666966, -23.538269343542844 ], [ 134.78812361696049, -23.562398921288381 ], [ 134.948491173682612, -23.559146368466067 ], [ 134.949107943874395, -23.583274645608835 ], [ 134.975840566917327, -23.582714774996301 ], [ 134.975218209947059, -23.558586598391415 ], [ 134.948491173682612, -23.559146368466067 ], [ 134.946642409742509, -23.48675721887447 ], [ 135.000689886043517, -23.509763471294182 ], [ 135.001944985737936, -23.558021777643752 ], [ 135.028671498719689, -23.557451906286527 ], [ 135.029305028755175, -23.581579879103693 ], [ 135.109499725838248, -23.579839649560302 ], [ 135.108849437456257, -23.555711989202663 ], [ 135.055397746556821, -23.556876984384061 ], [ 135.053482000207168, -23.484489054324143 ], [ 135.133608897953735, -23.482734929036265 ], [ 135.132299614789474, -23.434473296024727 ], [ 135.078261166856237, -23.411515211109535 ], [ 135.077618347698461, -23.387382340329044 ], [ 135.104305021847466, -23.386798049091055 ], [ 135.101714171813597, -23.29025949545964 ], [ 135.128378320297912, -23.289670578762653 ], [ 135.130337739763462, -23.362075307117635 ], [ 135.18369859017065, -23.360881717008301 ], [ 135.183034048579771, -23.336747773617638 ], [ 135.263056542767742, -23.334919891249058 ], [ 135.262375593013388, -23.310785519353718 ], [ 135.316403453354013, -23.333676093542408 ], [ 135.317095814769402, -23.357809491026991 ], [ 135.370452695268796, -23.35654530178806 ], [ 135.369046012631003, -23.308278202077915 ], [ 135.316403453354013, -23.333676093542408 ], [ 135.315019597046472, -23.285407033752591 ], [ 135.261014545586363, -23.262514500103851 ], [ 135.259654633084295, -23.214240421347018 ], [ 135.179715496772559, -23.216066685768141 ], [ 135.180378653558648, -23.240204432240617 ], [ 135.100420367542654, -23.241985672775996 ], [ 135.101067134756789, -23.266122966136475 ], [ 135.047749145532009, -23.267285472054091 ], [ 135.046478099425883, -23.219009706383936 ], [ 135.019829815262597, -23.219583196906399 ], [ 135.019200241055131, -23.195444057600703 ], [ 134.965913989928737, -23.196575724717331 ] ], [ [ 135.181705797147487, -23.288477624163793 ], [ 135.20836912087546, -23.287873586394394 ], [ 135.209038667706267, -23.312008932397617 ], [ 135.182369784296526, -23.312613077281814 ], [ 135.181705797147487, -23.288477624163793 ] ], [ [ 134.75851015145895, -23.442267736361295 ], [ 134.785211041208555, -23.441743791924942 ], [ 134.785793069521105, -23.465876273620989 ], [ 134.759086603546905, -23.466400311650411 ], [ 134.75851015145895, -23.442267736361295 ] ] ] } },
{ "type": "Feature", "properties": { "species_id": "dusky-grasswren", "species_name": "Dusky Grasswren", "suitability": 0.85 }, "geometry": { "type": "Polygon", "coordinates": [ [ [ 132.38191848840296, -23.613494530180155 ], [ 132.381998423370533, -23.637627532469381 ], [ 132.435594245608996, -23.661605303660419 ], [ 132.435867981958552, -23.73399794452607 ], [ 132.462642667617416, -23.733913048832356 ], [ 132.462545776631458, -23.709782875952005 ], [ 132.676696743772624, -23.708921721894601 ], [ 132.67655505465089, -23.684791013825741 ], [ 132.623028831852764, -23.685036609686389 ], [ 132.622898406843206, -23.660905162443385 ], [ 132.515867733817998, -23.661335584076031 ], [ 132.488905250208148, -23.61316536383076 ], [ 132.462158618182684, -23.613255237966793 ], [ 132.462255347021539, -23.637388197156781 ], [ 132.408750767883163, -23.637552809984001 ], [ 132.408665234935512, -23.613419821150774 ], [ 132.38191848840296, -23.613494530180155 ] ] ] } },
{ "type": "Feature", "properties": { "species_id": "dusky-grasswren", "species_name": "Dusky Grasswren", "suitability": 0.55 }, "geometry": { "type": "Polygon", "coordinates": [ [ [ 130.454917433419723, -23.702111138068474 ], [ 130.454593808629625, -23.726239923254901 ], [ 130.508136275224729, -23.726813868285859 ], [ 130.508448689717198, -23.702684979321173 ], [ 130.454917433419723, -23.702111138068474 ] ] ] } },
{ "type": "Feature", "properties": { "species_id": "dusky-grasswren", "species_name": "Dusky Grasswren", "suitability": 0.55 }, "geometry": { "type": "Polygon", "coordinates": [ [ [ 134.494093968551482, -23.56788964785904 ], [ 134.495137729623025, -23.616148632419616 ], [ 134.468395223091591, -23.616617648759131 ], [ 134.468911837113751, -23.640746162533642 ], [ 134.388666245572068, -23.642123137789632 ], [ 134.389166285591784, -23.666251196454144 ], [ 134.44267475362139, -23.665338102897262 ], [ 134.443186201344474, -23.689465297511742 ], [ 134.389666534986247, -23.690378555900967 ], [ 134.390166993886993, -23.714505219989412 ], [ 134.443697863260326, -23.713591796552659 ], [ 134.443186201344474, -23.689465297511742 ], [ 134.469945714086293, -23.68900108374087 ], [ 134.468911837113751, -23.640746162533642 ], [ 134.495659937790748, -23.640277061722699 ], [ 134.496182364562685, -23.664404787515544 ], [ 134.54915548033506, -23.639323696830093 ], [ 134.54808891138785, -23.591066473966443 ], [ 134.494093968551482, -23.56788964785904 ] ] ] } },
{ "type": "Feature", "properties": { "species_id": "dusky-grasswren", "species_name": "Dusky Grasswren", "suitability": 0.55 }, "geometry": { "type": "Polygon", "coordinates": [ [ [ 134.684013815953364, -23.685105350809724 ], [ 134.68457588459961, -23.709231062019324 ], [ 134.711338962178758, -23.708721251293682 ], [ 134.710771293504791, -23.684595632176578 ], [ 134.684013815953364, -23.685105350809724 ] ] ] } },
{ "type": "Feature", "properties": { "species_id": "dusky-grasswren", "species_name": "Dusky Grasswren", "suitability": 0.65 }, "geometry": { "type": "Polygon", "coordinates": [ [ [ 131.87370018707233, -23.638086620382925 ], [ 131.873673747036463, -23.662219003140272 ], [ 131.927190116387663, -23.662256637142814 ], [ 131.927174870918833, -23.686388328349288 ], [ 131.980702471477997, -23.6864057377683 ], [ 131.980698429972506, -23.710536737647644 ], [ 132.087794440216271, -23.734641162245993 ], [ 132.08781283481477, -23.758770780090469 ], [ 132.141374044391995, -23.758727471868138 ], [ 132.16808419813205, -23.710438330705056 ], [ 132.275219146253875, -23.734401066798263 ], [ 132.275161506941998, -23.710270805639325 ], [ 132.221622891458452, -23.710364685653818 ], [ 132.221576486510713, -23.686233716863097 ], [ 132.060993879147503, -23.686393918049543 ], [ 132.034215750119301, -23.638138829790943 ], [ 131.980710549413658, -23.638141650739165 ], [ 131.980706511291373, -23.662274043419544 ], [ 131.87370018707233, -23.638086620382925 ] ] ] } },
{ "type": "Feature", "properties": { "species_id": "dusky-grasswren", "species_name": "Dusky Grasswren", "suitability": 0.75 }, "geometry": { "type": "Polygon", "coordinates": [ [ [ 133.077992856941677, -23.682304202055978 ], [ 133.078218611615227, -23.706434460762893 ], [ 133.131753424412636, -23.706016833400046 ], [ 133.132227647301875, -23.754275128773262 ], [ 133.319674738771482, -23.752653512772234 ], [ 133.319122015802947, -23.704395804193858 ], [ 133.265588676370953, -23.704884246116855 ], [ 133.265853768363741, -23.729013532846043 ], [ 133.239081324893533, -23.729250209445404 ], [ 133.238821838809628, -23.705120879915246 ], [ 133.15852068293583, -23.70580043233663 ], [ 133.158278116597671, -23.681670288166806 ], [ 133.077992856941677, -23.682304202055978 ] ] ] } },
{ "type": "Feature", "properties": { "species_id": "dusky-grasswren", "species_name": "Dusky Grasswren", "suitability": 0.65 }, "geometry": { "type": "Polygon", "coordinates": [ [ [ 132.328631200438195, -23.686025759496264 ], [ 132.328700025778005, -23.710156690704178 ], [ 132.382318498125557, -23.734152557105539 ], [ 132.409264718391825, -23.782336129205188 ], [ 132.569979770320487, -23.781781017701409 ], [ 132.569860350306982, -23.757652285554403 ], [ 132.650200396031067, -23.757306463738622 ], [ 132.650064197575006, -23.733177111071168 ], [ 132.569740980323502, -23.733522870263098 ], [ 132.569860350306982, -23.757652285554403 ], [ 132.40917897023931, -23.75820729641929 ], [ 132.408921941234524, -23.685816684517867 ], [ 132.328631200438195, -23.686025759496264 ] ] ] } },
{ "type": "Feature", "properties": { "species_id": "dusky-grasswren", "species_name": "Dusky Grasswren", "suitability": 0.55 }, "geometry": { "type": "Polygon", "coordinates": [ [ [ 131.257621776107413, -23.756853578918363 ], [ 131.257310568004243, -23.805110074102437 ], [ 131.284101548382608, -23.805247876692988 ], [ 131.284401530777643, -23.756991331522372 ], [ 131.257621776107413, -23.756853578918363 ] ] ] } },
{ "type": "Feature", "properties": { "species_id": "dusky-grasswren", "species_name": "Dusky Grasswren", "suitability": 0.85 }, "geometry": { "type": "Polygon", "coordinates": [ [ [ 133.397372739582607, -23.534702194054777 ], [ 133.397665002501867, -23.558836179772573 ], [ 133.317466621294443, -23.559605945619065 ], [ 133.317742231802669, -23.583739354235131 ], [ 133.291003612484104, -23.583985881965695 ], [ 133.290733593684763, -23.559852429068453 ], [ 133.210533841998711, -23.560561563529049 ], [ 133.21078708525144, -23.584695143827059 ], [ 133.157308866118342, -23.585142717027004 ], [ 133.157551026634593, -23.609275666700743 ], [ 133.130806169348347, -23.609491911700545 ], [ 133.158035651810593, -23.657539448411544 ], [ 133.104523446135886, -23.657967037849705 ], [ 133.104292281171155, -23.633835421577693 ], [ 133.07754163107677, -23.634041594472453 ], [ 133.077767196781963, -23.658173247912988 ], [ 133.024254416774312, -23.65857049861107 ], [ 133.024040049764722, -23.63443877356649 ], [ 132.917035828315875, -23.6351724643552 ], [ 132.916843939699703, -23.611039904144352 ], [ 132.863352531739963, -23.611376354915468 ], [ 132.863171913377812, -23.587243027442366 ], [ 132.729470085845492, -23.587995559448924 ], [ 132.703023675502322, -23.636397171875387 ], [ 132.756527130533527, -23.636121329616373 ], [ 132.810539243527501, -23.708219096461796 ], [ 132.864075761696654, -23.707902636693738 ], [ 132.811048806748261, -23.780606708375071 ], [ 132.784263612075449, -23.780757432386 ], [ 132.784427994965, -23.804885299451907 ], [ 132.864800204349393, -23.804417858868671 ], [ 132.864618979829203, -23.780290076635382 ], [ 132.918188848860865, -23.779953200059801 ], [ 132.891777708473114, -23.828378997381474 ], [ 132.918573833626994, -23.828207966392657 ], [ 132.91838130089829, -23.804080921146024 ], [ 133.025542505887699, -23.803346300797688 ], [ 133.025757502443355, -23.827473212556388 ], [ 133.052553199911529, -23.827276866732202 ], [ 133.052332587537279, -23.803149990644158 ], [ 133.025542505887699, -23.803346300797688 ], [ 133.02489805662313, -23.73096149396833 ], [ 132.944577780956422, -23.731519748618478 ], [ 132.970944530510366, -23.683078617144449 ], [ 133.158278116597671, -23.681670288166806 ], [ 133.15852068293583, -23.70580043233663 ], [ 133.238821838809628, -23.705120879915246 ], [ 133.239081324893533, -23.729250209445404 ], [ 133.265853768363741, -23.729013532846043 ], [ 133.265588676370953, -23.704884246116855 ], [ 133.319122015802947, -23.704395804193858 ], [ 133.346452449681891, -23.752401613555989 ], [ 133.426784863145997, -23.751615556844882 ], [ 133.427083839476467, -23.775743194564015 ], [ 133.453866673122178, -23.775471006743672 ], [ 133.453257627878315, -23.727215145328564 ], [ 133.399714270947072, -23.7277542649244 ], [ 133.372367497461056, -23.679757331465225 ], [ 133.425590209443641, -23.655098121625027 ], [ 133.426187286128169, -23.703358223831664 ], [ 133.452953296561276, -23.703086183804704 ], [ 133.479099695432694, -23.654549181898247 ], [ 133.425590209443641, -23.655098121625027 ], [ 133.425291858530016, -23.630967022419622 ], [ 133.398542525218431, -23.631233860020906 ], [ 133.372367497461056, -23.679757331465225 ], [ 133.318845827899992, -23.680265913755523 ], [ 133.345043493055613, -23.6317523694747 ], [ 133.318293798893563, -23.632004041268523 ], [ 133.318569755621098, -23.656135327400715 ], [ 133.26505882532453, -23.656623592979415 ], [ 133.264794066131543, -23.632492218847521 ], [ 133.291543989137296, -23.632250657735423 ], [ 133.29127374427793, -23.608118623569148 ], [ 133.585453351014053, -23.605128342724207 ], [ 133.584790165545058, -23.556863222877951 ], [ 133.504594452961896, -23.557739090243189 ], [ 133.504279834227162, -23.533605301346412 ], [ 133.451129981886851, -23.558297739916796 ], [ 133.450826540900465, -23.534163850798141 ], [ 133.397372739582607, -23.534702194054777 ] ], [ [ 132.756368826428002, -23.611988598552689 ], [ 132.80986082106503, -23.611692586432628 ], [ 132.810030320189696, -23.635825264185748 ], [ 132.756527130533527, -23.636121329616373 ], [ 132.756368826428002, -23.611988598552689 ] ], [ [ 132.836956979513587, -23.659801594781026 ], [ 132.970741277345212, -23.658947523255314 ], [ 132.970944530510366, -23.683078617144449 ], [ 132.944182229993686, -23.683259577298401 ], [ 132.944379964056964, -23.707390008632434 ], [ 132.890843908152505, -23.707736819108977 ], [ 132.890657382708213, -23.683606325118795 ], [ 132.837132222742753, -23.683932842825346 ], [ 132.836956979513587, -23.659801594781026 ] ] ] } },
{ "type": "Feature", "properties": { "species_id": "dusky-grasswren", "species_name": "Dusky Grasswren", "suitability": 0.55 }, "geometry": { "type": "Polygon", "coordinates": [ [ [ 134.093540381800693, -23.598522921005792 ], [ 134.093978480813689, -23.622653227841084 ], [ 134.040487287916818, -23.62343458811571 ], [ 134.040914378135511, -23.647564329891683 ], [ 133.960659463987042, -23.648698666864277 ], [ 133.961480581690466, -23.696956458385372 ], [ 133.934717396411656, -23.697324592830352 ], [ 133.962302387390679, -23.745211474676015 ], [ 133.855203797158765, -23.746654190578568 ], [ 133.855592524409815, -23.7707809291005 ], [ 133.748102599158045, -23.748015959154632 ], [ 133.748835336170998, -23.796269248208905 ], [ 133.722048426243333, -23.796597160928933 ], [ 133.722409411311304, -23.82072284655348 ], [ 133.802786518592598, -23.819723743403845 ], [ 133.802408692345296, -23.79559823921733 ], [ 133.855981414586267, -23.794906985746646 ], [ 133.855592524409815, -23.7707809291005 ], [ 134.096610929845156, -23.767420381345616 ], [ 134.095732711789026, -23.719167435397072 ], [ 134.149267965395694, -23.718365279259711 ], [ 134.148368075845781, -23.670109861492985 ], [ 134.201419310483828, -23.645159164964614 ], [ 134.200958645145761, -23.621029856429189 ], [ 134.17421388760124, -23.621443280526364 ], [ 134.148368075845781, -23.670109861492985 ], [ 134.094855229086249, -23.670911727858758 ], [ 134.0952938785762, -23.695039928757851 ], [ 134.068531577623929, -23.695433348859517 ], [ 134.068098528847457, -23.671305076931986 ], [ 134.041341647163193, -23.671693369872358 ], [ 134.040914378135511, -23.647564329891683 ], [ 134.094416763203839, -23.646782828839559 ], [ 134.093978480813689, -23.622653227841084 ], [ 134.120723803092972, -23.622254966278231 ], [ 134.120280110506457, -23.598124731101588 ], [ 134.093540381800693, -23.598522921005792 ] ], [ [ 134.014584586378987, -23.672076606635923 ], [ 134.041341647163193, -23.671693369872358 ], [ 134.041769095112187, -23.69582171191697 ], [ 134.015006433387924, -23.696205017886001 ], [ 134.014584586378987, -23.672076606635923 ] ] ] } },
{ "type": "Feature", "properties": { "species_id": "dusky-grasswren", "species_name": "Dusky Grasswren", "suitability": 0.55 }, "geometry": { "type": "Polygon", "coordinates": [ [ [ 131.310892591726571, -23.805380617061203 ], [ 131.31060359292286, -23.853634508255439 ], [ 131.337405932154894, -23.853762232821577 ], [ 131.337683695679971, -23.805508295191888 ], [ 131.310892591726571, -23.805380617061203 ] ] ] } },
{ "type": "Feature", "properties": { "species_id": "dusky-grasswren", "species_name": "Dusky Grasswren", "suitability": 0.55 }, "geometry": { "type": "Polygon", "coordinates": [ [ [ 132.007467839144311, -23.71053785578982 ], [ 131.980690341880916, -23.758796669454213 ], [ 132.08781283481477, -23.758770780090469 ], [ 132.087831237122884, -23.782899715054814 ], [ 132.14140367112509, -23.78285639897917 ], [ 132.141374044391995, -23.758727471868138 ], [ 132.221715759690056, -23.758624555161457 ], [ 132.221808705784667, -23.806881693012055 ], [ 132.24860046840945, -23.806837250169337 ], [ 132.2487568914554, -23.879217878535396 ], [ 132.382799617230177, -23.878919565613458 ], [ 132.382719346640016, -23.854793412553395 ], [ 132.463127732065061, -23.854553686807122 ], [ 132.463224867037155, -23.878679796202384 ], [ 132.49003320519796, -23.878589742840539 ], [ 132.489827735516428, -23.830336889256344 ], [ 132.516624790110399, -23.830241805420208 ], [ 132.516516503198716, -23.806114390643312 ], [ 132.623681777020238, -23.805683501309389 ], [ 132.623551078522866, -23.781555489378398 ], [ 132.703907623782044, -23.781179236778136 ], [ 132.676838492253353, -23.733051738976773 ], [ 132.650064197575006, -23.733177111071168 ], [ 132.650200396031067, -23.757306463738622 ], [ 132.569860350306982, -23.757652285554403 ], [ 132.569979770320487, -23.781781017701409 ], [ 132.409264718391825, -23.782336129205188 ], [ 132.40917897023931, -23.75820729641929 ], [ 132.382398600640755, -23.758282086448791 ], [ 132.355469243076783, -23.710092045157246 ], [ 132.275161506941998, -23.710270805639325 ], [ 132.275219146253875, -23.734401066798263 ], [ 132.16808419813205, -23.710438330705056 ], [ 132.141374044391995, -23.758727471868138 ], [ 132.08781283481477, -23.758770780090469 ], [ 132.087794440216271, -23.734641162245993 ], [ 132.034244419511623, -23.734664223934292 ], [ 132.034237247660343, -23.710533915171407 ], [ 132.007467839144311, -23.71053785578982 ] ], [ [ 132.355618197435916, -23.758351815944632 ], [ 132.382398600640755, -23.758282086448791 ], [ 132.382478736728672, -23.782410932796445 ], [ 132.355692721438118, -23.782480674936433 ], [ 132.355618197435916, -23.758351815944632 ] ], [ [ 132.355767276681519, -23.806608854817249 ], [ 132.382558906410452, -23.80653910001655 ], [ 132.382639109707156, -23.830666591978567 ], [ 132.355841863185844, -23.830736359456409 ], [ 132.355767276681519, -23.806608854817249 ] ] ] } },
{ "type": "Feature", "properties": { "species_id": "dusky-grasswren", "species_name": "Dusky Grasswren", "suitability": 0.55 }, "geometry": { "type": "Polygon", "coordinates": [ [ [ 132.650745761042458, -23.853817080833593 ], [ 132.650882245271788, -23.877943056063579 ], [ 132.677690231768878, -23.877817547281875 ], [ 132.677548126349393, -23.853691594907321 ], [ 132.650745761042458, -23.853817080833593 ] ] ] } },
{ "type": "Feature", "properties": { "species_id": "dusky-grasswren", "species_name": "Dusky Grasswren", "suitability": 0.65 }, "geometry": { "type": "Polygon", "coordinates": [ [ [ 134.326403764289125, -23.208583972640788 ], [ 134.355016756919838, -23.304702501010237 ], [ 134.301674464665041, -23.305582895375327 ], [ 134.302154893640846, -23.32972138328989 ], [ 134.435536900649879, -23.327482184440964 ], [ 134.436045363740732, -23.351619521669598 ], [ 134.462726703552022, -23.351156470934889 ], [ 134.463240947599814, -23.375292976318907 ], [ 134.409866918038716, -23.376214197902396 ], [ 134.410873761842652, -23.424485303613835 ], [ 134.304560049737404, -23.450402607784305 ], [ 134.330290904674769, -23.401694358157219 ], [ 134.223515626550153, -23.403416033254064 ], [ 134.223980136036033, -23.427551761944809 ], [ 134.197280250818807, -23.427969640560352 ], [ 134.197739377643188, -23.452104706730029 ], [ 134.224444839622009, -23.451686753511567 ], [ 134.225374829581199, -23.499954540658663 ], [ 134.198658207089466, -23.500372643376494 ], [ 134.198198696359981, -23.476239039719569 ], [ 134.171487463085668, -23.476652018981152 ], [ 134.170580173637916, -23.428382472318081 ], [ 134.143879906823656, -23.428790257171791 ], [ 134.142984522171218, -23.380517617468996 ], [ 134.116295215307332, -23.380920211845986 ], [ 134.1149702430925, -23.308505444183588 ], [ 133.981604506549985, -23.310441704544068 ], [ 133.982018150430207, -23.334581055030391 ], [ 133.928256986234658, -23.311180909875503 ], [ 133.955747157442488, -23.359091910138499 ], [ 134.035801064877262, -23.357960007777447 ], [ 134.009955899090727, -23.406617176722104 ], [ 134.062916049685271, -23.38171026495797 ], [ 134.063777991886127, -23.429983329855308 ], [ 134.037076989844223, -23.430370926642297 ], [ 134.037502653622965, -23.454506421541563 ], [ 133.984088962673411, -23.45526660940617 ], [ 133.984503644449035, -23.479401507578331 ], [ 133.904365072469005, -23.480504125515246 ], [ 133.878437092468261, -23.529129703991931 ], [ 133.824987878827557, -23.529829689258687 ], [ 133.825369556700821, -23.553962800770105 ], [ 133.638253283950661, -23.55625404978171 ], [ 133.638595988897066, -23.58038685628312 ], [ 133.692069714694355, -23.579757361244535 ], [ 133.692777931347592, -23.62802061514909 ], [ 133.666029953252462, -23.62833800339223 ], [ 133.66568136607944, -23.604206673530388 ], [ 133.585453351014053, -23.605128342724207 ], [ 133.58578515192329, -23.629259838508926 ], [ 133.612533561196415, -23.628957615107186 ], [ 133.613208777847603, -23.67721838867687 ], [ 133.55936294548124, -23.653687851956029 ], [ 133.58678138839619, -23.701650115604444 ], [ 133.533250553123111, -23.702239716368833 ], [ 133.532929540594665, -23.678110215367074 ], [ 133.479409372587639, -23.678679482026329 ], [ 133.479719179437296, -23.70280908586415 ], [ 133.399421150486859, -23.703625205914083 ], [ 133.399714270947072, -23.7277542649244 ], [ 133.453257627878315, -23.727215145328564 ], [ 133.453866673122178, -23.775471006743672 ], [ 133.427083839476467, -23.775743194564015 ], [ 133.426784863145997, -23.751615556844882 ], [ 133.346452449681891, -23.752401613555989 ], [ 133.346170422269779, -23.728273148965062 ], [ 133.319398319402524, -23.728525002578113 ], [ 133.319674738771482, -23.752653512772234 ], [ 133.132227647301875, -23.754275128773262 ], [ 133.131753424412636, -23.706016833400046 ], [ 133.078218611615227, -23.706434460762893 ], [ 133.077992856941677, -23.682304202055978 ], [ 132.970944530510366, -23.683078617144449 ], [ 132.970741277345212, -23.658947523255314 ], [ 132.836956979513587, -23.659801594781026 ], [ 132.837132222742753, -23.683932842825346 ], [ 132.890657382708213, -23.683606325118795 ], [ 132.890843908152505, -23.707736819108977 ], [ 132.944379964056964, -23.707390008632434 ], [ 132.944577780956422, -23.731519748618478 ], [ 133.02489805662313, -23.73096149396833 ], [ 133.052112067621124, -23.77902243849632 ], [ 133.132464907804092, -23.778403248614147 ], [ 133.132702267761346, -23.802530688380354 ], [ 133.105912470829651, -23.802742184412139 ], [ 133.106376255725877, -23.850995116103441 ], [ 133.213834289465382, -23.874243743579651 ], [ 133.214088915609125, -23.898368380473428 ], [ 133.240900775592763, -23.898136468193417 ], [ 133.24064052700146, -23.874011873569955 ], [ 133.294252671981297, -23.873532939866607 ], [ 133.320504692222528, -23.825034952874041 ], [ 133.347299241366699, -23.824782916491039 ], [ 133.347581741992315, -23.84890866675094 ], [ 133.45478119871575, -23.847849702782277 ], [ 133.454476229047117, -23.823724145089422 ], [ 133.50806396456116, -23.823164384293008 ], [ 133.508380168274243, -23.84728984018227 ], [ 133.642375227715149, -23.845801575619877 ], [ 133.642030940377509, -23.821676390336386 ], [ 133.722409411311304, -23.82072284655348 ], [ 133.722048426243333, -23.796597160928933 ], [ 133.748835336170998, -23.796269248208905 ], [ 133.748102599158045, -23.748015959154632 ], [ 133.801653514726894, -23.74734519344095 ], [ 133.802031024423201, -23.771472057185363 ], [ 133.855592524409815, -23.7707809291005 ], [ 133.855203797158765, -23.746654190578568 ], [ 133.962302387390679, -23.745211474676015 ], [ 133.961891398486955, -23.721084311503496 ], [ 133.935122609594401, -23.72145251250571 ], [ 133.934717396411656, -23.697324592830352 ], [ 133.961480581690466, -23.696956458385372 ], [ 133.960659463987042, -23.648698666864277 ], [ 134.040914378135511, -23.647564329891683 ], [ 134.015006433387924, -23.696205017886001 ], [ 134.041769095112187, -23.69582171191697 ], [ 134.041341647163193, -23.671693369872358 ], [ 134.068098528847457, -23.671305076931986 ], [ 134.068531577623929, -23.695433348859517 ], [ 134.0952938785762, -23.695039928757851 ], [ 134.094855229086249, -23.670911727858758 ], [ 134.148368075845781, -23.670109861492985 ], [ 134.149267965395694, -23.718365279259711 ], [ 134.095732711789026, -23.719167435397072 ], [ 134.096171728840176, -23.743294251638595 ], [ 134.256808836200264, -23.740826643277902 ], [ 134.257281681232314, -23.764952325930611 ], [ 134.284059459253001, -23.764523274973929 ], [ 134.336146029766127, -23.691271588408927 ], [ 134.443186201344474, -23.689465297511742 ], [ 134.44267475362139, -23.665338102897262 ], [ 134.308902017529448, -23.667582919964929 ], [ 134.307935722612484, -23.61932561966319 ], [ 134.361423056933717, -23.618443177730111 ], [ 134.360929027610496, -23.5943136283238 ], [ 134.467878825197829, -23.59248842772838 ], [ 134.468395223091591, -23.616617648759131 ], [ 134.414909563336863, -23.617540520626029 ], [ 134.415414988661894, -23.641669200619329 ], [ 134.468911837113751, -23.640746162533642 ], [ 134.468395223091591, -23.616617648759131 ], [ 134.495137729623025, -23.616148632419616 ], [ 134.494093968551482, -23.56788964785904 ], [ 134.44012072319569, -23.544691561196668 ], [ 134.438081340640821, -23.448161414243117 ], [ 134.464784968947754, -23.447698033384757 ], [ 134.464270080163089, -23.423563753700698 ], [ 134.517665537436784, -23.422622018327782 ], [ 134.517139717533041, -23.398487168449176 ], [ 134.54383154457733, -23.398008816623435 ], [ 134.544362937358187, -23.422143581225178 ], [ 134.731238383429485, -23.418653230798089 ], [ 134.73066798448744, -23.394519088249499 ], [ 134.54383154457733, -23.398008816623435 ], [ 134.543300373684616, -23.373873309789417 ], [ 134.51661411719229, -23.374351576449982 ], [ 134.51503863217377, -23.301940309313771 ], [ 134.488368854168129, -23.302413279363261 ], [ 134.487849692108597, -23.278274596645179 ], [ 134.381687596258558, -23.304254740664678 ], [ 134.381190681152958, -23.280115731551096 ], [ 134.407855750932384, -23.279663009424581 ], [ 134.407353483493694, -23.255523319687331 ], [ 134.380693973332768, -23.255975961657835 ], [ 134.379701179030064, -23.20769412418921 ], [ 134.326403764289125, -23.208583972640788 ] ], [ [ 134.435028649746727, -23.303344093896424 ], [ 134.488368854168129, -23.302413279363261 ], [ 134.488888232921965, -23.326551204710011 ], [ 134.435536900649879, -23.327482184440964 ], [ 134.435028649746727, -23.303344093896424 ] ], [ [ 134.489927641055289, -23.374824798644124 ], [ 134.51661411719229, -23.374351576449982 ], [ 134.517139717533041, -23.398487168449176 ], [ 134.490447670706516, -23.398960474912272 ], [ 134.489927641055289, -23.374824798644124 ] ], [ [ 134.437062927017251, -23.399891951540116 ], [ 134.463755406425321, -23.399428735960033 ], [ 134.464270080163089, -23.423563753700698 ], [ 134.437572027469059, -23.424027051865732 ], [ 134.437062927017251, -23.399891951540116 ] ], [ [ 134.410873761842652, -23.424485303613835 ], [ 134.437572027469059, -23.424027051865732 ], [ 134.438081340640821, -23.448161414243117 ], [ 134.411377499267985, -23.448619747785937 ], [ 134.410873761842652, -23.424485303613835 ] ], [ [ 134.357969186648404, -23.449521272720418 ], [ 134.384673447160196, -23.449073033961959 ], [ 134.38517181690321, -23.473206825140398 ], [ 134.358461978053668, -23.473655144000922 ], [ 134.357969186648404, -23.449521272720418 ] ], [ [ 134.332239349606397, -23.498231635142247 ], [ 134.41238560582488, -23.496886437989787 ], [ 134.41288997522048, -23.52101869171641 ], [ 134.333702822693226, -23.570626956575033 ], [ 134.334191055239842, -23.59475729638563 ], [ 134.254919435196257, -23.644317002877223 ], [ 134.202802464129064, -23.717542891838804 ], [ 134.176035310295589, -23.717956614436567 ], [ 134.175124217676, -23.669701344291322 ], [ 134.201880168679622, -23.669287771138723 ], [ 134.201419310483828, -23.645159164964614 ], [ 134.280714499309482, -23.595629473652249 ], [ 134.279760595020832, -23.547367766352181 ], [ 134.306487795630517, -23.546934359929477 ], [ 134.332239349606397, -23.498231635142247 ] ], [ [ 134.093540381800693, -23.598522921005792 ], [ 134.120280110506457, -23.598124731101588 ], [ 134.120723803092972, -23.622254966278231 ], [ 134.093978480813689, -23.622653227841084 ], [ 134.093540381800693, -23.598522921005792 ] ], [ [ 134.040487287916818, -23.62343458811571 ], [ 134.093978480813689, -23.622653227841084 ], [ 134.094416763203839, -23.646782828839559 ], [ 134.040914378135511, -23.647564329891683 ], [ 134.040487287916818, -23.62343458811571 ] ], [ [ 134.17421388760124, -23.621443280526364 ], [ 134.200958645145761, -23.621029856429189 ], [ 134.201419310483828, -23.645159164964614 ], [ 134.174668957380362, -23.645572663540896 ], [ 134.17421388760124, -23.621443280526364 ] ], [ [ 134.147918413570068, -23.645981107076175 ], [ 134.174668957380362, -23.645572663540896 ], [ 134.175124217676, -23.669701344291322 ], [ 134.148368075845781, -23.670109861492985 ], [ 134.147918413570068, -23.645981107076175 ] ], [ [ 132.944182229993686, -23.683259577298401 ], [ 132.970944530510366, -23.683078617144449 ], [ 132.97114786880573, -23.707209015780002 ], [ 132.944379964056964, -23.707390008632434 ], [ 132.944182229993686, -23.683259577298401 ] ] ] } },
{ "type": "Feature", "properties": { "species_id": "dusky-grasswren", "species_name": "Dusky Grasswren", "suitability": 0.75 }, "geometry": { "type": "Polygon", "coordinates": [ [ [ 132.354282085346853, -23.323911823593193 ], [ 132.327739086714331, -23.372259044520213 ], [ 132.247666045795143, -23.372422218511719 ], [ 132.247717773839923, -23.396562508889502 ], [ 132.221021139125696, -23.396606816022164 ], [ 132.220974985807544, -23.372466517755026 ], [ 132.167592810290813, -23.372539978080553 ], [ 132.194365080642427, -23.420785640707614 ], [ 132.087556009815472, -23.420892230847119 ], [ 132.087574304627879, -23.445031077469423 ], [ 132.14099002353143, -23.444987870412923 ], [ 132.14107845844228, -23.517400004281114 ], [ 132.087610917198418, -23.493306575461233 ], [ 132.087629234966158, -23.517443234531193 ], [ 132.034179980813889, -23.517466258868776 ], [ 132.034187128690775, -23.541602200585896 ], [ 131.953996464535749, -23.541598850385586 ], [ 131.954006082997637, -23.51746290926916 ], [ 131.927281455324248, -23.517451689774276 ], [ 131.927266248085829, -23.541587628879004 ], [ 131.847075646306024, -23.541523650057218 ], [ 131.84710761984411, -23.517387722422278 ], [ 131.900556834014935, -23.517435418800133 ], [ 131.900577621331621, -23.493298761129761 ], [ 131.927296656204902, -23.493315029190203 ], [ 131.927311850731769, -23.46917764327446 ], [ 131.900598399959421, -23.469161378123921 ], [ 131.900577621331621, -23.493298761129761 ], [ 131.84717152682677, -23.469113698816912 ], [ 131.84710761984411, -23.517387722422278 ], [ 131.766836404875789, -23.565549390186359 ], [ 131.766787624321665, -23.589683866722375 ], [ 131.820270297639951, -23.589761913935718 ], [ 131.820232688179573, -23.613895694558835 ], [ 131.766738823352341, -23.613817633303768 ], [ 131.766690001955027, -23.637950693788309 ], [ 131.686432569748376, -23.637795660828544 ], [ 131.659537627513089, -23.68599781107439 ], [ 131.766592297825099, -23.686214711906 ], [ 131.766641160116905, -23.66208305203547 ], [ 131.820157422019065, -23.662161141429074 ], [ 131.820119765299211, -23.686292815396428 ], [ 131.927174870918833, -23.686388328349288 ], [ 131.927159619064241, -23.710519325082306 ], [ 131.980698429972506, -23.710536737647644 ], [ 131.980702471477997, -23.6864057377683 ], [ 131.927174870918833, -23.686388328349288 ], [ 131.927190116387663, -23.662256637142814 ], [ 131.980706511291373, -23.662274043419544 ], [ 131.980710549413658, -23.638141650739165 ], [ 132.034215750119301, -23.638138829790943 ], [ 132.060993879147503, -23.686393918049543 ], [ 132.194812753534848, -23.686273061650848 ], [ 132.194771970801696, -23.662141391248877 ], [ 132.114497487089295, -23.662229062782085 ], [ 132.114449568553539, -23.613963591437091 ], [ 132.221437388193323, -23.613836627983741 ], [ 132.221483734890342, -23.637969691889538 ], [ 132.248236245216475, -23.637925305292772 ], [ 132.24813237738897, -23.589658487364943 ], [ 132.167908372032571, -23.589776436674665 ], [ 132.167873250945348, -23.565641943505817 ], [ 132.194609010477905, -23.565607687410985 ], [ 132.194568312995642, -23.54147248660081 ], [ 132.167838144547432, -23.541506736547497 ], [ 132.167697865665133, -23.44495869373846 ], [ 132.194405693140851, -23.444924468303977 ], [ 132.194365080642427, -23.420785640707614 ], [ 132.301173879761279, -23.42059828489727 ], [ 132.301110976034494, -23.396458753791801 ], [ 132.327807538851914, -23.396399305838333 ], [ 132.327876019589439, -23.420538826344782 ], [ 132.354578130771102, -23.420474319964761 ], [ 132.354726339096572, -23.468751130887604 ], [ 132.328013066936109, -23.468815660310607 ], [ 132.328081633581178, -23.492952981467663 ], [ 132.381599082787261, -23.516955420724148 ], [ 132.381838586881827, -23.58936082171823 ], [ 132.355097402528287, -23.589430463165233 ], [ 132.355023127750627, -23.565296032159832 ], [ 132.274816177433848, -23.565474599471266 ], [ 132.274873672146214, -23.589609062566741 ], [ 132.301614942817309, -23.589554583596474 ], [ 132.274988733772346, -23.637875862698667 ], [ 132.328493636188767, -23.637761809541406 ], [ 132.328631200438195, -23.686025759496264 ], [ 132.221576486510713, -23.686233716863097 ], [ 132.221622891458452, -23.710364685653818 ], [ 132.328700025778005, -23.710156690704178 ], [ 132.328631200438195, -23.686025759496264 ], [ 132.408921941234524, -23.685816684517867 ], [ 132.40917897023931, -23.75820729641929 ], [ 132.569860350306982, -23.757652285554403 ], [ 132.569740980323502, -23.733522870263098 ], [ 132.676838492253353, -23.733051738976773 ], [ 132.676980300130424, -23.757181068937118 ], [ 132.703760144736776, -23.757050613727529 ], [ 132.704055164650612, -23.805307180410129 ], [ 132.73084617315422, -23.805171615632332 ], [ 132.730999392286719, -23.829298859079191 ], [ 132.784592446777935, -23.829012490868461 ], [ 132.784756967557655, -23.853139010506304 ], [ 132.811559011059558, -23.852988204311224 ], [ 132.811388871648859, -23.828861712103766 ], [ 132.891777708473114, -23.828378997381474 ], [ 132.891964703501401, -23.852505401772685 ], [ 132.945568109820556, -23.85215821363844 ], [ 132.945766424832129, -23.876283886742609 ], [ 132.972573625018271, -23.876102663803685 ], [ 132.972369689311108, -23.851977023697568 ], [ 132.999171183210649, -23.851790769868341 ], [ 132.99938073955957, -23.875916376054466 ], [ 133.052994702266943, -23.875528606211532 ], [ 133.052773904801995, -23.851403070630738 ], [ 133.07957512777665, -23.85120162526685 ], [ 133.079801545712826, -23.875327124162222 ], [ 133.133414944988971, -23.874908965923602 ], [ 133.133652703392329, -23.899033724091531 ], [ 133.187526056788812, -23.922719244654107 ], [ 133.187027945044775, -23.874470548992385 ], [ 133.160221496099354, -23.874692289782203 ], [ 133.159978217114116, -23.850566906473418 ], [ 133.106376255725877, -23.850995116103441 ], [ 133.105912470829651, -23.802742184412139 ], [ 133.132702267761346, -23.802530688380354 ], [ 133.132464907804092, -23.778403248614147 ], [ 133.052112067621124, -23.77902243849632 ], [ 133.051891640104913, -23.754894206420147 ], [ 133.025112783034189, -23.755090445371717 ], [ 133.025542505887699, -23.803346300797688 ], [ 132.91838130089829, -23.804080921146024 ], [ 132.918188848860865, -23.779953200059801 ], [ 132.864618979829203, -23.780290076635382 ], [ 132.864800204349393, -23.804417858868671 ], [ 132.784427994965, -23.804885299451907 ], [ 132.837482929446281, -23.732193257620398 ], [ 132.864256758550539, -23.732032469414662 ], [ 132.864075761696654, -23.707902636693738 ], [ 132.810539243527501, -23.708219096461796 ], [ 132.810369531376324, -23.684088515339297 ], [ 132.756685500916575, -23.660253358012032 ], [ 132.756527130533527, -23.636121329616373 ], [ 132.810030320189696, -23.635825264185748 ], [ 132.80986082106503, -23.611692586432628 ], [ 132.703023675502322, -23.636397171875387 ], [ 132.729470085845492, -23.587995559448924 ], [ 132.863171913377812, -23.587243027442366 ], [ 132.863352531739963, -23.611376354915468 ], [ 132.890098274731287, -23.611210656927391 ], [ 132.889912061360974, -23.587077359255925 ], [ 132.943194800401358, -23.562596915253629 ], [ 132.970335026191805, -23.610683234271395 ], [ 132.916843939699703, -23.611039904144352 ], [ 132.917035828315875, -23.6351724643552 ], [ 133.024040049764722, -23.63443877356649 ], [ 133.024254416774312, -23.65857049861107 ], [ 133.051010852879216, -23.658374401507722 ], [ 132.996871850129025, -23.586364147845025 ], [ 133.077090782792794, -23.585776174260392 ], [ 133.077316159766781, -23.609909237874433 ], [ 133.104061212944515, -23.60970310209969 ], [ 133.076865500095579, -23.561642399773284 ], [ 132.969929114918415, -23.562416117952957 ], [ 132.969726286603475, -23.538281489901006 ], [ 132.916268755370055, -23.538637967583121 ], [ 132.916077187598717, -23.514502557233389 ], [ 132.862630511436919, -23.514838766430113 ], [ 132.862810903273669, -23.538974237055012 ], [ 132.889539868259902, -23.538808628355056 ], [ 132.889912061360974, -23.587077359255925 ], [ 132.863171913377812, -23.587243027442366 ], [ 132.862991370571478, -23.563108989440913 ], [ 132.729317507060756, -23.563861386249741 ], [ 132.72916499208992, -23.539726498842885 ], [ 132.702435608981176, -23.539861794739398 ], [ 132.702288746038136, -23.515726165017504 ], [ 132.809352749031376, -23.539290298165049 ], [ 132.809014388348004, -23.491018521589446 ], [ 132.782296377694337, -23.491168920061448 ], [ 132.808676310454985, -23.442743841535535 ], [ 132.781969464386094, -23.442894186245969 ], [ 132.782132886880106, -23.467031917996277 ], [ 132.728707829660692, -23.467317512835674 ], [ 132.728555569545534, -23.443179730064561 ], [ 132.755262549971633, -23.443039482427771 ], [ 132.755104774592127, -23.41890099121575 ], [ 132.728403373044472, -23.419041213826006 ], [ 132.728099170725244, -23.370761965556316 ], [ 132.701408856387332, -23.370897092349626 ], [ 132.701555351520369, -23.395037111128037 ], [ 132.674859401656335, -23.395167215208481 ], [ 132.674718480821014, -23.371027173265755 ], [ 132.594647010048504, -23.371387140609084 ], [ 132.594771207775096, -23.395527246654325 ], [ 132.568075036155591, -23.395637163493099 ], [ 132.567956412865612, -23.371497037877166 ], [ 132.514575072090452, -23.371701694569328 ], [ 132.487680661175176, -23.323513857957185 ], [ 132.434321342165617, -23.323688176830021 ], [ 132.434412017074294, -23.347829880114606 ], [ 132.40772672963422, -23.347909487393032 ], [ 132.407641624672948, -23.323767769966111 ], [ 132.354282085346853, -23.323911823593193 ] ], [ [ 132.354356050348002, -23.348053566616183 ], [ 132.40772672963422, -23.347909487393032 ], [ 132.407811870138232, -23.372050456270024 ], [ 132.434502729851829, -23.371970834830705 ], [ 132.434412017074294, -23.347829880114606 ], [ 132.487782475905959, -23.347655530268515 ], [ 132.487884333157808, -23.371796453970649 ], [ 132.514575072090452, -23.371701694569328 ], [ 132.48808817533137, -23.420076070924445 ], [ 132.541491910979971, -23.419881436811885 ], [ 132.541831482834283, -23.49229523946034 ], [ 132.488292187909224, -23.468352739586464 ], [ 132.488190160306402, -23.444214771868058 ], [ 132.434775095634848, -23.444389246014573 ], [ 132.434956862603315, -23.492664514470654 ], [ 132.488394258166579, -23.49248997792909 ], [ 132.488700725133327, -23.564897355216711 ], [ 132.461965281899069, -23.564987197041749 ], [ 132.461772107305052, -23.516716300345134 ], [ 132.408408850734929, -23.541016602079146 ], [ 132.408238106578864, -23.492744206993944 ], [ 132.381519314842166, -23.492818849006664 ], [ 132.381439580238776, -23.46868155184119 ], [ 132.408152788026939, -23.468606923179252 ], [ 132.407982257863438, -23.420330163751668 ], [ 132.461386242375255, -23.420165816322424 ], [ 132.461289876882461, -23.396026362307925 ], [ 132.354578130771102, -23.420474319964761 ], [ 132.354504073040772, -23.396334810957228 ], [ 132.381200576269691, -23.396265269155535 ], [ 132.381120974824171, -23.372125031703519 ], [ 132.354430046239543, -23.372194561122829 ], [ 132.354356050348002, -23.348053566616183 ] ], [ [ 132.327739086714331, -23.372259044520213 ], [ 132.354430046239543, -23.372194561122829 ], [ 132.354504073040772, -23.396334810957228 ], [ 132.327807538851914, -23.396399305838333 ], [ 132.327739086714331, -23.372259044520213 ] ], [ [ 132.701701907859075, -23.419176388776293 ], [ 132.728403373044472, -23.419041213826006 ], [ 132.728555569545534, -23.443179730064561 ], [ 132.70184852544179, -23.443314929140776 ], [ 132.701701907859075, -23.419176388776293 ] ], [ [ 131.820345469370409, -23.541492219024057 ], [ 131.847075646306024, -23.541523650057218 ], [ 131.847043659392227, -23.565658860051663 ], [ 131.820307891366951, -23.565627423376309 ], [ 131.820345469370409, -23.541492219024057 ] ], [ [ 132.675706164374759, -23.539992038445462 ], [ 132.702435608981176, -23.539861794739398 ], [ 132.702582533360555, -23.563996706430739 ], [ 132.675847498124057, -23.564126973514472 ], [ 132.675706164374759, -23.539992038445462 ] ], [ [ 132.38191848840296, -23.613494530180155 ], [ 132.408665234935512, -23.613419821150774 ], [ 132.408750767883163, -23.637552809984001 ], [ 132.381998423370533, -23.637627532469381 ], [ 132.38191848840296, -23.613494530180155 ] ], [ [ 132.462158618182684, -23.613255237966793 ], [ 132.488905250208148, -23.61316536383076 ], [ 132.515867733817998, -23.661335584076031 ], [ 132.622898406843206, -23.660905162443385 ], [ 132.623028831852764, -23.685036609686389 ], [ 132.67655505465089, -23.684791013825741 ], [ 132.676696743772624, -23.708921721894601 ], [ 132.462545776631458, -23.709782875952005 ], [ 132.462642667617416, -23.733913048832356 ], [ 132.435867981958552, -23.73399794452607 ], [ 132.435594245608996, -23.661605303660419 ], [ 132.408836336641997, -23.661685096486174 ], [ 132.408750767883163, -23.637552809984001 ], [ 132.462255347021539, -23.637388197156781 ], [ 132.462158618182684, -23.613255237966793 ] ], [ [ 131.87370018707233, -23.638086620382925 ], [ 131.927205355474769, -23.63812424760053 ], [ 131.927190116387663, -23.662256637142814 ], [ 131.873673747036463, -23.662219003140272 ], [ 131.87370018707233, -23.638086620382925 ] ], [ [ 132.891590791831874, -23.804251921061628 ], [ 132.91838130089829, -23.804080921146024 ], [ 132.918573833626994, -23.828207966392657 ], [ 132.891777708473114, -23.828378997381474 ], [ 132.891590791831874, -23.804251921061628 ] ], [ [ 133.025542505887699, -23.803346300797688 ], [ 133.052332587537279, -23.803149990644158 ], [ 133.052553199911529, -23.827276866732202 ], [ 133.025757502443355, -23.827473212556388 ], [ 133.025542505887699, -23.803346300797688 ] ] ] } },
{ "type": "Feature", "properties": { "species_id": "dusky-grasswren", "species_name": "Dusky Grasswren", "suitability": 0.55 }, "geometry": { "type": "Polygon", "coordinates": [ [ [ 134.580763995578195, -23.855961756836436 ], [ 134.581846727424619, -23.904203703052151 ], [ 134.608655622956633, -23.903713408049647 ], [ 134.607561654657104, -23.855471640467073 ], [ 134.580763995578195, -23.855961756836436 ] ] ] } },
{ "type": "Feature", "properties": { "species_id": "dusky-grasswren", "species_name": "Dusky Grasswren", "suitability": 0.55 }, "geometry": { "type": "Polygon", "coordinates": [ [ [ 132.114641483753644, -23.807008840249392 ], [ 132.114689563162614, -23.855263323639374 ], [ 132.168295676132061, -23.85520985541504 ], [ 132.168436957351901, -23.951710805322936 ], [ 132.195262493398587, -23.951676449758754 ], [ 132.2221812707553, -23.999883547205719 ], [ 132.302691493478733, -23.999734814553292 ], [ 132.302627954279615, -23.975611905334286 ], [ 132.248965761980344, -23.975716111144578 ], [ 132.248861282891397, -23.927468306474591 ], [ 132.195262493398587, -23.951676449758754 ], [ 132.195057809038445, -23.831048634827628 ], [ 132.168260392851664, -23.831082959084615 ], [ 132.168225124362493, -23.806955391465603 ], [ 132.114641483753644, -23.807008840249392 ] ] ] } },
{ "type": "Feature", "properties": { "species_id": "dusky-grasswren", "species_name": "Dusky Grasswren", "suitability": 0.65 }, "geometry": { "type": "Polygon", "coordinates": [ [ [ 134.232374616201042, -23.861872562364155 ], [ 134.232842834494505, -23.885994944724327 ], [ 134.179230153356684, -23.886828506339214 ], [ 134.180144689311931, -23.935071587766888 ], [ 134.206962372158642, -23.934657187826105 ], [ 134.206499384511119, -23.910536052633471 ], [ 134.260122917174328, -23.909692208897823 ], [ 134.26059715195484, -23.933813190016043 ], [ 134.314231134814008, -23.932948928625887 ], [ 134.369355735781511, -24.004422465787059 ], [ 134.423021833195833, -24.003517181706261 ], [ 134.394178223136834, -23.907493963418563 ], [ 134.420988661049961, -23.907039119958693 ], [ 134.420480900977594, -23.88291796254715 ], [ 134.474089894308804, -23.881993250296446 ], [ 134.473571111520215, -23.857871596746737 ], [ 134.366374744140842, -23.859700433145672 ], [ 134.36687105512604, -23.883822419813818 ], [ 134.340065818398841, -23.884267052698 ], [ 134.339575125695802, -23.860144985050706 ], [ 134.232374616201042, -23.861872562364155 ] ] ] } },
{ "type": "Feature", "properties": { "species_id": "dusky-grasswren", "species_name": "Dusky Grasswren", "suitability": 0.55 }, "geometry": { "type": "Polygon", "coordinates": [ [ [ 131.282899099522638, -23.998247344681051 ], [ 131.282748509341445, -24.022369336947751 ], [ 131.309590185411167, -24.022502295551167 ], [ 131.30973514028517, -23.998380278909924 ], [ 131.282899099522638, -23.998247344681051 ] ] ] } },
{ "type": "Feature", "properties": { "species_id": "dusky-grasswren", "species_name": "Dusky Grasswren", "suitability": 0.55 }, "geometry": { "type": "Polygon", "coordinates": [ [ [ 130.589042025030778, -23.679378077071195 ], [ 130.588746550372377, -23.703507807112199 ], [ 130.561980469791109, -23.703238589102394 ], [ 130.588155229655484, -23.751765194267708 ], [ 130.641710187055111, -23.752288645772914 ], [ 130.641425561334813, -23.776416405501607 ], [ 130.694992216926806, -23.776919708824718 ], [ 130.695265621853139, -23.752791857876865 ], [ 130.722043512396453, -23.753035874081288 ], [ 130.721775717975959, -23.777163769263826 ], [ 130.74855933138906, -23.777402768850607 ], [ 130.748297037644534, -23.801530027039995 ], [ 130.721507811303638, -23.801290984078687 ], [ 130.721239792308864, -23.825417522394179 ], [ 130.748034633930331, -23.825656608786492 ], [ 130.747509496316439, -23.873907758432122 ], [ 130.774315685850809, -23.874141867297823 ], [ 130.774572689651762, -23.850016584203079 ], [ 130.88177602256448, -23.850902212278271 ], [ 130.882244773435332, -23.802649314357897 ], [ 130.909034624923407, -23.802857986144769 ], [ 130.935378289013215, -23.851314643824757 ], [ 130.988768889298086, -23.875832411019651 ], [ 130.988132232311273, -23.948205212977491 ], [ 131.014956184245023, -23.948393842929256 ], [ 131.041377864561838, -23.996822806027417 ], [ 131.094858682592644, -24.021296652444573 ], [ 131.094668566632407, -24.045417807139568 ], [ 131.121515387045235, -24.045586290110435 ], [ 131.095428551699882, -23.948929327258384 ], [ 131.068604346303999, -23.948755900090568 ], [ 131.069190374788604, -23.876382796699325 ], [ 131.015782385611232, -23.851895312495667 ], [ 131.015988719448416, -23.827769019069358 ], [ 130.962397134284714, -23.827387039950963 ], [ 130.962614613385853, -23.803260143847538 ], [ 130.909034624923407, -23.802857986144769 ], [ 130.909263239700238, -23.778730486986039 ], [ 130.855455020249991, -23.802435580645664 ], [ 130.85593460246821, -23.754180055532878 ], [ 130.802377848377546, -23.753737562972358 ], [ 130.802879458019419, -23.705479462127503 ], [ 130.776112452030731, -23.705250708618092 ], [ 130.776368702987099, -23.68112066375248 ], [ 130.589042025030778, -23.679378077071195 ] ], [ [ 130.775599628010895, -23.753508726655962 ], [ 130.802377848377546, -23.753737562972358 ], [ 130.802126885892307, -23.777865585358736 ], [ 130.775343054812424, -23.777636707557793 ], [ 130.775599628010895, -23.753508726655962 ] ] ] } },
{ "type": "Feature", "properties": { "species_id": "dusky-grasswren", "species_name": "Dusky Grasswren", "suitability": 0.65 }, "geometry": { "type": "Polygon", "coordinates": [ [ [ 133.18802458674088, -23.970965312537722 ], [ 133.188523535427862, -24.01920878366937 ], [ 133.295611278306097, -23.994148904772928 ], [ 133.269310097360801, -24.042633054006927 ], [ 133.484070139040114, -24.040552594553361 ], [ 133.483758507876445, -24.016432332590778 ], [ 133.510597312355372, -24.01614950819069 ], [ 133.510914579383666, -24.040269718254731 ], [ 133.645134732346492, -24.038779276133486 ], [ 133.644098832175246, -23.966417534836236 ], [ 133.18802458674088, -23.970965312537722 ] ] ] } },
{ "type": "Feature", "properties": { "species_id": "dusky-grasswren", "species_name": "Dusky Grasswren", "suitability": 0.55 }, "geometry": { "type": "Polygon", "coordinates": [ [ [ 133.320504692222528, -23.825034952874041 ], [ 133.320781575397262, -23.849160748975471 ], [ 133.293981292552388, -23.849407767634315 ], [ 133.294252671981297, -23.873532939866607 ], [ 133.24064052700146, -23.874011873569955 ], [ 133.240900775592763, -23.898136468193417 ], [ 133.187027945044775, -23.874470548992385 ], [ 133.187526056788812, -23.922719244654107 ], [ 133.133652703392329, -23.899033724091531 ], [ 133.133414944988971, -23.874908965923602 ], [ 133.079801545712826, -23.875327124162222 ], [ 133.07957512777665, -23.85120162526685 ], [ 133.052773904801995, -23.851403070630738 ], [ 133.107072662874003, -23.923369510218841 ], [ 133.160708360323213, -23.922941066345967 ], [ 133.160951945690357, -23.947064467351424 ], [ 133.187775269455926, -23.946842605129625 ], [ 133.18802458674088, -23.970965312537722 ], [ 133.080708167959273, -23.971822513574281 ], [ 133.080935061445643, -23.99594472876959 ], [ 133.000429841170074, -23.996534519213142 ], [ 133.000639925853335, -24.020656197435176 ], [ 133.08116205022182, -24.020066298860993 ], [ 133.08138913434783, -24.044187227730738 ], [ 133.108235291685077, -24.043980416337064 ], [ 133.134604735317026, -23.995526188362611 ], [ 133.188523535427862, -24.01920878366937 ], [ 133.18802458674088, -23.970965312537722 ], [ 133.214853435380064, -23.970738341411838 ], [ 133.187526056788812, -23.922719244654107 ], [ 133.267978508796205, -23.922023380864871 ], [ 133.267712526263438, -23.897899490420308 ], [ 133.321335690221332, -23.897410338504393 ], [ 133.32105857470583, -23.873285876227975 ], [ 133.642719659449682, -23.869926091259053 ], [ 133.642375227715149, -23.845801575619877 ], [ 133.695972256204726, -23.845170827285852 ], [ 133.695616736043007, -23.821045756682373 ], [ 133.642030940377509, -23.821676390336386 ], [ 133.642375227715149, -23.845801575619877 ], [ 133.508380168274243, -23.84728984018227 ], [ 133.50806396456116, -23.823164384293008 ], [ 133.454476229047117, -23.823724145089422 ], [ 133.45478119871575, -23.847849702782277 ], [ 133.347581741992315, -23.84890866675094 ], [ 133.347299241366699, -23.824782916491039 ], [ 133.320504692222528, -23.825034952874041 ] ] ] } },
{ "type": "Feature", "properties": { "species_id": "dusky-grasswren", "species_name": "Dusky Grasswren", "suitability": 0.65 }, "geometry": { "type": "Polygon", "coordinates": [ [ [ 128.626118941800712, -23.984112123362767 ], [ 128.625410597366908, -24.008226459756798 ], [ 128.652240146778155, -24.008861349178471 ], [ 128.652942864721638, -23.984746896506735 ], [ 128.626118941800712, -23.984112123362767 ] ] ] } },
{ "type": "Feature", "properties": { "species_id": "dusky-grasswren", "species_name": "Dusky Grasswren", "suitability": 0.65 }, "geometry": { "type": "Polygon", "coordinates": [ [ [ 132.061109038293239, -23.903548360688763 ], [ 132.061121860602157, -23.927673282224148 ], [ 132.168436957351901, -23.951710805322936 ], [ 132.168472314728064, -23.97583440332782 ], [ 132.24907032883263, -24.023961323579599 ], [ 132.249122645204579, -24.048082967413912 ], [ 132.3027550593645, -24.023857079570014 ], [ 132.3028186519538, -24.047978704267457 ], [ 132.356514551714923, -24.047854154536356 ], [ 132.356589451912441, -24.071975119909254 ], [ 132.490856810593897, -24.071574918640728 ], [ 132.517275466268245, -23.974992328422996 ], [ 132.54410622477846, -23.974892071666218 ], [ 132.544220463349035, -23.99901484903727 ], [ 132.651565526078627, -23.99856305165547 ], [ 132.624467120028413, -23.95043752375334 ], [ 132.517166906445539, -23.950868884457577 ], [ 132.517275466268245, -23.974992328422996 ], [ 132.463613814721583, -23.975177635567668 ], [ 132.463516516579716, -23.951054157704974 ], [ 132.436691259156561, -23.951139192513569 ], [ 132.436782926418658, -23.9752626859343 ], [ 132.2221812707553, -23.999883547205719 ], [ 132.168401614813547, -23.927586555407018 ], [ 132.061109038293239, -23.903548360688763 ] ] ] } },
{ "type": "Feature", "properties": { "species_id": "dusky-grasswren", "species_name": "Dusky Grasswren", "suitability": 0.55 }, "geometry": { "type": "Polygon", "coordinates": [ [ [ 132.704055164650612, -23.805307180410129 ], [ 132.704645947136726, -23.901812238157021 ], [ 132.73145943538421, -23.901676574644327 ], [ 132.731612911784964, -23.925801154486233 ], [ 132.624336092208694, -23.926313506494267 ], [ 132.624467120028413, -23.95043752375334 ], [ 132.785415741212489, -23.949638448734362 ], [ 132.785580607477641, -23.973761667589663 ], [ 132.83924087988612, -23.973454711196155 ], [ 132.839593355955571, -24.021699094706801 ], [ 132.920503610121926, -24.069442099917062 ], [ 132.920310267681771, -24.045321599945325 ], [ 132.866434650066452, -24.021537954547309 ], [ 132.892900856176396, -23.973127480369129 ], [ 132.83924087988612, -23.973454711196155 ], [ 132.838360983123465, -23.852832334111962 ], [ 132.891964703501401, -23.852505401772685 ], [ 132.892151776966074, -23.876631138107175 ], [ 132.918959141361313, -23.876460044850514 ], [ 132.919344772470339, -23.924709466414512 ], [ 132.972981753164731, -23.924351954965058 ], [ 132.972573625018271, -23.876102663803685 ], [ 132.99938073955957, -23.875916376054466 ], [ 132.999171183210649, -23.851790769868341 ], [ 132.945766424832129, -23.876283886742609 ], [ 132.945568109820556, -23.85215821363844 ], [ 132.891964703501401, -23.852505401772685 ], [ 132.891777708473114, -23.828378997381474 ], [ 132.811388871648859, -23.828861712103766 ], [ 132.811729221837055, -23.877114028576319 ], [ 132.784921557347502, -23.877264862237471 ], [ 132.784592446777935, -23.829012490868461 ], [ 132.730999392286719, -23.829298859079191 ], [ 132.73084617315422, -23.805171615632332 ], [ 132.704055164650612, -23.805307180410129 ] ] ] } },
{ "type": "Feature", "properties": { "species_id": "dusky-grasswren", "species_name": "Dusky Grasswren", "suitability": 0.55 }, "geometry": { "type": "Polygon", "coordinates": [ [ [ 134.527698016261269, -23.881048283485836 ], [ 134.528228256472374, -23.905169099975883 ], [ 134.501418685768755, -23.905644201786259 ], [ 134.505097199590921, -24.074472232668064 ], [ 134.558257490317203, -24.049399557422902 ], [ 134.557720279296575, -24.025282737662899 ], [ 134.611394563262564, -24.024306319383477 ], [ 134.610298297350283, -23.976071108210288 ], [ 134.556109998915503, -23.952928411834296 ], [ 134.554501744577749, -23.880568204755694 ], [ 134.527698016261269, -23.881048283485836 ] ] ] } },
{ "type": "Feature", "properties": { "species_id": "dusky-grasswren", "species_name": "Dusky Grasswren", "suitability": 0.55 }, "geometry": { "type": "Polygon", "coordinates": [ [ [ 128.626826988995418, -23.959997137197071 ], [ 128.598581345678951, -24.007586503285172 ], [ 128.571752394075759, -24.006941479837419 ], [ 128.570312293750703, -24.05516774724564 ], [ 128.67906999155116, -24.009491171476924 ], [ 128.680463881562247, -23.961261385954863 ], [ 128.626826988995418, -23.959997137197071 ] ], [ [ 128.626118941800712, -23.984112123362767 ], [ 128.652942864721638, -23.984746896506735 ], [ 128.652240146778155, -24.008861349178471 ], [ 128.625410597366908, -24.008226459756798 ], [ 128.626118941800712, -23.984112123362767 ] ] ] } },
{ "type": "Feature", "properties": { "species_id": "dusky-grasswren", "species_name": "Dusky Grasswren", "suitability": 0.65 }, "geometry": { "type": "Polygon", "coordinates": [ [ [ 131.067234072664718, -24.11760381438161 ], [ 131.067037990089176, -24.14172241220238 ], [ 131.09390730349395, -24.141896094337088 ], [ 131.094097739273991, -24.117777464500712 ], [ 131.067234072664718, -24.11760381438161 ] ] ] } },
{ "type": "Feature", "properties": { "species_id": "dusky-grasswren", "species_name": "Dusky Grasswren", "suitability": 0.55 }, "geometry": { "type": "Polygon", "coordinates": [ [ [ 131.121146197270065, -24.093826754211925 ], [ 131.120961485993746, -24.11794604047164 ], [ 131.094097739273991, -24.117777464500712 ], [ 131.093716787632843, -24.166014102680951 ], [ 131.120591830419016, -24.166182740853152 ], [ 131.120776697059739, -24.142064701388588 ], [ 131.201385334955802, -24.142540071849751 ], [ 131.201217416264711, -24.166658199057622 ], [ 131.228092756114648, -24.166806532960162 ], [ 131.174862632448253, -24.094148624353544 ], [ 131.121146197270065, -24.093826754211925 ] ] ] } },
{ "type": "Feature", "properties": { "species_id": "dusky-grasswren", "species_name": "Dusky Grasswren", "suitability": 0.55 }, "geometry": { "type": "Polygon", "coordinates": [ [ [ 134.532478199099529, -24.098112157588648 ], [ 134.53354291794534, -24.146341543599696 ], [ 134.506677019126499, -24.146817517743255 ], [ 134.507204068474863, -24.17093136320975 ], [ 134.560946933520199, -24.169974164546485 ], [ 134.560408592658291, -24.145860495727828 ], [ 134.587274040892083, -24.145374374183511 ], [ 134.559332589551445, -24.097631286954268 ], [ 134.532478199099529, -24.098112157588648 ] ] ] } },
{ "type": "Feature", "properties": { "species_id": "dusky-grasswren", "species_name": "Dusky Grasswren", "suitability": 0.65 }, "geometry": { "type": "Polygon", "coordinates": [ [ [ 131.120776697059739, -24.142064701388588 ], [ 131.147287658287496, -24.190463755113498 ], [ 131.227930418579319, -24.190924070131533 ], [ 131.201385334955802, -24.142540071849751 ], [ 131.120776697059739, -24.142064701388588 ] ] ] } },
{ "type": "Feature", "properties": { "species_id": "dusky-grasswren", "species_name": "Dusky Grasswren", "suitability": 0.55 }, "geometry": { "type": "Polygon", "coordinates": [ [ [ 130.502175435553852, -24.185136339036593 ], [ 130.501860387435755, -24.209252192171 ], [ 130.52874441893195, -24.209532600817642 ], [ 130.529053814537775, -24.185416695835233 ], [ 130.502175435553852, -24.185136339036593 ] ] ] } },
{ "type": "Feature", "properties": { "species_id": "dusky-grasswren", "species_name": "Dusky Grasswren", "suitability": 0.75 }, "geometry": { "type": "Polygon", "coordinates": [ [ [ 131.980670091965152, -23.879434616393393 ], [ 131.980666036884315, -23.903560199733331 ], [ 131.819780143846174, -23.903447092728332 ], [ 131.819742328949701, -23.927571995776383 ], [ 131.873382174329407, -23.92762997313865 ], [ 131.873355600964175, -23.951754230989717 ], [ 131.927006748417256, -23.9517919471052 ], [ 131.927022064350666, -23.927667682362298 ], [ 131.953842020191985, -23.927678936416399 ], [ 131.953822641703653, -23.975926818126659 ], [ 131.980653861427129, -23.975933007403302 ], [ 131.980649799532898, -24.000055975438492 ], [ 132.061160359834844, -24.000044127731819 ], [ 132.061173203692334, -24.02416644946846 ], [ 132.11485815914358, -24.024133195791837 ], [ 132.114906420505179, -24.072375910195774 ], [ 132.222368022973683, -24.096368890203998 ], [ 132.222414760092505, -24.120488644673195 ], [ 132.276144670401436, -24.120394472877688 ], [ 132.276202722387296, -24.144513585246109 ], [ 132.383765497307991, -24.168382747806405 ], [ 132.38384620737682, -24.192500576255519 ], [ 132.518254559469483, -24.192074619803837 ], [ 132.545365492952726, -24.240207823397959 ], [ 132.652799053495414, -24.215638767994513 ], [ 132.652661764298813, -24.191521733775382 ], [ 132.706424258352911, -24.191265039431588 ], [ 132.706275723000317, -24.167147439264312 ], [ 132.733151225504201, -24.167011501570137 ], [ 132.733305412743107, -24.19112907661739 ], [ 132.760186502202117, -24.190988036729408 ], [ 132.760026663117827, -24.16687048773997 ], [ 132.813948476806871, -24.19069072579828 ], [ 132.813777334160648, -24.166573231737839 ], [ 132.786902033462781, -24.166724397790187 ], [ 132.786736612153106, -24.142606258365493 ], [ 132.81360626346796, -24.142455120210393 ], [ 132.81326433776195, -24.094217029187689 ], [ 132.786405978091125, -24.094368111656582 ], [ 132.786240765251165, -24.070248096592877 ], [ 132.839946128220788, -24.069940914887123 ], [ 132.83924087988612, -23.973454711196155 ], [ 132.785580607477641, -23.973761667589663 ], [ 132.785415741212489, -23.949638448734362 ], [ 132.624467120028413, -23.95043752375334 ], [ 132.651565526078627, -23.99856305165547 ], [ 132.544220463349035, -23.99901484903727 ], [ 132.54410622477846, -23.974892071666218 ], [ 132.517275466268245, -23.974992328422996 ], [ 132.543877891456503, -23.926644568279247 ], [ 132.517058392179592, -23.926744788381143 ], [ 132.517166906445539, -23.950868884457577 ], [ 132.490341733131146, -23.950964055016211 ], [ 132.490238847329096, -23.926839941550078 ], [ 132.409779962973971, -23.927094999352835 ], [ 132.409865963226935, -23.951219159432185 ], [ 132.463516516579716, -23.951054157704974 ], [ 132.463613814721583, -23.975177635567668 ], [ 132.517275466268245, -23.974992328422996 ], [ 132.517492722698734, -24.023237275541604 ], [ 132.490650649809339, -24.023332498404809 ], [ 132.490856810593897, -24.071574918640728 ], [ 132.356589451912441, -24.071975119909254 ], [ 132.356514551714923, -24.047854154536356 ], [ 132.3028186519538, -24.047978704267457 ], [ 132.3027550593645, -24.023857079570014 ], [ 132.249122645204579, -24.048082967413912 ], [ 132.24907032883263, -24.023961323579599 ], [ 132.19534448747325, -23.999922985157475 ], [ 132.168436957351901, -23.951710805322936 ], [ 132.114785843066016, -23.95176431258043 ], [ 132.114761757938595, -23.927640052887213 ], [ 132.141581692615716, -23.927615837663687 ], [ 132.14152230233492, -23.879365355903449 ], [ 131.980670091965152, -23.879434616393393 ] ], [ [ 132.061109038293239, -23.903548360688763 ], [ 132.114737682916456, -23.903515137417056 ], [ 132.114761757938595, -23.927640052887213 ], [ 132.061121860602157, -23.927673282224148 ], [ 132.061109038293239, -23.903548360688763 ] ], [ [ 132.651976183591103, -24.070927284208484 ], [ 132.732535124395014, -24.070534988844887 ], [ 132.73268905257703, -24.094655056687817 ], [ 132.678971867992516, -24.094921708400324 ], [ 132.67911457131305, -24.11904119632019 ], [ 132.652250242964641, -24.11916693529697 ], [ 132.651976183591103, -24.070927284208484 ] ], [ [ 132.518145588341781, -24.16795687005758 ], [ 132.598773111652292, -24.167640428372493 ], [ 132.598899039080038, -24.191758119641005 ], [ 132.518254559469483, -24.192074619803837 ], [ 132.518145588341781, -24.16795687005758 ] ] ] } },
{ "type": "Feature", "properties": { "species_id": "dusky-grasswren", "species_name": "Dusky Grasswren", "suitability": 0.75 }, "geometry": { "type": "Polygon", "coordinates": [ [ [ 132.893838975943282, -24.093733342180407 ], [ 132.921084125159126, -24.141799816290906 ], [ 132.975027542573713, -24.165559638298422 ], [ 132.975232594766936, -24.189676945066758 ], [ 133.0021129927527, -24.189490212326145 ], [ 133.001902289150195, -24.165372940054773 ], [ 133.055651513906582, -24.164984315754864 ], [ 133.0558735201584, -24.189101516219612 ], [ 133.028993302009695, -24.189298402702953 ], [ 133.029426285031121, -24.237531038552124 ], [ 133.056317812904439, -24.237334079183306 ], [ 133.056095619804694, -24.213218102730803 ], [ 133.190523528093934, -24.212157322061891 ], [ 133.163148823250623, -24.164146156551254 ], [ 133.109167154369175, -24.140457645003988 ], [ 133.108934041815331, -24.116339280314811 ], [ 132.947754159689595, -24.117504723030049 ], [ 132.94755501030042, -24.093385518030317 ], [ 132.893838975943282, -24.093733342180407 ] ] ] } },
{ "type": "Feature", "properties": { "species_id": "dusky-grasswren", "species_name": "Dusky Grasswren", "suitability": 0.55 }, "geometry": { "type": "Polygon", "coordinates": [ [ [ 131.227768012748982, -24.21504099378533 ], [ 131.227442996030931, -24.263273016123261 ], [ 131.254341025779468, -24.263416380008941 ], [ 131.254654726950179, -24.215184304554786 ], [ 131.227768012748982, -24.21504099378533 ] ] ] } },
{ "type": "Feature", "properties": { "species_id": "dusky-grasswren", "species_name": "Dusky Grasswren", "suitability": 0.55 }, "geometry": { "type": "Polygon", "coordinates": [ [ [ 134.151972162562174, -23.863115082149765 ], [ 134.126062633493689, -23.911763830100636 ], [ 134.152875074289398, -23.911359636093085 ], [ 134.153778743939569, -23.959601551477459 ], [ 134.207425554124086, -23.958777667058214 ], [ 134.181517933239803, -24.007431300637187 ], [ 134.074177758724744, -24.00903912195734 ], [ 134.073307110254149, -23.960799375405323 ], [ 134.100131174119753, -23.960405167851373 ], [ 134.099690497313077, -23.936284391161859 ], [ 134.072872060032182, -23.9366785266627 ], [ 134.073307110254149, -23.960799375405323 ], [ 133.966009050228507, -23.962325533680804 ], [ 133.96642176616902, -23.986446010147528 ], [ 133.939591182332521, -23.986814949028386 ], [ 133.938777180295943, -23.938573209907606 ], [ 133.911957682216098, -23.938936947399572 ], [ 133.911556562230714, -23.914815030813404 ], [ 133.858318182821307, -23.939649222887859 ], [ 133.858708216348788, -23.963770614762776 ], [ 133.751037237239359, -23.941012974747125 ], [ 133.751404759896474, -23.965134615986383 ], [ 133.724578503736836, -23.965462947266346 ], [ 133.725302749033148, -24.013704402191976 ], [ 133.671627256203976, -24.014346096669485 ], [ 133.670224407676301, -23.917860115414499 ], [ 133.616593360455568, -23.918481076827167 ], [ 133.61625426327268, -23.894357832679521 ], [ 133.589444148510466, -23.894660659173862 ], [ 133.590111235411712, -23.942906600102738 ], [ 133.482824399106875, -23.94406767865971 ], [ 133.48220231303884, -23.89582131387354 ], [ 133.428580602495799, -23.896371249992342 ], [ 133.402357890990658, -23.944885283404719 ], [ 133.24142160045588, -23.946383678527159 ], [ 133.241682176865282, -23.97050630199076 ], [ 133.644098832175246, -23.966417534836236 ], [ 133.672329564495016, -24.062585216280461 ], [ 133.645480322533501, -24.06289857413811 ], [ 133.645134732346492, -24.038779276133486 ], [ 133.510914579383666, -24.040269718254731 ], [ 133.510597312355372, -24.01614950819069 ], [ 133.483758507876445, -24.016432332590778 ], [ 133.484070139040114, -24.040552594553361 ], [ 133.269310097360801, -24.042633054006927 ], [ 133.295611278306097, -23.994148904772928 ], [ 133.241942862684965, -23.994628276156877 ], [ 133.242464562831202, -24.042870292120078 ], [ 133.269310097360801, -24.042633054006927 ], [ 133.296700218691569, -24.090630033899028 ], [ 133.350413277491867, -24.0901300188698 ], [ 133.350129588608951, -24.06601078324335 ], [ 133.376980299161346, -24.065753213880502 ], [ 133.377269629043042, -24.089872402133913 ], [ 133.457837943827002, -24.089069115401472 ], [ 133.457531691415198, -24.06495007485983 ], [ 133.591781404893965, -24.063510075283126 ], [ 133.592785191646101, -24.135864514188917 ], [ 133.539375436934989, -24.160573060005557 ], [ 133.539699154978564, -24.184689445503956 ], [ 133.593455086400041, -24.184097685646968 ], [ 133.621014606768341, -24.232024789860933 ], [ 133.647903525060826, -24.231716105122342 ], [ 133.646517964765053, -24.135252675247578 ], [ 133.700250155333975, -24.134620539066692 ], [ 133.700607621219405, -24.158737204794338 ], [ 133.781221713933576, -24.157750761883435 ], [ 133.807332819256743, -24.109178331383109 ], [ 133.834192420618223, -24.108834418732535 ], [ 133.833807044816581, -24.084716809802533 ], [ 133.806953085315996, -24.085060659158518 ], [ 133.806194095910939, -24.03682341685721 ], [ 133.833036778795702, -24.036479693844459 ], [ 133.833421830909714, -24.060598569468269 ], [ 133.86026998896412, -24.060249712079951 ], [ 133.859879299828066, -24.036130900516856 ], [ 133.913563846861791, -24.035418103078889 ], [ 133.916784284844994, -24.228349970775827 ], [ 133.889896933742932, -24.228709434375752 ], [ 133.890294594965042, -24.252823206164262 ], [ 133.944489583672748, -24.276212100275938 ], [ 133.942445579709641, -24.155640850622628 ], [ 133.969315636331515, -24.155271436663327 ], [ 133.96807436404427, -24.082921481198238 ], [ 133.99492731563592, -24.082547199404075 ], [ 133.995346540405023, -24.10666440898726 ], [ 134.102779123999852, -24.105116278135252 ], [ 134.10233733545536, -24.080999353425437 ], [ 134.048632687596722, -24.081783420086225 ], [ 134.04777221624758, -24.033547381869862 ], [ 134.23565627360361, -24.030715434530872 ], [ 134.235186874877144, -24.006596976890144 ], [ 134.288855027533145, -24.005742378262749 ], [ 134.287894303735868, -23.957503838677564 ], [ 134.34203064902519, -23.980748719846591 ], [ 134.314231134814008, -23.932948928625887 ], [ 134.26059715195484, -23.933813190016043 ], [ 134.260122917174328, -23.909692208897823 ], [ 134.206499384511119, -23.910536052633471 ], [ 134.206962372158642, -23.934657187826105 ], [ 134.180144689311931, -23.935071587766888 ], [ 134.178773173015799, -23.862705972146063 ], [ 134.151972162562174, -23.863115082149765 ] ] ] } },
{ "type": "Feature", "properties": { "species_id": "dusky-grasswren", "species_name": "Dusky Grasswren", "suitability": 0.55 }, "geometry": { "type": "Polygon", "coordinates": [ [ [ 131.308864496879153, -24.143102846841511 ], [ 131.308719176071264, -24.167221077928716 ], [ 131.362470432596695, -24.167472060465556 ], [ 131.362202220189431, -24.215706767417121 ], [ 131.389089240700343, -24.215824688002517 ], [ 131.388960706627472, -24.239941147175863 ], [ 131.442746221274177, -24.240161794949731 ], [ 131.469415785884678, -24.288495725891138 ], [ 131.523224231655092, -24.288685969917555 ], [ 131.496743702193811, -24.192128442948103 ], [ 131.469862134028489, -24.19203085281633 ], [ 131.469750617410483, -24.216147981223216 ], [ 131.442863441692509, -24.216045294918459 ], [ 131.442980612805997, -24.191928185505361 ], [ 131.389089240700343, -24.215824688002517 ], [ 131.389346146690201, -24.167589937456555 ], [ 131.362470432596695, -24.167472060465556 ], [ 131.362604454225533, -24.143353783058529 ], [ 131.308864496879153, -24.143102846841511 ] ] ] } },
{ "type": "Feature", "properties": { "species_id": "dusky-grasswren", "species_name": "Dusky Grasswren", "suitability": 0.55 }, "geometry": { "type": "Polygon", "coordinates": [ [ [ 127.972296218285919, -24.25665109400958 ], [ 127.97144863497283, -24.280754820327871 ], [ 127.998338030742758, -24.281512972485377 ], [ 127.999179964111676, -24.257409105580763 ], [ 127.972296218285919, -24.25665109400958 ] ] ] } },
{ "type": "Feature", "properties": { "species_id": "dusky-grasswren", "species_name": "Dusky Grasswren", "suitability": 0.65 }, "geometry": { "type": "Polygon", "coordinates": [ [ [ 132.384088541401894, -24.264850398344972 ], [ 132.384169387421224, -24.288965797613088 ], [ 132.437978112469722, -24.288810531629789 ], [ 132.438070320837767, -24.312925304496925 ], [ 132.38425026748186, -24.313080599333222 ], [ 132.384331181605319, -24.337194807407482 ], [ 132.653348788346335, -24.312100849058719 ], [ 132.653211267850907, -24.287986229367117 ], [ 132.51869090271785, -24.288539525329881 ], [ 132.518800103359155, -24.312654247836701 ], [ 132.464980290401002, -24.312840034187587 ], [ 132.49168318912632, -24.264519603861253 ], [ 132.384088541401894, -24.264850398344972 ] ] ] } },
{ "type": "Feature", "properties": { "species_id": "dusky-grasswren", "species_name": "Dusky Grasswren", "suitability": 0.55 }, "geometry": { "type": "Polygon", "coordinates": [ [ [ 131.631384735391038, -24.12018487324374 ], [ 131.631307244139947, -24.144303946962989 ], [ 131.684982045650656, -24.168551552327088 ], [ 131.711737026822789, -24.216843641395769 ], [ 131.73862456508607, -24.216895546074724 ], [ 131.738734482532351, -24.168660399627491 ], [ 131.79248701191554, -24.168748941615267 ], [ 131.792443369485483, -24.192866837739007 ], [ 131.76556144204676, -24.192825097199528 ], [ 131.76546279020917, -24.241059038729563 ], [ 131.792356029531106, -24.241100794724087 ], [ 131.792312331983652, -24.265216863378551 ], [ 131.846142560998942, -24.241169069238868 ], [ 131.846077790389586, -24.289400630522845 ], [ 131.899887019350132, -24.289448606176176 ], [ 131.89986594221665, -24.313563497617942 ], [ 132.007507144913035, -24.313598482752607 ], [ 132.007508725751791, -24.3377127871731 ], [ 132.169004462283254, -24.337612786214933 ], [ 132.169040058340954, -24.361726482393102 ], [ 132.222883214103945, -24.361652471432404 ], [ 132.222836279921609, -24.337538789035843 ], [ 132.169004462283254, -24.337612786214933 ], [ 132.168968881213829, -24.313498500395188 ], [ 132.061327751816037, -24.313585483301893 ], [ 132.061289041621819, -24.241239000540624 ], [ 132.088182352282757, -24.241224885673745 ], [ 132.088200909807341, -24.26534097733758 ], [ 132.115099872205576, -24.265321779740496 ], [ 132.115075655128521, -24.241205691635724 ], [ 132.088182352282757, -24.241224885673745 ], [ 132.088126726533574, -24.168872963714993 ], [ 132.061250380264653, -24.16888707075044 ], [ 132.061263261963063, -24.193004992401573 ], [ 132.03438125785047, -24.193014024751154 ], [ 132.034366802337615, -24.144777561199323 ], [ 132.00749609765225, -24.144781514794346 ], [ 132.007494522125739, -24.12066235302947 ], [ 131.953764408487615, -24.120655035311078 ], [ 131.953754688669278, -24.144774195726594 ], [ 131.846271938821985, -24.144698652584136 ], [ 131.846239614769189, -24.168817178249071 ], [ 131.899992272062235, -24.168865109497098 ], [ 131.899950197546076, -24.217100331657186 ], [ 131.873062556083624, -24.21707889628296 ], [ 131.873089252555332, -24.192961595680458 ], [ 131.819325315303388, -24.192903501001755 ], [ 131.765709264294173, -24.120469577202805 ], [ 131.68511446578438, -24.120313978162606 ], [ 131.685048269636383, -24.144433075688134 ], [ 131.631384735391038, -24.12018487324374 ] ], [ [ 131.711918825371498, -24.144490026986187 ], [ 131.738789406594748, -24.144541902898919 ], [ 131.738734482532351, -24.168660399627491 ], [ 131.711858251339379, -24.168608514138405 ], [ 131.711918825371498, -24.144490026986187 ] ], [ [ 131.953754688669278, -24.144774195726594 ], [ 132.00749609765225, -24.144781514794346 ], [ 132.0074976738413, -24.16890005575593 ], [ 131.953735236767415, -24.193010658035071 ], [ 131.953754688669278, -24.144774195726594 ] ], [ [ 132.007499250693371, -24.19301797980679 ], [ 132.03438125785047, -24.193014024751154 ], [ 132.034388490168112, -24.217131335053757 ], [ 132.007500828208833, -24.217135290841139 ], [ 132.007499250693371, -24.19301797980679 ] ], [ [ 131.792399708694546, -24.21698412081005 ], [ 131.81928730927595, -24.217020790855962 ], [ 131.819249287255502, -24.241137471561945 ], [ 131.792356029531106, -24.241100794724087 ], [ 131.792399708694546, -24.21698412081005 ] ] ] } },
{ "type": "Feature", "properties": { "species_id": "dusky-grasswren", "species_name": "Dusky Grasswren", "suitability": 0.65 }, "geometry": { "type": "Polygon", "coordinates": [ [ [ 132.839593355955571, -24.021699094706801 ], [ 132.839946128220788, -24.069940914887123 ], [ 132.786240765251165, -24.070248096592877 ], [ 132.786405978091125, -24.094368111656582 ], [ 132.81326433776195, -24.094217029187689 ], [ 132.81360626346796, -24.142455120210393 ], [ 132.760026663117827, -24.16687048773997 ], [ 132.760186502202117, -24.190988036729408 ], [ 132.706275723000317, -24.167147439264312 ], [ 132.706424258352911, -24.191265039431588 ], [ 132.652661764298813, -24.191521733775382 ], [ 132.652799053495414, -24.215638767994513 ], [ 132.599025019485879, -24.215875197591565 ], [ 132.599151052903323, -24.239991666119554 ], [ 132.652936400461954, -24.239755192734549 ], [ 132.707167873237353, -24.31184391666044 ], [ 132.760986707132588, -24.311566657073886 ], [ 132.761146950318079, -24.335680583512232 ], [ 132.814976846254751, -24.335382941511078 ], [ 132.814805270932226, -24.311269070429461 ], [ 132.841714445577622, -24.311112654503841 ], [ 132.84136018671856, -24.262883184275683 ], [ 132.760666423088651, -24.26333701826719 ], [ 132.760826531403637, -24.28745213662615 ], [ 132.707019025045952, -24.287729344702893 ], [ 132.706721516563931, -24.239498403353572 ], [ 132.814290978141742, -24.238923877094244 ], [ 132.840829357192831, -24.190534454789834 ], [ 132.894590892232856, -24.19020668177852 ], [ 132.894402794588331, -24.166089277144632 ], [ 132.92127779291468, -24.165917806864226 ], [ 132.921859285129784, -24.238268088417723 ], [ 132.948751163601202, -24.238091444136451 ], [ 132.949150552737478, -24.286321863448816 ], [ 133.110801690407243, -24.30926900445623 ], [ 133.138189140889295, -24.357283019270188 ], [ 133.192027945259952, -24.356842983940425 ], [ 133.191776945091078, -24.332730197002991 ], [ 133.272517349230128, -24.332032149235413 ], [ 133.272249459337729, -24.307918901286836 ], [ 133.299157039677453, -24.307676099256479 ], [ 133.271714017775821, -24.259690616833094 ], [ 133.325506417664684, -24.259200113627891 ], [ 133.325785402479681, -24.28331446422516 ], [ 133.379298347546495, -24.258689292850089 ], [ 133.379008164793987, -24.234574434117572 ], [ 133.352117917418894, -24.234832336383921 ], [ 133.351265059868808, -24.16248396062257 ], [ 133.32439165150987, -24.162736644238276 ], [ 133.324113252877595, -24.138619240664525 ], [ 133.189772742576395, -24.139806304539345 ], [ 133.18952269111864, -24.115688059903992 ], [ 133.108934041815331, -24.116339280314811 ], [ 133.109167154369175, -24.140457645003988 ], [ 133.190273160997691, -24.188040931726 ], [ 133.190523528093934, -24.212157322061891 ], [ 133.056095619804694, -24.213218102730803 ], [ 133.056317812904439, -24.237334079183306 ], [ 133.029426285031121, -24.237531038552124 ], [ 133.028993302009695, -24.189298402702953 ], [ 133.0558735201584, -24.189101516219612 ], [ 133.055651513906582, -24.164984315754864 ], [ 133.001902289150195, -24.165372940054773 ], [ 133.0021129927527, -24.189490212326145 ], [ 132.975232594766936, -24.189676945066758 ], [ 132.975027542573713, -24.165559638298422 ], [ 132.894026836493396, -24.117852611236763 ], [ 132.893838975943282, -24.093733342180407 ], [ 132.94755501030042, -24.093385518030317 ], [ 132.947754159689595, -24.117504723030049 ], [ 133.082070959426147, -24.116546205856423 ], [ 133.081843588889825, -24.092427177342294 ], [ 132.974412903028735, -24.093203996171464 ], [ 132.974208195344232, -24.069084195220952 ], [ 132.893651194325003, -24.069613443870129 ], [ 132.893463491588875, -24.045492912418762 ], [ 132.839593355955571, -24.021699094706801 ] ], [ [ 132.786902033462781, -24.166724397790187 ], [ 132.813777334160648, -24.166573231737839 ], [ 132.813948476806871, -24.19069072579828 ], [ 132.787067524349993, -24.190841919783953 ], [ 132.786902033462781, -24.166724397790187 ] ] ] } },
{ "type": "Feature", "properties": { "species_id": "dusky-grasswren", "species_name": "Dusky Grasswren", "suitability": 0.55 }, "geometry": { "type": "Polygon", "coordinates": [ [ [ 131.280936481455171, -24.311784383660978 ], [ 131.30755440591156, -24.360145030671706 ], [ 131.334475287006512, -24.360273250158247 ], [ 131.334755512512686, -24.312045809005784 ], [ 131.280936481455171, -24.311784383660978 ] ] ] } },
{ "type": "Feature", "properties": { "species_id": "dusky-grasswren", "species_name": "Dusky Grasswren", "suitability": 0.55 }, "geometry": { "type": "Polygon", "coordinates": [ [ [ 133.351265059868808, -24.16248396062257 ], [ 133.352117917418894, -24.234832336383921 ], [ 133.405898289977813, -24.234311453458361 ], [ 133.433391413028687, -24.282272311988365 ], [ 133.379588652445477, -24.28280354865705 ], [ 133.379879079568013, -24.306917205437514 ], [ 133.352971852178996, -24.3071752513024 ], [ 133.325506417664684, -24.259200113627891 ], [ 133.271714017775821, -24.259690616833094 ], [ 133.271981682210026, -24.283805058453044 ], [ 133.325785402479681, -24.28331446422516 ], [ 133.326064504753361, -24.30742821591863 ], [ 133.272249459337729, -24.307918901286836 ], [ 133.272785351958504, -24.356144806201478 ], [ 133.353541741477329, -24.355400879430732 ], [ 133.379879079568013, -24.306917205437514 ], [ 133.406786184534127, -24.306654078354313 ], [ 133.407082398650601, -24.330767091074854 ], [ 133.568556310390875, -24.32908131133037 ], [ 133.568886650031828, -24.353193418926775 ], [ 133.595804161830358, -24.352894613056471 ], [ 133.595468155694959, -24.328782561074778 ], [ 133.568556310390875, -24.32908131133037 ], [ 133.567896048243739, -24.280855317161443 ], [ 133.513775990847819, -24.257323353120377 ], [ 133.513139185450711, -24.209093534765028 ], [ 133.459371138298707, -24.209654940393342 ], [ 133.459064241478444, -24.185539012789938 ], [ 133.378428165420104, -24.186342892286934 ], [ 133.378138348644825, -24.162226201398617 ], [ 133.351265059868808, -24.16248396062257 ] ], [ [ 133.433391413028687, -24.282272311988365 ], [ 133.487193665151722, -24.28172075446852 ], [ 133.487506741032689, -24.305834210106756 ], [ 133.433693164691022, -24.306385870083702 ], [ 133.433391413028687, -24.282272311988365 ] ] ] } },
{ "type": "Feature", "properties": { "species_id": "dusky-grasswren", "species_name": "Dusky Grasswren", "suitability": 0.55 }, "geometry": { "type": "Polygon", "coordinates": [ [ [ 133.945308390160505, -24.324436368612744 ], [ 133.945718052032703, -24.348547611620113 ], [ 134.026463456670854, -24.347422478189134 ], [ 134.026036799818002, -24.323311444537207 ], [ 133.945308390160505, -24.324436368612744 ] ] ] } },
{ "type": "Feature", "properties": { "species_id": "dusky-grasswren", "species_name": "Dusky Grasswren", "suitability": 0.55 }, "geometry": { "type": "Polygon", "coordinates": [ [ [ 134.079854844639414, -24.322536088804853 ], [ 134.080292830913976, -24.346646978165694 ], [ 134.107207242218919, -24.34625160496913 ], [ 134.106763591407656, -24.32214078916989 ], [ 134.079854844639414, -24.322536088804853 ] ] ] } },
{ "type": "Feature", "properties": { "species_id": "dusky-grasswren", "species_name": "Dusky Grasswren", "suitability": 0.55 }, "geometry": { "type": "Polygon", "coordinates": [ [ [ 131.60410387419725, -24.24070184078764 ], [ 131.603853827538586, -24.313048024359176 ], [ 131.630763891777235, -24.313120295401152 ], [ 131.630686139248809, -24.337234510860334 ], [ 131.684517696818233, -24.337363831148703 ], [ 131.657457639829857, -24.385528403128799 ], [ 131.7651663359145, -24.385746461677535 ], [ 131.765215796996671, -24.361633368596642 ], [ 131.711372740494141, -24.361534527368974 ], [ 131.711433518807468, -24.33742086693476 ], [ 131.765265237248087, -24.337519689757251 ], [ 131.76531465668188, -24.313405421253918 ], [ 131.738404452498969, -24.31335856002104 ], [ 131.738459515394112, -24.289243706656588 ], [ 131.68458411616038, -24.313249591635685 ], [ 131.684650507541562, -24.289134758517292 ], [ 131.657746044378911, -24.289072662917018 ], [ 131.657890064613213, -24.240841223291426 ], [ 131.60410387419725, -24.24070184078764 ] ] ] } },
{ "type": "Feature", "properties": { "species_id": "dusky-grasswren", "species_name": "Dusky Grasswren", "suitability": 0.55 }, "geometry": { "type": "Polygon", "coordinates": [ [ [ 133.891886914612456, -24.34927228898967 ], [ 133.892285413743082, -24.373383078115513 ], [ 133.919206735334257, -24.373023213579355 ], [ 133.918802568496972, -24.348912491492133 ], [ 133.891886914612456, -24.34927228898967 ] ] ] } },
{ "type": "Feature", "properties": { "species_id": "dusky-grasswren", "species_name": "Dusky Grasswren", "suitability": 0.55 }, "geometry": { "type": "Polygon", "coordinates": [ [ [ 128.293364171698954, -24.313622338273316 ], [ 128.292583745547375, -24.337726491376063 ], [ 128.346393686347596, -24.339116391022639 ], [ 128.344084408247994, -24.411426082859876 ], [ 128.397929621078646, -24.41279643117927 ], [ 128.398688374774395, -24.388693531467982 ], [ 128.37177127219033, -24.388011025785641 ], [ 128.374062597897307, -24.315699182550347 ], [ 128.293364171698954, -24.313622338273316 ] ] ] } },
{ "type": "Feature", "properties": { "species_id": "dusky-grasswren", "species_name": "Dusky Grasswren", "suitability": 0.65 }, "geometry": { "type": "Polygon", "coordinates": [ [ [ 131.65946632439011, -23.710128737231351 ], [ 131.659323628508645, -23.758388521304433 ], [ 131.632543207576475, -23.758321615277513 ], [ 131.632466202683531, -23.782450468793055 ], [ 131.578894235920785, -23.782301448115849 ], [ 131.578805969910036, -23.806429595460799 ], [ 131.605597550364593, -23.806506650508716 ], [ 131.605432143169224, -23.854760951243225 ], [ 131.632234994236029, -23.854832970109584 ], [ 131.632003494708641, -23.927209463886491 ], [ 131.605183772077226, -23.927137405615028 ], [ 131.605100912212805, -23.951261573444455 ], [ 131.41732456121872, -23.9506151725842 ], [ 131.41720225069318, -23.974738570131397 ], [ 131.497694461078879, -23.975046062527451 ], [ 131.49758899864031, -23.999168868103773 ], [ 131.551261964167281, -23.999348551998985 ], [ 131.524225676143345, -24.047504960841202 ], [ 131.577921270422678, -24.047674567482684 ], [ 131.577743884354021, -24.095915799598863 ], [ 131.497166705664938, -24.095653685876336 ], [ 131.470530249956312, -24.04731506783455 ], [ 131.36313997773766, -24.046874423087239 ], [ 131.363006181239143, -24.070995208409713 ], [ 131.309154955278046, -24.094864517163415 ], [ 131.308864496879153, -24.143102846841511 ], [ 131.362604454225533, -24.143353783058529 ], [ 131.362470432596695, -24.167472060465556 ], [ 131.389346146690201, -24.167589937456555 ], [ 131.389089240700343, -24.215824688002517 ], [ 131.415976315328578, -24.215937530507357 ], [ 131.416099140906397, -24.191820441027279 ], [ 131.469750617410483, -24.216147981223216 ], [ 131.469973603750617, -24.167913111156672 ], [ 131.523725480321104, -24.168103179105174 ], [ 131.523625314921674, -24.192220955889333 ], [ 131.550506969831901, -24.192308391629275 ], [ 131.550223191564697, -24.264658106913604 ], [ 131.577121857231646, -24.264740511211908 ], [ 131.577032846581488, -24.288855890082328 ], [ 131.603937211512573, -24.288933228691302 ], [ 131.60410387419725, -24.24070184078764 ], [ 131.657890064613213, -24.240841223291426 ], [ 131.657746044378911, -24.289072662917018 ], [ 131.684650507541562, -24.289134758517292 ], [ 131.68458411616038, -24.313249591635685 ], [ 131.711494271529176, -24.313306616812927 ], [ 131.71155499867541, -24.289191773099404 ], [ 131.76531465668188, -24.313405421253918 ], [ 131.765265237248087, -24.337519689757251 ], [ 131.711433518807468, -24.33742086693476 ], [ 131.711372740494141, -24.361534527368974 ], [ 131.765215796996671, -24.361633368596642 ], [ 131.7651663359145, -24.385746461677535 ], [ 131.819020818714904, -24.385824982051965 ], [ 131.819058936905378, -24.361711874333597 ], [ 131.899823761313826, -24.361791503815677 ], [ 131.899802657533257, -24.38590462638108 ], [ 131.845948085431132, -24.38585661499642 ], [ 131.872821781460232, -24.434107658689516 ], [ 132.007515055770199, -24.434164147743441 ], [ 132.007516639942764, -24.458275543148297 ], [ 132.061405319086276, -24.458262529140121 ], [ 132.061379441537184, -24.410039169210055 ], [ 132.088312419186394, -24.41002503595131 ], [ 132.088331031500957, -24.434137000269583 ], [ 132.11526967756231, -24.434117777630103 ], [ 132.115245388985784, -24.410005816903197 ], [ 132.142178348541393, -24.409981512067912 ], [ 132.142208313373402, -24.434093468253153 ], [ 132.223024135350158, -24.433990019729098 ], [ 132.249857388878979, -24.385720928458213 ], [ 132.330638908565504, -24.385556500725766 ], [ 132.330569268967167, -24.361443443056455 ], [ 132.276726290688458, -24.361558124972028 ], [ 132.249699579185119, -24.313379902295583 ], [ 132.303519937691533, -24.313275426999414 ], [ 132.303583852039793, -24.337389671318782 ], [ 132.330499658697761, -24.337329799582932 ], [ 132.30345605024965, -24.289160589080865 ], [ 132.357264972590912, -24.289035809111553 ], [ 132.35718978837437, -24.264920396849966 ], [ 132.222695595899012, -24.265194188276215 ], [ 132.222648740691369, -24.241078123825464 ], [ 132.168862227840805, -24.241152066055619 ], [ 132.16882670663, -24.21703538264698 ], [ 132.303264549192761, -24.216812474717354 ], [ 132.303328356017232, -24.240929116839649 ], [ 132.330221510539047, -24.240869289562912 ], [ 132.330152046636698, -24.216752658519489 ], [ 132.518363576442027, -24.216191756307804 ], [ 132.518254559469483, -24.192074619803837 ], [ 132.598899039080038, -24.191758119641005 ], [ 132.598773111652292, -24.167640428372493 ], [ 132.518145588341781, -24.16795687005758 ], [ 132.518254559469483, -24.192074619803837 ], [ 132.38384620737682, -24.192500576255519 ], [ 132.383765497307991, -24.168382747806405 ], [ 132.276202722387296, -24.144513585246109 ], [ 132.276144670401436, -24.120394472877688 ], [ 132.222414760092505, -24.120488644673195 ], [ 132.222368022973683, -24.096368890203998 ], [ 132.114906420505179, -24.072375910195774 ], [ 132.11485815914358, -24.024133195791837 ], [ 132.061173203692334, -24.02416644946846 ], [ 132.061160359834844, -24.000044127731819 ], [ 131.980649799532898, -24.000055975438492 ], [ 131.980653861427129, -23.975933007403302 ], [ 131.953822641703653, -23.975926818126659 ], [ 131.953842020191985, -23.927678936416399 ], [ 131.927022064350666, -23.927667682362298 ], [ 131.927006748417256, -23.9517919471052 ], [ 131.819742328949701, -23.927571995776383 ], [ 131.819780143846174, -23.903447092728332 ], [ 131.980666036884315, -23.903560199733331 ], [ 131.980670091965152, -23.879434616393393 ], [ 131.953861382422616, -23.879428431636864 ], [ 131.953871057447685, -23.855302185904538 ], [ 131.873461827557605, -23.855253249403098 ], [ 131.846723052741083, -23.806972338591674 ], [ 131.76634767911105, -23.806862670836743 ], [ 131.766396643864141, -23.782734444887318 ], [ 131.739610505130941, -23.782687772621699 ], [ 131.739665061529308, -23.758558876083018 ], [ 131.766445588099174, -23.758605539886879 ], [ 131.766543415066792, -23.71034567726204 ], [ 131.65946632439011, -23.710128737231351 ] ], [ [ 131.632466202683531, -23.782450468793055 ], [ 131.659252235712586, -23.782517386952147 ], [ 131.659180812987898, -23.806645573497487 ], [ 131.632389165509323, -23.806578643190356 ], [ 131.632466202683531, -23.782450468793055 ] ], [ [ 131.416589927028468, -24.095345911144992 ], [ 131.443448804833338, -24.095453576148628 ], [ 131.443331830628409, -24.119573162028175 ], [ 131.41646730786124, -24.119465477194488 ], [ 131.416589927028468, -24.095345911144992 ] ], [ [ 131.631384735391038, -24.12018487324374 ], [ 131.658249585475858, -24.120251962921124 ], [ 131.658177741766735, -24.144371049011312 ], [ 131.631307244139947, -24.144303946962989 ], [ 131.631384735391038, -24.12018487324374 ] ], [ [ 131.68511446578438, -24.120313978162606 ], [ 131.765709264294173, -24.120469577202805 ], [ 131.765660010928798, -24.144588703420194 ], [ 131.792530635996286, -24.144630428544712 ], [ 131.79248701191554, -24.168748941615267 ], [ 131.738734482532351, -24.168660399627491 ], [ 131.738789406594748, -24.144541902898919 ], [ 131.711918825371498, -24.144490026986187 ], [ 131.738679535367652, -24.192778279388065 ], [ 131.792443369485483, -24.192866837739007 ], [ 131.79248701191554, -24.168748941615267 ], [ 131.819363305347991, -24.168785598103586 ], [ 131.819325315303388, -24.192903501001755 ], [ 131.873089252555332, -24.192961595680458 ], [ 131.873062556083624, -24.21707889628296 ], [ 131.899950197546076, -24.217100331657186 ], [ 131.899992272062235, -24.168865109497098 ], [ 131.846239614769189, -24.168817178249071 ], [ 131.846271938821985, -24.144698652584136 ], [ 131.953754688669278, -24.144774195726594 ], [ 131.953744964763388, -24.168892735337028 ], [ 132.0074976738413, -24.16890005575593 ], [ 132.00749609765225, -24.144781514794346 ], [ 132.034366802337615, -24.144777561199323 ], [ 132.03438125785047, -24.193014024751154 ], [ 132.088126726533574, -24.168872963714993 ], [ 132.061327751816037, -24.313585483301893 ], [ 132.168968881213829, -24.313498500395188 ], [ 132.169004462283254, -24.337612786214933 ], [ 132.007508725751791, -24.3377127871731 ], [ 132.007507144913035, -24.313598482752607 ], [ 131.89986594221665, -24.313563497617942 ], [ 131.899887019350132, -24.289448606176176 ], [ 131.846077790389586, -24.289400630522845 ], [ 131.846110182509562, -24.265285150553023 ], [ 131.792312331983652, -24.265216863378551 ], [ 131.76551212650395, -24.216942372548012 ], [ 131.711737026822789, -24.216843641395769 ], [ 131.711797651828505, -24.192726384310262 ], [ 131.658105867844995, -24.168489514200196 ], [ 131.68511446578438, -24.120313978162606 ] ], [ [ 131.953764408487615, -24.120655035311078 ], [ 132.007494522125739, -24.12066235302947 ], [ 132.00749609765225, -24.144781514794346 ], [ 131.953754688669278, -24.144774195726594 ], [ 131.953764408487615, -24.120655035311078 ] ], [ [ 132.141909232229807, -24.192947431602523 ], [ 132.168791200360289, -24.192918090093613 ], [ 132.16882670663, -24.21703538264698 ], [ 132.141939083721951, -24.217064729584475 ], [ 132.141909232229807, -24.192947431602523 ] ], [ [ 132.088182352282757, -24.241224885673745 ], [ 132.115075655128521, -24.241205691635724 ], [ 132.115099872205576, -24.265321779740496 ], [ 132.088200909807341, -24.26534097733758 ], [ 132.088182352282757, -24.241224885673745 ] ], [ [ 132.169004462283254, -24.337612786214933 ], [ 132.222836279921609, -24.337538789035843 ], [ 132.222883214103945, -24.361652471432404 ], [ 132.169040058340954, -24.361726482393102 ], [ 132.169004462283254, -24.337612786214933 ] ], [ [ 131.899802657533257, -24.38590462638108 ], [ 131.926729958134302, -24.385921004815746 ], [ 131.926714519333444, -24.410033548625137 ], [ 131.89978154485911, -24.410017167133358 ], [ 131.899802657533257, -24.38590462638108 ] ] ] } },
{ "type": "Feature", "properties": { "species_id": "dusky-grasswren", "species_name": "Dusky Grasswren", "suitability": 0.55 }, "geometry": { "type": "Polygon", "coordinates": [ [ [ 130.983653088017746, -24.45465621224664 ], [ 130.98343880612137, -24.478766359828164 ], [ 131.037335617232145, -24.479140070616737 ], [ 131.037538539052605, -24.455029853074013 ], [ 130.983653088017746, -24.45465621224664 ] ] ] } },
{ "type": "Feature", "properties": { "species_id": "dusky-grasswren", "species_name": "Dusky Grasswren", "suitability": 0.55 }, "geometry": { "type": "Polygon", "coordinates": [ [ [ 128.395651440962524, -24.485101659750327 ], [ 128.394891407240095, -24.509202258771484 ], [ 128.421837179680239, -24.509880316786344 ], [ 128.422591538622925, -24.485779590697117 ], [ 128.395651440962524, -24.485101659750327 ] ] ] } },
{ "type": "Feature", "properties": { "species_id": "dusky-grasswren", "species_name": "Dusky Grasswren", "suitability": 0.55 }, "geometry": { "type": "Polygon", "coordinates": [ [ [ 132.894402794588331, -24.166089277144632 ], [ 132.894590892232856, -24.19020668177852 ], [ 132.840829357192831, -24.190534454789834 ], [ 132.814290978141742, -24.238923877094244 ], [ 132.706721516563931, -24.239498403353572 ], [ 132.707019025045952, -24.287729344702893 ], [ 132.680115176610087, -24.287860327469335 ], [ 132.652936400461954, -24.239755192734549 ], [ 132.545365492952726, -24.240207823397959 ], [ 132.545250773218413, -24.216091314843354 ], [ 132.518363576442027, -24.216191756307804 ], [ 132.518581748037207, -24.264424205172855 ], [ 132.49168318912632, -24.264519603861253 ], [ 132.491579739675274, -24.240403664468385 ], [ 132.384007729402356, -24.240734397628362 ], [ 132.383926951401151, -24.21661779156425 ], [ 132.330152046636698, -24.216752658519489 ], [ 132.330221510539047, -24.240869289562912 ], [ 132.303328356017232, -24.240929116839649 ], [ 132.303264549192761, -24.216812474717354 ], [ 132.16882670663, -24.21703538264698 ], [ 132.168791200360289, -24.192918090093613 ], [ 132.141909232229807, -24.192947431602523 ], [ 132.141939083721951, -24.217064729584475 ], [ 132.16882670663, -24.21703538264698 ], [ 132.168862227840805, -24.241152066055619 ], [ 132.222648740691369, -24.241078123825464 ], [ 132.222695595899012, -24.265194188276215 ], [ 132.35718978837437, -24.264920396849966 ], [ 132.357264972590912, -24.289035809111553 ], [ 132.249699579185119, -24.313379902295583 ], [ 132.276726290688458, -24.361558124972028 ], [ 132.330569268967167, -24.361443443056455 ], [ 132.330638908565504, -24.385556500725766 ], [ 132.249857388878979, -24.385720928458213 ], [ 132.223024135350158, -24.433990019729098 ], [ 132.142208313373402, -24.434093468253153 ], [ 132.142178348541393, -24.409981512067912 ], [ 132.088331031500957, -24.434137000269583 ], [ 132.088312419186394, -24.41002503595131 ], [ 132.061379441537184, -24.410039169210055 ], [ 132.061405319086276, -24.458262529140121 ], [ 132.007516639942764, -24.458275543148297 ], [ 132.007515055770199, -24.434164147743441 ], [ 131.872821781460232, -24.434107658689516 ], [ 131.845948085431132, -24.38585661499642 ], [ 131.899802657533257, -24.38590462638108 ], [ 131.89978154485911, -24.410017167133358 ], [ 131.926714519333444, -24.410033548625137 ], [ 131.926729958134302, -24.385921004815746 ], [ 131.899802657533257, -24.38590462638108 ], [ 131.899823761313826, -24.361791503815677 ], [ 131.819058936905378, -24.361711874333597 ], [ 131.792049759982518, -24.409900783309926 ], [ 131.845915625028709, -24.409969146786924 ], [ 131.845883150943934, -24.434081100661587 ], [ 131.792005933420967, -24.434012724409929 ], [ 131.791874342826219, -24.50634511922928 ], [ 131.845785646508631, -24.506413533903764 ], [ 131.845818161692563, -24.482303290306859 ], [ 131.899718153418831, -24.482351337607849 ], [ 131.899739292807539, -24.458240518835332 ], [ 132.007516639942764, -24.458275543148297 ], [ 132.007518224783354, -24.482386368480014 ], [ 132.061418266045052, -24.482373352034642 ], [ 132.06143121846452, -24.506483608766906 ], [ 132.142298283700285, -24.50642590844506 ], [ 132.142268280944876, -24.482315662528666 ], [ 132.1961268793996, -24.458140959531921 ], [ 132.196250988236216, -24.530471665254769 ], [ 132.250173607436011, -24.530387376246736 ], [ 132.250279191565426, -24.578605016713443 ], [ 132.331336921726233, -24.626655718591262 ], [ 132.331266987816377, -24.602548303793732 ], [ 132.385223491276264, -24.602413033273731 ], [ 132.385142201037525, -24.578305097286499 ], [ 132.412114709545563, -24.578229836142512 ], [ 132.411853980282018, -24.50590275123405 ], [ 132.438809387856566, -24.505822442965819 ], [ 132.411680343976712, -24.457681889224741 ], [ 132.330848003519549, -24.457892197988674 ], [ 132.330987547140552, -24.506113138818574 ], [ 132.27701802056248, -24.482117740633232 ], [ 132.276959625390617, -24.458006965599449 ], [ 132.303903827972874, -24.457952125622178 ], [ 132.276842908873562, -24.409783701206067 ], [ 132.411506854018199, -24.409458746351959 ], [ 132.41142016386118, -24.385346309812462 ], [ 132.357566026230671, -24.385491521875895 ], [ 132.357490715264646, -24.36137847631948 ], [ 132.330569268967167, -24.361443443056455 ], [ 132.330499658697761, -24.337329799582932 ], [ 132.384331181605319, -24.337194807407482 ], [ 132.38425026748186, -24.313080599333222 ], [ 132.438070320837767, -24.312925304496925 ], [ 132.437978112469722, -24.288810531629789 ], [ 132.384169387421224, -24.288965797613088 ], [ 132.384088541401894, -24.264850398344972 ], [ 132.49168318912632, -24.264519603861253 ], [ 132.464980290401002, -24.312840034187587 ], [ 132.518800103359155, -24.312654247836701 ], [ 132.518909349990196, -24.336768376595195 ], [ 132.438162568039445, -24.337039483680901 ], [ 132.465274155276347, -24.38518075865586 ], [ 132.519127981337675, -24.384994868484046 ], [ 132.545824855029934, -24.336667841876345 ], [ 132.572740311615746, -24.336562224331594 ], [ 132.572619732174729, -24.312448133916593 ], [ 132.518800103359155, -24.312654247836701 ], [ 132.51869090271785, -24.288539525329881 ], [ 132.653211267850907, -24.287986229367117 ], [ 132.653348788346335, -24.312100849058719 ], [ 132.599529471559805, -24.312337454147951 ], [ 132.599655717358416, -24.336451523973356 ], [ 132.653624003121848, -24.360328310702126 ], [ 132.680258360972545, -24.31197492376587 ], [ 132.707167873237353, -24.31184391666044 ], [ 132.707019025045952, -24.287729344702893 ], [ 132.760826531403637, -24.28745213662615 ], [ 132.760666423088651, -24.26333701826719 ], [ 132.84136018671856, -24.262883184275683 ], [ 132.841714445577622, -24.311112654503841 ], [ 132.868623545537019, -24.310951156866999 ], [ 132.868440715256583, -24.286836750765147 ], [ 132.895344074622585, -24.286670202381966 ], [ 132.894967324965421, -24.238439653873879 ], [ 132.921859285129784, -24.238268088417723 ], [ 132.922247354578133, -24.286498573269828 ], [ 132.949150552737478, -24.286321863448816 ], [ 132.949350373425887, -24.310436173881477 ], [ 133.030076443199761, -24.309875456213572 ], [ 133.030293345122686, -24.333989068068412 ], [ 132.949550278265292, -24.334549890033244 ], [ 132.949750267308843, -24.358663015807483 ], [ 133.111035588893969, -24.333382503510883 ], [ 133.110801690407243, -24.30926900445623 ], [ 132.949150552737478, -24.286321863448816 ], [ 132.948751163601202, -24.238091444136451 ], [ 132.921859285129784, -24.238268088417723 ], [ 132.92127779291468, -24.165917806864226 ], [ 132.894402794588331, -24.166089277144632 ] ], [ [ 132.303519937691533, -24.313275426999414 ], [ 132.330430077738725, -24.313215566399911 ], [ 132.330499658697761, -24.337329799582932 ], [ 132.303583852039793, -24.337389671318782 ], [ 132.303519937691533, -24.313275426999414 ] ] ] } },
{ "type": "Feature", "properties": { "species_id": "dusky-grasswren", "species_name": "Dusky Grasswren", "suitability": 0.55 }, "geometry": { "type": "Polygon", "coordinates": [ [ [ 121.911623677122662, -24.245829113525485 ], [ 121.909502751721618, -24.269869930664161 ], [ 121.961026250046061, -24.297708101798062 ], [ 121.96313688070002, -24.27366721020385 ], [ 121.911623677122662, -24.245829113525485 ] ] ] } },
{ "type": "Feature", "properties": { "species_id": "dusky-grasswren", "species_name": "Dusky Grasswren", "suitability": 0.55 }, "geometry": { "type": "Polygon", "coordinates": [ [ [ 128.20387883888236, -24.576609111443144 ], [ 128.203077737250879, -24.600706551565164 ], [ 128.256220391552944, -24.626227010647941 ], [ 128.230839349597744, -24.577323172613628 ], [ 128.20387883888236, -24.576609111443144 ] ] ] } },
{ "type": "Feature", "properties": { "species_id": "dusky-grasswren", "species_name": "Dusky Grasswren", "suitability": 0.55 }, "geometry": { "type": "Polygon", "coordinates": [ [ [ 129.606217709207584, -24.606991292891021 ], [ 129.605712366205267, -24.631094455879392 ], [ 129.713152787295513, -24.656964640158463 ], [ 129.713635565547008, -24.632861687210323 ], [ 129.65967354830201, -24.631988257664275 ], [ 129.660167507305914, -24.607884926205916 ], [ 129.606217709207584, -24.606991292891021 ] ] ] } },
{ "type": "Feature", "properties": { "species_id": "dusky-grasswren", "species_name": "Dusky Grasswren", "suitability": 0.65 }, "geometry": { "type": "Polygon", "coordinates": [ [ [ 128.203077737250879, -24.600706551565164 ], [ 128.202276297532109, -24.624803440750838 ], [ 128.229248176421947, -24.625517770882379 ], [ 128.230043930856425, -24.601420747129772 ], [ 128.203077737250879, -24.600706551565164 ] ] ] } },
{ "type": "Feature", "properties": { "species_id": "dusky-grasswren", "species_name": "Dusky Grasswren", "suitability": 0.55 }, "geometry": { "type": "Polygon", "coordinates": [ [ [ 128.715490553529605, -24.613405898251134 ], [ 128.7147971691181, -24.63750518099447 ], [ 128.741775026325314, -24.638122780284647 ], [ 128.742462721670108, -24.614023381116738 ], [ 128.715490553529605, -24.613405898251134 ] ] ] } },
{ "type": "Feature", "properties": { "species_id": "dusky-grasswren", "species_name": "Dusky Grasswren", "suitability": 0.75 }, "geometry": { "type": "Polygon", "coordinates": [ [ [ 129.335919656064164, -24.626319878664695 ], [ 129.335357164030142, -24.650421597111951 ], [ 129.389325267889944, -24.651417441350162 ], [ 129.389876373949534, -24.627315535041433 ], [ 129.335919656064164, -24.626319878664695 ] ] ] } },
{ "type": "Feature", "properties": { "species_id": "dusky-grasswren", "species_name": "Dusky Grasswren", "suitability": 0.65 }, "geometry": { "type": "Polygon", "coordinates": [ [ [ 129.389876373949534, -24.627315535041433 ], [ 129.389325267889944, -24.651417441350162 ], [ 129.443294303638282, -24.652392911748979 ], [ 129.443834023133547, -24.628290821412424 ], [ 129.389876373949534, -24.627315535041433 ] ] ] } },
{ "type": "Feature", "properties": { "species_id": "dusky-grasswren", "species_name": "Dusky Grasswren", "suitability": 0.75 }, "geometry": { "type": "Polygon", "coordinates": [ [ [ 129.578732094348112, -24.630639915530516 ], [ 129.578220843764456, -24.654742449160295 ], [ 129.632192989607347, -24.655646607509883 ], [ 129.632692851657964, -24.631543903275244 ], [ 129.578732094348112, -24.630639915530516 ] ] ] } },
{ "type": "Feature", "properties": { "species_id": "dusky-grasswren", "species_name": "Dusky Grasswren", "suitability": 0.65 }, "geometry": { "type": "Polygon", "coordinates": [ [ [ 129.632692851657964, -24.631543903275244 ], [ 129.632192989607347, -24.655646607509883 ], [ 129.659179380719365, -24.656091045762771 ], [ 129.65967354830201, -24.631988257664275 ], [ 129.632692851657964, -24.631543903275244 ] ] ] } },
{ "type": "Feature", "properties": { "species_id": "dusky-grasswren", "species_name": "Dusky Grasswren", "suitability": 0.55 }, "geometry": { "type": "Polygon", "coordinates": [ [ [ 129.281963888701739, -24.625303852757963 ], [ 129.28081589154101, -24.67350636520576 ], [ 129.307805042827653, -24.674017117096636 ], [ 129.308941652366144, -24.625814411872486 ], [ 129.281963888701739, -24.625303852757963 ] ] ] } },
{ "type": "Feature", "properties": { "species_id": "dusky-grasswren", "species_name": "Dusky Grasswren", "suitability": 0.65 }, "geometry": { "type": "Polygon", "coordinates": [ [ [ 129.308941652366144, -24.625814411872486 ], [ 129.307805042827653, -24.674017117096636 ], [ 129.334794434452078, -24.67452277474764 ], [ 129.335919656064164, -24.626319878664695 ], [ 129.308941652366144, -24.625814411872486 ] ] ] } },
{ "type": "Feature", "properties": { "species_id": "dusky-grasswren", "species_name": "Dusky Grasswren", "suitability": 0.65 }, "geometry": { "type": "Polygon", "coordinates": [ [ [ 129.49779258438997, -24.629245737311695 ], [ 129.523726703170979, -24.677919734581369 ], [ 129.550717930875322, -24.678384636185349 ], [ 129.551752038490577, -24.630180282282872 ], [ 129.49779258438997, -24.629245737311695 ] ] ] } },
{ "type": "Feature", "properties": { "species_id": "dusky-grasswren", "species_name": "Dusky Grasswren", "suitability": 0.55 }, "geometry": { "type": "Polygon", "coordinates": [ [ [ 128.472009929457812, -24.631717665566999 ], [ 128.471265037635391, -24.655815312142298 ], [ 128.498245860736034, -24.656478860062176 ], [ 128.498985062817809, -24.632381088302516 ], [ 128.472009929457812, -24.631717665566999 ] ] ] } },
{ "type": "Feature", "properties": { "species_id": "dusky-grasswren", "species_name": "Dusky Grasswren", "suitability": 0.55 }, "geometry": { "type": "Polygon", "coordinates": [ [ [ 129.335357164030142, -24.650421597111951 ], [ 129.334794434452078, -24.67452277474764 ], [ 129.361784064008418, -24.675023338098367 ], [ 129.362341098271656, -24.65092206593139 ], [ 129.335357164030142, -24.650421597111951 ] ] ] } },
{ "type": "Feature", "properties": { "species_id": "dusky-grasswren", "species_name": "Dusky Grasswren", "suitability": 0.55 }, "geometry": { "type": "Polygon", "coordinates": [ [ [ 129.39042724741671, -24.603213084240245 ], [ 129.389876373949534, -24.627315535041433 ], [ 129.443834023133547, -24.628290821412424 ], [ 129.443294303638282, -24.652392911748979 ], [ 129.389325267889944, -24.651417441350162 ], [ 129.388773929090632, -24.675518807088842 ], [ 129.523726703170979, -24.677919734581369 ], [ 129.49779258438997, -24.629245737311695 ], [ 129.551752038490577, -24.630180282282872 ], [ 129.552268764950639, -24.60607729159593 ], [ 129.498320693754863, -24.605142922756848 ], [ 129.49779258438997, -24.629245737311695 ], [ 129.39042724741671, -24.603213084240245 ] ] ] } },
{ "type": "Feature", "properties": { "species_id": "dusky-grasswren", "species_name": "Dusky Grasswren", "suitability": 0.65 }, "geometry": { "type": "Polygon", "coordinates": [ [ [ 128.688518678250517, -24.612783324544321 ], [ 128.74039876438502, -24.686319951162169 ], [ 128.767388297937657, -24.686932689963832 ], [ 128.741775026325314, -24.638122780284647 ], [ 128.688518678250517, -24.612783324544321 ] ] ] } },
{ "type": "Feature", "properties": { "species_id": "dusky-grasswren", "species_name": "Dusky Grasswren", "suitability": 0.65 }, "geometry": { "type": "Polygon", "coordinates": [ [ [ 129.119494452173996, -24.64623449143998 ], [ 129.118277622163276, -24.694434727242097 ], [ 129.226838319604013, -24.672469578950068 ], [ 129.227423828919797, -24.648368789033015 ], [ 129.119494452173996, -24.64623449143998 ] ] ] } },
{ "type": "Feature", "properties": { "species_id": "dusky-grasswren", "species_name": "Dusky Grasswren", "suitability": 0.55 }, "geometry": { "type": "Polygon", "coordinates": [ [ [ 122.037310530756116, -24.351449187044469 ], [ 122.035214042670987, -24.375489270754741 ], [ 122.062057476690654, -24.377366563821184 ], [ 122.064148362881241, -24.35332613136206 ], [ 122.037310530756116, -24.351449187044469 ] ] ] } },
{ "type": "Feature", "properties": { "species_id": "dusky-grasswren", "species_name": "Dusky Grasswren", "suitability": 0.65 }, "geometry": { "type": "Polygon", "coordinates": [ [ [ 128.471265037635391, -24.655815312142298 ], [ 128.470519831277073, -24.679912417292048 ], [ 128.497506346517213, -24.680576090557185 ], [ 128.498245860736034, -24.656478860062176 ], [ 128.471265037635391, -24.655815312142298 ] ] ] } },
{ "type": "Feature", "properties": { "species_id": "dusky-grasswren", "species_name": "Dusky Grasswren", "suitability": 0.75 }, "geometry": { "type": "Polygon", "coordinates": [ [ [ 128.498245860736034, -24.656478860062176 ], [ 128.497506346517213, -24.680576090557185 ], [ 128.524493174404029, -24.681234670723441 ], [ 128.525226996285426, -24.65713731584065 ], [ 128.498245860736034, -24.656478860062176 ] ] ] } },
{ "type": "Feature", "properties": { "species_id": "dusky-grasswren", "species_name": "Dusky Grasswren", "suitability": 0.65 }, "geometry": { "type": "Polygon", "coordinates": [ [ [ 128.525226996285426, -24.65713731584065 ], [ 128.524493174404029, -24.681234670723441 ], [ 128.551480312534522, -24.681888157712041 ], [ 128.552208441882101, -24.657790679399067 ], [ 128.525226996285426, -24.65713731584065 ] ] ] } },
{ "type": "Feature", "properties": { "species_id": "dusky-grasswren", "species_name": "Dusky Grasswren", "suitability": 0.55 }, "geometry": { "type": "Polygon", "coordinates": [ [ [ 128.660137276706479, -24.660353209878398 ], [ 128.659431919427533, -24.68445117233416 ], [ 128.713409521846302, -24.685702118573911 ], [ 128.71410349195213, -24.661603919795116 ], [ 128.660137276706479, -24.660353209878398 ] ] ] } },
{ "type": "Feature", "properties": { "species_id": "dusky-grasswren", "species_name": "Dusky Grasswren", "suitability": 0.55 }, "geometry": { "type": "Polygon", "coordinates": [ [ [ 129.17286173788554, -24.671412416477047 ], [ 129.172264587521681, -24.695512469137395 ], [ 129.199258450191905, -24.696043697785161 ], [ 129.199849903764772, -24.671943544709318 ], [ 129.17286173788554, -24.671412416477047 ] ] ] } },
{ "type": "Feature", "properties": { "species_id": "dusky-grasswren", "species_name": "Dusky Grasswren", "suitability": 0.65 }, "geometry": { "type": "Polygon", "coordinates": [ [ [ 129.847635338933117, -24.683162287661503 ], [ 129.847180652354439, -24.707264562436325 ], [ 129.874180045630538, -24.707668399767694 ], [ 129.874629031915759, -24.683566048609109 ], [ 129.847635338933117, -24.683162287661503 ] ] ] } },
{ "type": "Feature", "properties": { "species_id": "dusky-grasswren", "species_name": "Dusky Grasswren", "suitability": 0.55 }, "geometry": { "type": "Polygon", "coordinates": [ [ [ 129.874629031915759, -24.683566048609109 ], [ 129.874180045630538, -24.707668399767694 ], [ 129.901179628816095, -24.708067140752956 ], [ 129.901622914687579, -24.683964714173012 ], [ 129.874629031915759, -24.683566048609109 ] ] ] } },
{ "type": "Feature", "properties": { "species_id": "dusky-grasswren", "species_name": "Dusky Grasswren", "suitability": 0.55 }, "geometry": { "type": "Polygon", "coordinates": [ [ [ 129.09251274451006, -24.645688184780138 ], [ 129.091898764059721, -24.669788468470205 ], [ 129.064911622071548, -24.6692369649139 ], [ 129.063671488354743, -24.717435713464198 ], [ 129.144667875704158, -24.719075563038526 ], [ 129.145270977376612, -24.694976145601625 ], [ 129.118277622163276, -24.694434727242097 ], [ 129.119494452173996, -24.64623449143998 ], [ 129.09251274451006, -24.645688184780138 ] ] ] } },
{ "type": "Feature", "properties": { "species_id": "dusky-grasswren", "species_name": "Dusky Grasswren", "suitability": 0.75 }, "geometry": { "type": "Polygon", "coordinates": [ [ [ 128.71410349195213, -24.661603919795116 ], [ 128.712715258614992, -24.70979978125342 ], [ 128.739710197421545, -24.710417730715641 ], [ 128.741087040624933, -24.662221635659396 ], [ 128.71410349195213, -24.661603919795116 ] ] ] } },
{ "type": "Feature", "properties": { "species_id": "dusky-grasswren", "species_name": "Dusky Grasswren", "suitability": 0.55 }, "geometry": { "type": "Polygon", "coordinates": [ [ [ 129.928616984840289, -24.684358284305354 ], [ 129.927741629257184, -24.732562755810875 ], [ 129.954747288089379, -24.732951377552048 ], [ 129.955611239965492, -24.68474675895904 ], [ 129.928616984840289, -24.684358284305354 ] ] ] } },
{ "type": "Feature", "properties": { "species_id": "dusky-grasswren", "species_name": "Dusky Grasswren", "suitability": 0.55 }, "geometry": { "type": "Polygon", "coordinates": [ [ [ 128.389562185463745, -24.677890839701039 ], [ 128.388799581954004, -24.701987025076853 ], [ 128.415790838774655, -24.702666105541056 ], [ 128.416547748347767, -24.678569791783637 ], [ 128.389562185463745, -24.677890839701039 ] ] ] } },
{ "type": "Feature", "properties": { "species_id": "dusky-grasswren", "species_name": "Dusky Grasswren", "suitability": 0.55 }, "geometry": { "type": "Polygon", "coordinates": [ [ [ 128.552208441882101, -24.657790679399067 ], [ 128.551480312534522, -24.681888157712041 ], [ 128.497506346517213, -24.680576090557185 ], [ 128.4967665199637, -24.704672783709004 ], [ 128.550751875653589, -24.705985099000245 ], [ 128.551480312534522, -24.681888157712041 ], [ 128.578467758505525, -24.682536551444773 ], [ 128.579190195124397, -24.658438950659264 ], [ 128.552208441882101, -24.657790679399067 ] ] ] } },
{ "type": "Feature", "properties": { "species_id": "dusky-grasswren", "species_name": "Dusky Grasswren", "suitability": 0.65 }, "geometry": { "type": "Polygon", "coordinates": [ [ [ 128.68642057272578, -24.685079192273022 ], [ 128.68572061341257, -24.709176737118991 ], [ 128.712715258614992, -24.70979978125342 ], [ 128.713409521846302, -24.685702118573911 ], [ 128.68642057272578, -24.685079192273022 ] ] ] } },
{ "type": "Feature", "properties": { "species_id": "dusky-grasswren", "species_name": "Dusky Grasswren", "suitability": 0.55 }, "geometry": { "type": "Polygon", "coordinates": [ [ [ 129.010306798755295, -24.69221810687359 ], [ 129.009675204359894, -24.716317002364264 ], [ 129.036673213995073, -24.716878905674946 ], [ 129.037299110178111, -24.692779903873085 ], [ 129.010306798755295, -24.69221810687359 ] ] ] } },
{ "type": "Feature", "properties": { "species_id": "dusky-grasswren", "species_name": "Dusky Grasswren", "suitability": 0.55 }, "geometry": { "type": "Polygon", "coordinates": [ [ [ 132.466650450486924, -24.722703257517836 ], [ 132.466749068917693, -24.746807926519502 ], [ 132.493761360232128, -24.746717268403994 ], [ 132.49365703454157, -24.722612616582747 ], [ 132.466650450486924, -24.722703257517836 ] ] ] } },
{ "type": "Feature", "properties": { "species_id": "dusky-grasswren", "species_name": "Dusky Grasswren", "suitability": 0.55 }, "geometry": { "type": "Polygon", "coordinates": [ [ [ 132.952760243753318, -24.720291716402812 ], [ 132.952961587331032, -24.744395928340957 ], [ 133.006983754055938, -24.744025949977306 ], [ 133.006770997489639, -24.719921808143219 ], [ 132.952760243753318, -24.720291716402812 ] ] ] } },
{ "type": "Feature", "properties": { "species_id": "dusky-grasswren", "species_name": "Dusky Grasswren", "suitability": 0.65 }, "geometry": { "type": "Polygon", "coordinates": [ [ [ 129.037299110178111, -24.692779903873085 ], [ 129.063051028496488, -24.74153429029661 ], [ 129.090055266124494, -24.742086107021091 ], [ 129.090670025031301, -24.717987425665239 ], [ 129.037299110178111, -24.692779903873085 ] ] ] } },
{ "type": "Feature", "properties": { "species_id": "dusky-grasswren", "species_name": "Dusky Grasswren", "suitability": 0.55 }, "geometry": { "type": "Polygon", "coordinates": [ [ [ 122.033116673846763, -24.399528743670139 ], [ 122.03101842372952, -24.423567609646152 ], [ 122.057873068513373, -24.42544560155622 ], [ 122.059965712085543, -24.401406385933992 ], [ 122.033116673846763, -24.399528743670139 ] ] ] } },
{ "type": "Feature", "properties": { "species_id": "dusky-grasswren", "species_name": "Dusky Grasswren", "suitability": 0.55 }, "geometry": { "type": "Polygon", "coordinates": [ [ [ 128.011799234793472, -24.667850806981651 ], [ 128.010956938295607, -24.691945094460443 ], [ 127.956984961588233, -24.690429046785876 ], [ 127.95613092334888, -24.714522510948303 ], [ 128.010114286057075, -24.71603884542985 ], [ 128.010956938295607, -24.691945094460443 ], [ 128.037943461993706, -24.692695479543584 ], [ 128.03878006755096, -24.668601050279801 ], [ 128.011799234793472, -24.667850806981651 ] ] ] } },
{ "type": "Feature", "properties": { "species_id": "dusky-grasswren", "species_name": "Dusky Grasswren", "suitability": 0.55 }, "geometry": { "type": "Polygon", "coordinates": [ [ [ 128.68572061341257, -24.709176737118991 ], [ 128.685020358385003, -24.733273749638915 ], [ 128.712020702072579, -24.733896911758148 ], [ 128.712715258614992, -24.70979978125342 ], [ 128.68572061341257, -24.709176737118991 ] ] ] } },
{ "type": "Feature", "properties": { "species_id": "dusky-grasswren", "species_name": "Dusky Grasswren", "suitability": 0.55 }, "geometry": { "type": "Polygon", "coordinates": [ [ [ 128.901685861211035, -24.714018435265334 ], [ 128.901031199189021, -24.738116364754564 ], [ 128.874028849529537, -24.737528873603775 ], [ 128.872707288601845, -24.785722931900462 ], [ 128.927384589439782, -24.762796272468634 ], [ 128.928033825784183, -24.73869875976558 ], [ 128.982039900147839, -24.739848261089019 ], [ 128.982677461856696, -24.715750003599602 ], [ 128.901685861211035, -24.714018435265334 ] ] ] } },
{ "type": "Feature", "properties": { "species_id": "dusky-grasswren", "species_name": "Dusky Grasswren", "suitability": 0.55 }, "geometry": { "type": "Polygon", "coordinates": [ [ [ 128.603303461667423, -24.755469814173789 ], [ 128.602585505893643, -24.779565413178901 ], [ 128.683618960436888, -24.781466193406338 ], [ 128.684319807455637, -24.757370233758731 ], [ 128.603303461667423, -24.755469814173789 ] ] ] } },
{ "type": "Feature", "properties": { "species_id": "dusky-grasswren", "species_name": "Dusky Grasswren", "suitability": 0.55 }, "geometry": { "type": "Polygon", "coordinates": [ [ [ 128.711325852033099, -24.757993514014331 ], [ 128.710630708310561, -24.78208959194987 ], [ 128.737642750346964, -24.782707892935001 ], [ 128.738332190586959, -24.758611697674816 ], [ 128.711325852033099, -24.757993514014331 ] ] ] } },
{ "type": "Feature", "properties": { "species_id": "dusky-grasswren", "species_name": "Dusky Grasswren", "suitability": 0.65 }, "geometry": { "type": "Polygon", "coordinates": [ [ [ 128.738332190586959, -24.758611697674816 ], [ 128.737642750346964, -24.782707892935001 ], [ 128.764655084135768, -24.783321096287285 ], [ 128.765338820708308, -24.759224784665879 ], [ 128.738332190586959, -24.758611697674816 ] ] ] } },
{ "type": "Feature", "properties": { "species_id": "dusky-grasswren", "species_name": "Dusky Grasswren", "suitability": 0.55 }, "geometry": { "type": "Polygon", "coordinates": [ [ [ 129.46760564913572, -24.773375886434575 ], [ 129.467070267800381, -24.797474884946183 ], [ 129.494089567243265, -24.797950426303387 ], [ 129.494619240497059, -24.773851337481531 ], [ 129.46760564913572, -24.773375886434575 ] ] ] } },
{ "type": "Feature", "properties": { "species_id": "dusky-grasswren", "species_name": "Dusky Grasswren", "suitability": 0.65 }, "geometry": { "type": "Polygon", "coordinates": [ [ [ 129.143460907681316, -24.767272812076662 ], [ 129.142252919010303, -24.815467972864887 ], [ 129.169275048404671, -24.816004805234549 ], [ 129.170471622151155, -24.767809440521127 ], [ 129.143460907681316, -24.767272812076662 ] ] ] } },
{ "type": "Feature", "properties": { "species_id": "dusky-grasswren", "species_name": "Dusky Grasswren", "suitability": 0.55 }, "geometry": { "type": "Polygon", "coordinates": [ [ [ 129.386013738833327, -24.796017664635041 ], [ 129.385461000494956, -24.820115869420402 ], [ 129.439509876898541, -24.821092634650807 ], [ 129.440051194974984, -24.796994244176954 ], [ 129.386013738833327, -24.796017664635041 ] ] ] } },
{ "type": "Feature", "properties": { "species_id": "dusky-grasswren", "species_name": "Dusky Grasswren", "suitability": 0.55 }, "geometry": { "type": "Polygon", "coordinates": [ [ [ 129.115840875859561, -24.790828822518385 ], [ 129.114620956956628, -24.839022744857591 ], [ 129.222732820994253, -24.841160281493021 ], [ 129.196890135627712, -24.79243901347888 ], [ 129.169873461734682, -24.79190738187803 ], [ 129.169275048404671, -24.816004805234549 ], [ 129.115840875859561, -24.790828822518385 ] ] ] } },
{ "type": "Feature", "properties": { "species_id": "dusky-grasswren", "species_name": "Dusky Grasswren", "suitability": 0.65 }, "geometry": { "type": "Polygon", "coordinates": [ [ [ 127.737511110079453, -24.78052709286877 ], [ 127.736610015819437, -24.804617257149673 ], [ 127.763621349609679, -24.805419323053755 ], [ 127.764516743251193, -24.781329006456321 ], [ 127.737511110079453, -24.78052709286877 ] ] ] } },
{ "type": "Feature", "properties": { "species_id": "dusky-grasswren", "species_name": "Dusky Grasswren", "suitability": 0.55 }, "geometry": { "type": "Polygon", "coordinates": [ [ [ 128.54783504889707, -24.802367572403021 ], [ 128.547105071423516, -24.826461887456073 ], [ 128.628170947259207, -24.828393985690905 ], [ 128.628883802680406, -24.80429930327729 ], [ 128.54783504889707, -24.802367572403021 ] ] ] } },
{ "type": "Feature", "properties": { "species_id": "dusky-grasswren", "species_name": "Dusky Grasswren", "suitability": 0.55 }, "geometry": { "type": "Polygon", "coordinates": [ [ [ 127.711412269522086, -24.75562954994216 ], [ 127.709599063333044, -24.803810094850629 ], [ 127.736610015819437, -24.804617257149673 ], [ 127.735708540636026, -24.828706902652147 ], [ 127.789742993399727, -24.830306242029952 ], [ 127.791522755079839, -24.782125824513617 ], [ 127.736610015819437, -24.804617257149673 ], [ 127.738411823657344, -24.756436405882088 ], [ 127.711412269522086, -24.75562954994216 ] ] ] } },
{ "type": "Feature", "properties": { "species_id": "dusky-grasswren", "species_name": "Dusky Grasswren", "suitability": 0.55 }, "geometry": { "type": "Polygon", "coordinates": [ [ [ 128.115623556423714, -24.791290155568927 ], [ 128.113980680556608, -24.839474057777643 ], [ 128.141002806031082, -24.840204903311466 ], [ 128.142634271810181, -24.792020723233609 ], [ 128.115623556423714, -24.791290155568927 ] ] ] } },
{ "type": "Feature", "properties": { "species_id": "dusky-grasswren", "species_name": "Dusky Grasswren", "suitability": 0.55 }, "geometry": { "type": "Polygon", "coordinates": [ [ [ 132.115684155392756, -24.843936486127472 ], [ 132.142780054622079, -24.892116043549848 ], [ 132.196873895973113, -24.892051934899996 ], [ 132.196832245795235, -24.867950226333758 ], [ 132.142749848387268, -24.868014322754199 ], [ 132.14271965493046, -24.843912098640715 ], [ 132.115684155392756, -24.843936486127472 ] ] ] } },
{ "type": "Feature", "properties": { "species_id": "dusky-grasswren", "species_name": "Dusky Grasswren", "suitability": 0.55 }, "geometry": { "type": "Polygon", "coordinates": [ [ [ 132.413073547730448, -24.843387555224989 ], [ 132.413160936126616, -24.867489679367445 ], [ 132.386119953964453, -24.86756511178233 ], [ 132.386201657509446, -24.891666746870776 ], [ 132.440201881268962, -24.86740914296464 ], [ 132.440108773482649, -24.843307034168205 ], [ 132.413073547730448, -24.843387555224989 ] ] ] } },
{ "type": "Feature", "properties": { "species_id": "dusky-grasswren", "species_name": "Dusky Grasswren", "suitability": 0.65 }, "geometry": { "type": "Polygon", "coordinates": [ [ [ 128.466041976704958, -24.824483897973501 ], [ 128.465294563007745, -24.848577323041258 ], [ 128.492320990521506, -24.849241878240331 ], [ 128.493062695244305, -24.825148326697011 ], [ 128.466041976704958, -24.824483897973501 ] ] ] } },
{ "type": "Feature", "properties": { "species_id": "dusky-grasswren", "species_name": "Dusky Grasswren", "suitability": 0.75 }, "geometry": { "type": "Polygon", "coordinates": [ [ [ 128.493062695244305, -24.825148326697011 ], [ 128.492320990521506, -24.849241878240331 ], [ 128.573402147627633, -24.851204944506328 ], [ 128.574126724238965, -24.827111019333188 ], [ 128.493062695244305, -24.825148326697011 ] ] ] } },
{ "type": "Feature", "properties": { "species_id": "dusky-grasswren", "species_name": "Dusky Grasswren", "suitability": 0.85 }, "geometry": { "type": "Polygon", "coordinates": [ [ [ 128.574126724238965, -24.827111019333188 ], [ 128.573402147627633, -24.851204944506328 ], [ 128.600429816805246, -24.851849099887712 ], [ 128.601148683655055, -24.827755052104028 ], [ 128.574126724238965, -24.827111019333188 ] ] ] } },
{ "type": "Feature", "properties": { "species_id": "dusky-grasswren", "species_name": "Dusky Grasswren", "suitability": 0.65 }, "geometry": { "type": "Polygon", "coordinates": [ [ [ 128.628170947259207, -24.828393985690905 ], [ 128.627457790363849, -24.852488155118646 ], [ 128.654486065889188, -24.853122110121703 ], [ 128.655193512638647, -24.829027820016719 ], [ 128.628170947259207, -24.828393985690905 ] ] ] } },
{ "type": "Feature", "properties": { "species_id": "dusky-grasswren", "species_name": "Dusky Grasswren", "suitability": 0.55 }, "geometry": { "type": "Polygon", "coordinates": [ [ [ 128.736262995298347, -24.830898726665815 ], [ 128.735572680119873, -24.854993373001552 ], [ 128.789631888504317, -24.856215379061144 ], [ 128.790310781706268, -24.832120500073717 ], [ 128.736262995298347, -24.830898726665815 ] ] ] } },
{ "type": "Feature", "properties": { "species_id": "dusky-grasswren", "species_name": "Dusky Grasswren", "suitability": 0.65 }, "geometry": { "type": "Polygon", "coordinates": [ [ [ 128.573402147627633, -24.851204944506328 ], [ 128.572677264527243, -24.875298360315348 ], [ 128.599710645878076, -24.875942638464391 ], [ 128.600429816805246, -24.851849099887712 ], [ 128.573402147627633, -24.851204944506328 ] ] ] } },
{ "type": "Feature", "properties": { "species_id": "dusky-grasswren", "species_name": "Dusky Grasswren", "suitability": 0.55 }, "geometry": { "type": "Polygon", "coordinates": [ [ [ 132.223920791389048, -24.892012223046677 ], [ 132.223968183574726, -24.916113424638219 ], [ 132.27807336048042, -24.916018667803257 ], [ 132.278014519579415, -24.891917484307157 ], [ 132.223920791389048, -24.892012223046677 ] ] ] } },
{ "type": "Feature", "properties": { "species_id": "dusky-grasswren", "species_name": "Dusky Grasswren", "suitability": 0.75 }, "geometry": { "type": "Polygon", "coordinates": [ [ [ 128.601148683655055, -24.827755052104028 ], [ 128.599710645878076, -24.875942638464391 ], [ 128.680812607711943, -24.877844865892943 ], [ 128.680110277427644, -24.901938262159003 ], [ 128.707150577929838, -24.902562254421344 ], [ 128.707847192863653, -24.878468739107127 ], [ 128.761917245480078, -24.879701181188651 ], [ 128.761232061807135, -24.903794931690456 ], [ 128.788273240346086, -24.904403616547942 ], [ 128.788952708111651, -24.880309749906814 ], [ 128.815988458403126, -24.880913216978172 ], [ 128.8166619251204, -24.856818731110423 ], [ 128.627457790363849, -24.852488155118646 ], [ 128.628170947259207, -24.828393985690905 ], [ 128.601148683655055, -24.827755052104028 ] ] ] } },
{ "type": "Feature", "properties": { "species_id": "dusky-grasswren", "species_name": "Dusky Grasswren", "suitability": 0.65 }, "geometry": { "type": "Polygon", "coordinates": [ [ [ 128.8166619251204, -24.856818731110423 ], [ 128.815988458403126, -24.880913216978172 ], [ 128.788952708111651, -24.880309749906814 ], [ 128.788273240346086, -24.904403616547942 ], [ 128.843024493937605, -24.881511582329669 ], [ 128.843692246798582, -24.857416982408505 ], [ 128.8166619251204, -24.856818731110423 ] ] ] } },
{ "type": "Feature", "properties": { "species_id": "dusky-grasswren", "species_name": "Dusky Grasswren", "suitability": 0.65 }, "geometry": { "type": "Polygon", "coordinates": [ [ [ 128.653778319886356, -24.877215891330263 ], [ 128.653070274440296, -24.901309167578813 ], [ 128.680110277427644, -24.901938262159003 ], [ 128.680812607711943, -24.877844865892943 ], [ 128.653778319886356, -24.877215891330263 ] ] ] } },
{ "type": "Feature", "properties": { "species_id": "dusky-grasswren", "species_name": "Dusky Grasswren", "suitability": 0.65 }, "geometry": { "type": "Polygon", "coordinates": [ [ [ 128.707847192863653, -24.878468739107127 ], [ 128.707150577929838, -24.902562254421344 ], [ 128.761232061807135, -24.903794931690456 ], [ 128.761917245480078, -24.879701181188651 ], [ 128.707847192863653, -24.878468739107127 ] ] ] } },
{ "type": "Feature", "properties": { "species_id": "dusky-grasswren", "species_name": "Dusky Grasswren", "suitability": 0.55 }, "geometry": { "type": "Polygon", "coordinates": [ [ [ 131.791169704708722, -24.892035009368549 ], [ 131.791125506370975, -24.91613621531236 ], [ 131.872283442697523, -24.916231509154198 ], [ 131.899293485728663, -24.964454035972956 ], [ 131.980485913276596, -24.964488070798648 ], [ 131.980481780544324, -24.988587831164356 ], [ 132.007551661501736, -24.988588960398111 ], [ 132.007548464244024, -24.94038895171996 ], [ 131.980490044259142, -24.940387822918574 ], [ 131.980494173493042, -24.916287083574815 ], [ 131.926388794892574, -24.916269508377717 ], [ 131.926404371222304, -24.892168276979074 ], [ 131.791169704708722, -24.892035009368549 ] ] ] } },
{ "type": "Feature", "properties": { "species_id": "dusky-grasswren", "species_name": "Dusky Grasswren", "suitability": 0.55 }, "geometry": { "type": "Polygon", "coordinates": [ [ [ 128.383452326042743, -24.870645588583198 ], [ 128.381921629567898, -24.918829131522177 ], [ 128.354879343376638, -24.918143785770543 ], [ 128.354107791454652, -24.942234676230694 ], [ 128.436761251164228, -24.896092736769063 ], [ 128.437515010927825, -24.87200045554453 ], [ 128.383452326042743, -24.870645588583198 ] ] ] } },
{ "type": "Feature", "properties": { "species_id": "dusky-grasswren", "species_name": "Dusky Grasswren", "suitability": 0.55 }, "geometry": { "type": "Polygon", "coordinates": [ [ [ 132.521876499908899, -24.987639720466436 ], [ 132.521987046140111, -25.011738815388721 ], [ 132.549062185540521, -25.011637747204386 ], [ 132.548945905483549, -24.987538671666204 ], [ 132.521876499908899, -24.987639720466436 ] ] ] } },
{ "type": "Feature", "properties": { "species_id": "dusky-grasswren", "species_name": "Dusky Grasswren", "suitability": 0.55 }, "geometry": { "type": "Polygon", "coordinates": [ [ [ 128.408204123976191, -24.943600526364186 ], [ 128.406682926279416, -24.991781349574534 ], [ 128.433743020588565, -24.992456878109284 ], [ 128.435252774585763, -24.944275796269896 ], [ 128.408204123976191, -24.943600526364186 ] ] ] } },
{ "type": "Feature", "properties": { "species_id": "dusky-grasswren", "species_name": "Dusky Grasswren", "suitability": 0.75 }, "geometry": { "type": "Polygon", "coordinates": [ [ [ 128.353335912928031, -24.96632507177576 ], [ 128.352563707589383, -24.990414976347932 ], [ 128.406682926279416, -24.991781349574534 ], [ 128.407443686115698, -24.967691183288569 ], [ 128.353335912928031, -24.96632507177576 ] ] ] } },
{ "type": "Feature", "properties": { "species_id": "dusky-grasswren", "species_name": "Dusky Grasswren", "suitability": 0.65 }, "geometry": { "type": "Polygon", "coordinates": [ [ [ 127.790633062296891, -24.806216292466274 ], [ 127.789742993399727, -24.830306242029952 ], [ 127.870797491986494, -24.832667019233018 ], [ 127.869924165172549, -24.856756903783793 ], [ 127.923973762550418, -24.858305561045796 ], [ 127.923111484651741, -24.882395230831595 ], [ 128.031237878407808, -24.88543193556719 ], [ 128.030398084701233, -24.90952167923701 ], [ 128.057436290715486, -24.910268247312736 ], [ 128.055767069849566, -24.958446521175386 ], [ 128.109043706798815, -24.984013596945477 ], [ 128.108219658372832, -25.008101787063822 ], [ 128.216470277253819, -25.010998448317789 ], [ 128.217271431800555, -24.986909702941322 ], [ 128.244329217736464, -24.987620967607871 ], [ 128.245124311574529, -24.963531598137315 ], [ 128.136918099311913, -24.960656461558166 ], [ 128.137735732077459, -24.93656715038767 ], [ 128.110690757509531, -24.935835746976096 ], [ 128.112336414839831, -24.887655911088295 ], [ 128.085303217893028, -24.886919686384115 ], [ 128.059937475446731, -24.837997070830436 ], [ 127.97887531854164, -24.835743352051999 ], [ 127.979725457997546, -24.811652368606232 ], [ 127.790633062296891, -24.806216292466274 ] ] ] } },
{ "type": "Feature", "properties": { "species_id": "dusky-grasswren", "species_name": "Dusky Grasswren", "suitability": 0.65 }, "geometry": { "type": "Polygon", "coordinates": [ [ [ 128.355650568901154, -24.8940523964548 ], [ 128.298445798283836, -24.989028182134017 ], [ 128.325504588052638, -24.989724131822481 ], [ 128.324726330834721, -25.013813416880392 ], [ 128.405921844262849, -25.015871029166561 ], [ 128.406682926279416, -24.991781349574534 ], [ 128.352563707589383, -24.990414976347932 ], [ 128.353335912928031, -24.96632507177576 ], [ 128.407443686115698, -24.967691183288569 ], [ 128.408204123976191, -24.943600526364186 ], [ 128.354107791454652, -24.942234676230694 ], [ 128.354879343376638, -24.918143785770543 ], [ 128.381921629567898, -24.918829131522177 ], [ 128.382687139693815, -24.894737611366033 ], [ 128.355650568901154, -24.8940523964548 ] ] ] } },
{ "type": "Feature", "properties": { "species_id": "dusky-grasswren", "species_name": "Dusky Grasswren", "suitability": 0.55 }, "geometry": { "type": "Polygon", "coordinates": [ [ [ 128.272176712734876, -24.964237622662488 ], [ 128.297661816415683, -25.013117333732318 ], [ 128.324726330834721, -25.013813416880392 ], [ 128.325504588052638, -24.989724131822481 ], [ 128.272176712734876, -24.964237622662488 ] ] ] } },
{ "type": "Feature", "properties": { "species_id": "dusky-grasswren", "species_name": "Dusky Grasswren", "suitability": 0.65 }, "geometry": { "type": "Polygon", "coordinates": [ [ [ 130.518460839808597, -25.005038116523885 ], [ 130.54491648187485, -25.053509451138439 ], [ 130.572000124010145, -25.053781495259319 ], [ 130.572605051119325, -25.005587104833818 ], [ 130.518460839808597, -25.005038116523885 ] ] ] } },
{ "type": "Feature", "properties": { "species_id": "dusky-grasswren", "species_name": "Dusky Grasswren", "suitability": 0.55 }, "geometry": { "type": "Polygon", "coordinates": [ [ [ 130.518146971675975, -25.02913544504576 ], [ 130.517832970533505, -25.053232296034171 ], [ 130.54491648187485, -25.053509451138439 ], [ 130.545224746302665, -25.029412546896889 ], [ 130.518146971675975, -25.02913544504576 ] ] ] } },
{ "type": "Feature", "properties": { "species_id": "dusky-grasswren", "species_name": "Dusky Grasswren", "suitability": 0.55 }, "geometry": { "type": "Polygon", "coordinates": [ [ [ 132.061717560284393, -25.036773961452035 ], [ 132.061730639260446, -25.060872280693069 ], [ 132.08881772054832, -25.060858074922027 ], [ 132.08879890258919, -25.036759758411666 ], [ 132.061717560284393, -25.036773961452035 ] ] ] } },
{ "type": "Feature", "properties": { "species_id": "dusky-grasswren", "species_name": "Dusky Grasswren", "suitability": 0.65 }, "geometry": { "type": "Polygon", "coordinates": [ [ [ 129.407551639467442, -25.037468875446894 ], [ 129.407002290951709, -25.061562221479114 ], [ 129.434084079968585, -25.062048984102919 ], [ 129.434627694079609, -25.037955544520511 ], [ 129.407551639467442, -25.037468875446894 ] ] ] } },
{ "type": "Feature", "properties": { "species_id": "dusky-grasswren", "species_name": "Dusky Grasswren", "suitability": 0.65 }, "geometry": { "type": "Polygon", "coordinates": [ [ [ 132.08881772054832, -25.060858074922027 ], [ 132.088836546484828, -25.084955919727612 ], [ 132.115929361198255, -25.084936598356087 ], [ 132.115904793850888, -25.060838757268506 ], [ 132.08881772054832, -25.060858074922027 ] ] ] } },
{ "type": "Feature", "properties": { "species_id": "dusky-grasswren", "species_name": "Dusky Grasswren", "suitability": 0.55 }, "geometry": { "type": "Polygon", "coordinates": [ [ [ 129.434627694079609, -25.037955544520511 ], [ 129.406452709601069, -25.085655094015209 ], [ 129.487715977068262, -25.087100329708491 ], [ 129.461703979181863, -25.038437104511889 ], [ 129.434627694079609, -25.037955544520511 ] ] ] } },
{ "type": "Feature", "properties": { "species_id": "dusky-grasswren", "species_name": "Dusky Grasswren", "suitability": 0.55 }, "geometry": { "type": "Polygon", "coordinates": [ [ [ 132.115904793850888, -25.060838757268506 ], [ 132.115953938962519, -25.109033971692813 ], [ 132.170151022339894, -25.108979979960004 ], [ 132.142991856732777, -25.060814327734825 ], [ 132.115904793850888, -25.060838757268506 ] ] ] } },
{ "type": "Feature", "properties": { "species_id": "dusky-grasswren", "species_name": "Dusky Grasswren", "suitability": 0.55 }, "geometry": { "type": "Polygon", "coordinates": [ [ [ 132.495226563568025, -25.084129250651454 ], [ 132.495331553764828, -25.108226468436747 ], [ 132.576625848369019, -25.107923030542366 ], [ 132.576503627514285, -25.083825871207338 ], [ 132.495226563568025, -25.084129250651454 ] ] ] } },
{ "type": "Feature", "properties": { "species_id": "dusky-grasswren", "species_name": "Dusky Grasswren", "suitability": 0.55 }, "geometry": { "type": "Polygon", "coordinates": [ [ [ 129.812788722600231, -25.092421252929661 ], [ 129.811861104598364, -25.140608202347444 ], [ 129.838963321759337, -25.141018545284407 ], [ 129.83987945472316, -25.092831437669961 ], [ 129.812788722600231, -25.092421252929661 ] ] ] } },
{ "type": "Feature", "properties": { "species_id": "dusky-grasswren", "species_name": "Dusky Grasswren", "suitability": 0.55 }, "geometry": { "type": "Polygon", "coordinates": [ [ [ 128.926735078668173, -24.786893262019465 ], [ 128.952460958765556, -24.835663424929294 ], [ 128.871384609997364, -24.833914912173515 ], [ 128.870722851123219, -24.858010132883109 ], [ 128.897753735678691, -24.858598182462593 ], [ 128.897097411066852, -24.882693007584024 ], [ 128.870060812297936, -24.882104845888879 ], [ 128.868735894082931, -24.930292764541512 ], [ 128.949880830022238, -24.93204261191217 ], [ 128.949235115194597, -24.956136160162725 ], [ 128.894469333717439, -24.979067311251125 ], [ 128.893153625230127, -25.02725152019449 ], [ 128.839012037072536, -25.026068737670066 ], [ 128.840350655262824, -24.977884982307675 ], [ 128.759174770224632, -24.976073196476886 ], [ 128.758488425561779, -25.000164968974961 ], [ 128.812616846821754, -25.00137816427349 ], [ 128.81194166763828, -25.025469684924794 ], [ 128.78487158453558, -25.024865524621376 ], [ 128.810590450952134, -25.073651288996633 ], [ 128.864754402102761, -25.07484474551045 ], [ 128.865418686945674, -25.050753952222465 ], [ 128.892495352914409, -25.051342902756819 ], [ 128.890518861552579, -25.123614210221895 ], [ 128.971802152338171, -25.125351412095558 ], [ 128.971159986804196, -25.14944124957124 ], [ 128.998260706801886, -25.150010202913979 ], [ 129.026622794135278, -25.102393467789479 ], [ 128.972444045680874, -25.101261110905298 ], [ 128.973727016484077, -25.053079101555621 ], [ 129.000804784800266, -25.0536476166514 ], [ 129.002075207635556, -25.00546348670024 ], [ 129.056831980267077, -24.982491756060892 ], [ 129.109118528929088, -25.055870586000538 ], [ 129.13619762053176, -25.056413555239757 ], [ 129.136804304696625, -25.032321198572017 ], [ 129.190951791709495, -25.033391603160691 ], [ 129.189761102864196, -25.081576253408905 ], [ 129.27101862723049, -25.083144149012966 ], [ 129.272752682248353, -25.010865554292785 ], [ 129.299821816749613, -25.011377669552022 ], [ 129.298104962680185, -25.083656559614095 ], [ 129.378254074506998, -25.13334727748035 ], [ 129.379365416966664, -25.085163126738415 ], [ 129.325758332028983, -25.06007127383452 ], [ 129.326891193732394, -25.011884677010404 ], [ 129.381030665433144, -25.012883368277915 ], [ 129.381585278127119, -24.988789157684167 ], [ 129.328023096176821, -24.963696153123333 ], [ 129.328588688057522, -24.939601158659549 ], [ 129.274484535286064, -24.938582621438659 ], [ 129.248597612129402, -24.889874808427599 ], [ 129.194517813011828, -24.888826043274243 ], [ 129.195111269976877, -24.864730048858132 ], [ 129.114010610495342, -24.863118938468169 ], [ 129.113400005809325, -24.887214625621773 ], [ 129.059322756876554, -24.886114834664127 ], [ 129.061188074928879, -24.813826878163258 ], [ 129.007146156432043, -24.812707317696713 ], [ 129.007778819304519, -24.788610520999235 ], [ 128.926735078668173, -24.786893262019465 ] ], [ [ 128.897097411066852, -24.882693007584024 ], [ 128.924134287827002, -24.883276067343839 ], [ 128.923483402306204, -24.907370500131826 ], [ 128.896440808741147, -24.906787329082917 ], [ 128.897097411066852, -24.882693007584024 ] ], [ [ 129.113400005809325, -24.887214625621773 ], [ 129.166878862739338, -24.912389397359412 ], [ 129.16627918243293, -24.936484289756773 ], [ 129.139228473493318, -24.935946945282073 ], [ 129.165079060024794, -24.984672595384357 ], [ 129.110955001537405, -24.983592388471518 ], [ 129.112178021107155, -24.935404496315254 ], [ 129.085127827696198, -24.934856942922178 ], [ 129.113400005809325, -24.887214625621773 ] ], [ [ 129.004612827815777, -24.909089395141148 ], [ 129.031656509859147, -24.909652153866983 ], [ 129.031028227486473, -24.933746523123979 ], [ 129.003978825530481, -24.933183656853608 ], [ 129.004612827815777, -24.909089395141148 ] ] ] } },
{ "type": "Feature", "properties": { "species_id": "dusky-grasswren", "species_name": "Dusky Grasswren", "suitability": 0.55 }, "geometry": { "type": "Polygon", "coordinates": [ [ [ 129.189165379893865, -25.105667870740444 ], [ 129.188569404344435, -25.129759021484428 ], [ 129.242179053612688, -25.154900691619034 ], [ 129.216256709953996, -25.10619571482199 ], [ 129.189165379893865, -25.105667870740444 ] ] ] } },
{ "type": "Feature", "properties": { "species_id": "dusky-grasswren", "species_name": "Dusky Grasswren", "suitability": 0.55 }, "geometry": { "type": "Polygon", "coordinates": [ [ [ 129.331413060122941, -24.819118703377207 ], [ 129.330848663515951, -24.843216205298255 ], [ 129.249761414682155, -24.841681913805097 ], [ 129.249179636480619, -24.865778614020229 ], [ 129.330284028157507, -24.867313197848024 ], [ 129.356200755734619, -24.916007185951322 ], [ 129.410294894694346, -24.916994904546979 ], [ 129.462779054947106, -24.99024860461946 ], [ 129.516383418183864, -25.015290705679831 ], [ 129.515857231138369, -25.039384897013413 ], [ 129.542934193133277, -25.039851129407744 ], [ 129.541892622357011, -25.088038264467933 ], [ 129.5148041879701, -25.087571852697195 ], [ 129.514277331563704, -25.111664624956582 ], [ 129.649750390283884, -25.113946009972423 ], [ 129.649252023230247, -25.138038757155428 ], [ 129.676353022035642, -25.138479781993883 ], [ 129.675367146889272, -25.186664068984463 ], [ 129.648254654857539, -25.186222873709774 ], [ 129.647755653269314, -25.21031425100648 ], [ 129.674873895569363, -25.210755531662514 ], [ 129.674380434907505, -25.234846545749338 ], [ 129.728629051532408, -25.235713925584395 ], [ 129.728146892089427, -25.259804663274686 ], [ 129.782407839123948, -25.260651737074912 ], [ 129.782878487351098, -25.236560835120283 ], [ 129.810003506350114, -25.236976613394926 ], [ 129.810468201505955, -25.212885186697022 ], [ 129.701992347420486, -25.211191695839887 ], [ 129.702967142485562, -25.163008149247823 ], [ 129.757181667556466, -25.163864796518716 ], [ 129.757657263613623, -25.139772175184785 ], [ 129.73055564466415, -25.139346491061836 ], [ 129.731036782437116, -25.115253491665911 ], [ 129.676845646128186, -25.114386949755655 ], [ 129.677338061410751, -25.090293653074944 ], [ 129.597088777007201, -25.040768266198704 ], [ 129.597597765971358, -25.016673809252069 ], [ 129.543454647624714, -25.015756848557682 ], [ 129.490906819171954, -24.942534249933018 ], [ 129.463853220537374, -24.942058164277164 ], [ 129.464926477107838, -24.893865751909878 ], [ 129.437884548398216, -24.893384744863106 ], [ 129.438426553755477, -24.869287881056255 ], [ 129.331413060122941, -24.819118703377207 ] ] ] } },
{ "type": "Feature", "properties": { "species_id": "dusky-grasswren", "species_name": "Dusky Grasswren", "suitability": 0.65 }, "geometry": { "type": "Polygon", "coordinates": [ [ [ 130.704950397079841, -25.27191906284634 ], [ 130.70467539053908, -25.296011713024207 ], [ 130.731817272956135, -25.296253557671974 ], [ 130.732086517848984, -25.272160860515203 ], [ 130.704950397079841, -25.27191906284634 ] ] ] } },
{ "type": "Feature", "properties": { "species_id": "dusky-grasswren", "species_name": "Dusky Grasswren", "suitability": 0.75 }, "geometry": { "type": "Polygon", "coordinates": [ [ [ 130.732086517848984, -25.272160860515203 ], [ 130.731547913692964, -25.320345821419739 ], [ 130.758695674762379, -25.320582591022454 ], [ 130.759222753029775, -25.272397538089979 ], [ 130.732086517848984, -25.272160860515203 ] ] ] } },
{ "type": "Feature", "properties": { "species_id": "dusky-grasswren", "species_name": "Dusky Grasswren", "suitability": 0.65 }, "geometry": { "type": "Polygon", "coordinates": [ [ [ 130.759222753029775, -25.272397538089979 ], [ 130.758695674762379, -25.320582591022454 ], [ 130.785843547938242, -25.320814238512128 ], [ 130.786359100174309, -25.272629095541387 ], [ 130.759222753029775, -25.272397538089979 ] ] ] } },
{ "type": "Feature", "properties": { "species_id": "dusky-grasswren", "species_name": "Dusky Grasswren", "suitability": 0.55 }, "geometry": { "type": "Polygon", "coordinates": [ [ [ 128.940815879362503, -25.26930899772622 ], [ 128.940166321030404, -25.293396024511164 ], [ 128.967301267876621, -25.293970758245713 ], [ 128.967945070199534, -25.269883619855836 ], [ 128.940815879362503, -25.26930899772622 ] ] ] } },
{ "type": "Feature", "properties": { "species_id": "dusky-grasswren", "species_name": "Dusky Grasswren", "suitability": 0.55 }, "geometry": { "type": "Polygon", "coordinates": [ [ [ 130.78610137879437, -25.296721883673282 ], [ 130.785843547938242, -25.320814238512128 ], [ 130.812991530769494, -25.321040763859923 ], [ 130.813243597316614, -25.296948364968809 ], [ 130.78610137879437, -25.296721883673282 ] ] ] } },
{ "type": "Feature", "properties": { "species_id": "dusky-grasswren", "species_name": "Dusky Grasswren", "suitability": 0.55 }, "geometry": { "type": "Polygon", "coordinates": [ [ [ 130.432930641900356, -25.317403305180555 ], [ 130.432597740576966, -25.341494566600669 ], [ 130.459749872449919, -25.341787734432245 ], [ 130.460077008046056, -25.317696415948777 ], [ 130.432930641900356, -25.317403305180555 ] ] ] } },
{ "type": "Feature", "properties": { "species_id": "dusky-grasswren", "species_name": "Dusky Grasswren", "suitability": 0.55 }, "geometry": { "type": "Polygon", "coordinates": [ [ [ 130.079225784284205, -25.361307233584533 ], [ 130.078817590577415, -25.38539681204044 ], [ 130.105979226592751, -25.385756712379035 ], [ 130.10638165096853, -25.361667063735506 ], [ 130.079225784284205, -25.361307233584533 ] ] ] } },
{ "type": "Feature", "properties": { "species_id": "dusky-grasswren", "species_name": "Dusky Grasswren", "suitability": 0.65 }, "geometry": { "type": "Polygon", "coordinates": [ [ [ 121.544256627437093, -25.017490776124891 ], [ 121.542043731190802, -25.041508800010323 ], [ 121.569035986990329, -25.043477717045235 ], [ 121.571243222601936, -25.019459316270613 ], [ 121.544256627437093, -25.017490776124891 ] ] ] } },
{ "type": "Feature", "properties": { "species_id": "dusky-grasswren", "species_name": "Dusky Grasswren", "suitability": 0.55 }, "geometry": { "type": "Polygon", "coordinates": [ [ [ 121.519488587138042, -24.991499000526346 ], [ 121.515052411121474, -25.039534802873966 ], [ 121.542043731190802, -25.041508800010323 ], [ 121.539829900147922, -25.065526318052598 ], [ 121.62082645604157, -25.071418957210874 ], [ 121.625219208908703, -25.023381158108631 ], [ 121.598230750545881, -25.021422777010557 ], [ 121.600431395442499, -24.997403491497771 ], [ 121.519488587138042, -24.991499000526346 ] ], [ [ 121.544256627437093, -25.017490776124891 ], [ 121.571243222601936, -25.019459316270613 ], [ 121.569035986990329, -25.043477717045235 ], [ 121.542043731190802, -25.041508800010323 ], [ 121.544256627437093, -25.017490776124891 ] ] ] } },
{ "type": "Feature", "properties": { "species_id": "dusky-grasswren", "species_name": "Dusky Grasswren", "suitability": 0.55 }, "geometry": { "type": "Polygon", "coordinates": [ [ [ 121.971907351614348, -25.096425144277305 ], [ 121.969783300915125, -25.120448093562619 ], [ 121.996801553817733, -25.1223364223614 ], [ 121.998919929887364, -25.098313110229242 ], [ 121.971907351614348, -25.096425144277305 ] ] ] } },
{ "type": "Feature", "properties": { "species_id": "dusky-grasswren", "species_name": "Dusky Grasswren", "suitability": 0.55 }, "geometry": { "type": "Polygon", "coordinates": [ [ [ 121.674828810070125, -25.075321974984639 ], [ 121.670455018369765, -25.123359271310502 ], [ 121.697468922271682, -25.125303903806849 ], [ 121.701831375021499, -25.077265860664962 ], [ 121.674828810070125, -25.075321974984639 ] ] ] } },
{ "type": "Feature", "properties": { "species_id": "dusky-grasswren", "species_name": "Dusky Grasswren", "suitability": 0.55 }, "geometry": { "type": "Polygon", "coordinates": [ [ [ 131.844506768587763, -25.446313333135549 ], [ 131.844473697876936, -25.470404159318708 ], [ 131.817288718510554, -25.470372253024646 ], [ 131.81721096643173, -25.518552684391825 ], [ 131.844407514236025, -25.518584603203085 ], [ 131.844473697876936, -25.470404159318708 ], [ 131.898822177621923, -25.494543017103087 ], [ 131.898843696400462, -25.470452585584859 ], [ 131.844506768587763, -25.446313333135549 ] ] ] } },
{ "type": "Feature", "properties": { "species_id": "dusky-grasswren", "species_name": "Dusky Grasswren", "suitability": 0.65 }, "geometry": { "type": "Polygon", "coordinates": [ [ [ 131.898843696400462, -25.470452585584859 ], [ 131.898822177621923, -25.494543017103087 ], [ 131.87163138954412, -25.494521364114309 ], [ 131.871604076142489, -25.518611391229367 ], [ 131.925997232402068, -25.518649574914448 ], [ 131.926028710633943, -25.470469105550901 ], [ 131.898843696400462, -25.470452585584859 ] ] ] } },
{ "type": "Feature", "properties": { "species_id": "dusky-grasswren", "species_name": "Dusky Grasswren", "suitability": 0.55 }, "geometry": { "type": "Polygon", "coordinates": [ [ [ 129.811397000504712, -25.164700985138538 ], [ 129.810932699515689, -25.188793311933658 ], [ 129.864707322373647, -25.213701231885366 ], [ 129.863800753858214, -25.261883957620629 ], [ 129.836669586315764, -25.26147833619433 ], [ 129.835291006584754, -25.33374889869776 ], [ 129.889588100365188, -25.33455549293598 ], [ 129.88824237273073, -25.406822674528446 ], [ 129.915408512352315, -25.407218520408019 ], [ 129.91496532846844, -25.431306821072653 ], [ 129.969309718067848, -25.43208328983501 ], [ 129.995629920503688, -25.480639657999667 ], [ 130.02281412858639, -25.481015224393428 ], [ 130.021972699037207, -25.529189580062958 ], [ 130.049168651393813, -25.529560163745987 ], [ 130.050413183204597, -25.457297809020027 ], [ 130.077591967903174, -25.457663047637617 ], [ 130.076364780571424, -25.529925617282348 ], [ 130.103561084106843, -25.530285940626165 ], [ 130.10436781732696, -25.48211115484628 ], [ 130.159129356311155, -25.45872800023324 ], [ 130.159911958331378, -25.410550507348109 ], [ 130.10557663114983, -25.409845941827971 ], [ 130.104770926626202, -25.458023159075623 ], [ 130.077591967903174, -25.457663047637617 ], [ 130.078409223352111, -25.409485971212305 ], [ 129.942574840506865, -25.407609241392763 ], [ 129.943012064951489, -25.383520448592481 ], [ 129.915851507891318, -25.383129803878926 ], [ 129.916736934414672, -25.334951107300206 ], [ 129.889588100365188, -25.33455549293598 ], [ 129.890932114104913, -25.26228446022418 ], [ 129.945195402929897, -25.263070108765842 ], [ 129.946067441012303, -25.214886923231862 ], [ 129.918947213077359, -25.214496809706805 ], [ 129.892721472019872, -25.165916907200344 ], [ 129.811397000504712, -25.164700985138538 ] ] ] } },
{ "type": "Feature", "properties": { "species_id": "dusky-grasswren", "species_name": "Dusky Grasswren", "suitability": 0.55 }, "geometry": { "type": "Polygon", "coordinates": [ [ [ 130.539655927074449, -25.463087610885328 ], [ 130.539345297933778, -25.487176598922037 ], [ 130.566532619637655, -25.487449595426988 ], [ 130.565922533728582, -25.535626476698468 ], [ 130.593121554405116, -25.535894449469012 ], [ 130.593720071181934, -25.487717463035999 ], [ 130.539655927074449, -25.463087610885328 ] ] ] } },
{ "type": "Feature", "properties": { "species_id": "dusky-grasswren", "species_name": "Dusky Grasswren", "suitability": 0.65 }, "geometry": { "type": "Polygon", "coordinates": [ [ [ 130.15873780563075, -25.482816134085699 ], [ 130.157954204398152, -25.530991196555924 ], [ 130.185151016227252, -25.531336129053486 ], [ 130.185537115803811, -25.507248729652506 ], [ 130.239919661423784, -25.507923071098155 ], [ 130.240294032596722, -25.483835140468866 ], [ 130.15873780563075, -25.482816134085699 ] ] ] } },
{ "type": "Feature", "properties": { "species_id": "dusky-grasswren", "species_name": "Dusky Grasswren", "suitability": 0.75 }, "geometry": { "type": "Polygon", "coordinates": [ [ [ 130.185537115803811, -25.507248729652506 ], [ 130.185151016227252, -25.531336129053486 ], [ 130.212347992560638, -25.531675931181489 ], [ 130.212728307645136, -25.507588465078435 ], [ 130.185537115803811, -25.507248729652506 ] ] ] } },
{ "type": "Feature", "properties": { "species_id": "dusky-grasswren", "species_name": "Dusky Grasswren", "suitability": 0.55 }, "geometry": { "type": "Polygon", "coordinates": [ [ [ 130.429929429731658, -25.534209649922076 ], [ 130.429595251986939, -25.558297219136133 ], [ 130.456799385814293, -25.558590903817144 ], [ 130.45712777573118, -25.534503276883068 ], [ 130.429929429731658, -25.534209649922076 ] ] ] } },
{ "type": "Feature", "properties": { "species_id": "dusky-grasswren", "species_name": "Dusky Grasswren", "suitability": 0.55 }, "geometry": { "type": "Polygon", "coordinates": [ [ [ 130.185151016227252, -25.531336129053486 ], [ 130.184764752310457, -25.555423133449647 ], [ 130.157562153633194, -25.55507813315818 ], [ 130.157169935960468, -25.579164678664831 ], [ 130.211967515597109, -25.555763002364486 ], [ 130.212347992560638, -25.531675931181489 ], [ 130.185151016227252, -25.531336129053486 ] ] ] } },
{ "type": "Feature", "properties": { "species_id": "dusky-grasswren", "species_name": "Dusky Grasswren", "suitability": 0.55 }, "geometry": { "type": "Polygon", "coordinates": [ [ [ 130.239170441027909, -25.556097739860043 ], [ 130.238795591601502, -25.58018448598159 ], [ 130.293213498377867, -25.580838695247913 ], [ 130.293576768460866, -25.55675182042555 ], [ 130.239170441027909, -25.556097739860043 ] ] ] } },
{ "type": "Feature", "properties": { "species_id": "dusky-grasswren", "species_name": "Dusky Grasswren", "suitability": 0.55 }, "geometry": { "type": "Polygon", "coordinates": [ [ [ 130.375187414057052, -25.557694454598401 ], [ 130.374841513726579, -25.581781514907018 ], [ 130.402051150356584, -25.58208552283714 ], [ 130.402391260579265, -25.557998402717395 ], [ 130.375187414057052, -25.557694454598401 ] ] ] } },
{ "type": "Feature", "properties": { "species_id": "dusky-grasswren", "species_name": "Dusky Grasswren", "suitability": 0.65 }, "geometry": { "type": "Polygon", "coordinates": [ [ [ 130.402391260579265, -25.557998402717395 ], [ 130.402051150356584, -25.58208552283714 ], [ 130.374841513726579, -25.581781514907018 ], [ 130.374495466097756, -25.605868188771101 ], [ 130.429260931964649, -25.582384398058228 ], [ 130.429595251986939, -25.558297219136133 ], [ 130.402391260579265, -25.557998402717395 ] ] ] } },
{ "type": "Feature", "properties": { "species_id": "dusky-grasswren", "species_name": "Dusky Grasswren", "suitability": 0.75 }, "geometry": { "type": "Polygon", "coordinates": [ [ [ 130.429595251986939, -25.558297219136133 ], [ 130.429260931964649, -25.582384398058228 ], [ 130.402051150356584, -25.58208552283714 ], [ 130.401710895300482, -25.606172256588362 ], [ 130.456142186448972, -25.606764991027568 ], [ 130.456799385814293, -25.558590903817144 ], [ 130.429595251986939, -25.558297219136133 ] ] ] } },
{ "type": "Feature", "properties": { "species_id": "dusky-grasswren", "species_name": "Dusky Grasswren", "suitability": 0.75 }, "geometry": { "type": "Polygon", "coordinates": [ [ [ 130.238795591601502, -25.58018448598159 ], [ 130.238420582553601, -25.604270845259659 ], [ 130.265635249370774, -25.604600581085542 ], [ 130.266004466332703, -25.580514156870446 ], [ 130.238795591601502, -25.58018448598159 ] ] ] } },
{ "type": "Feature", "properties": { "species_id": "dusky-grasswren", "species_name": "Dusky Grasswren", "suitability": 0.65 }, "geometry": { "type": "Polygon", "coordinates": [ [ [ 130.266004466332703, -25.580514156870446 ], [ 130.265635249370774, -25.604600581085542 ], [ 130.292850073602409, -25.604925183390208 ], [ 130.293213498377867, -25.580838695247913 ], [ 130.266004466332703, -25.580514156870446 ] ] ] } },
{ "type": "Feature", "properties": { "species_id": "dusky-grasswren", "species_name": "Dusky Grasswren", "suitability": 0.65 }, "geometry": { "type": "Polygon", "coordinates": [ [ [ 130.211586876651182, -25.579849682622836 ], [ 130.210825112398197, -25.628021886357647 ], [ 130.23804541378226, -25.628356821693842 ], [ 130.238795591601502, -25.58018448598159 ], [ 130.211586876651182, -25.579849682622836 ] ] ] } },
{ "type": "Feature", "properties": { "species_id": "dusky-grasswren", "species_name": "Dusky Grasswren", "suitability": 0.55 }, "geometry": { "type": "Polygon", "coordinates": [ [ [ 122.092290845408186, -25.273977285345548 ], [ 122.090188957771105, -25.297998704245888 ], [ 122.117251478876938, -25.29986412087165 ], [ 122.119347672427708, -25.275842340632117 ], [ 122.092290845408186, -25.273977285345548 ] ] ] } },
{ "type": "Feature", "properties": { "species_id": "dusky-grasswren", "species_name": "Dusky Grasswren", "suitability": 0.85 }, "geometry": { "type": "Polygon", "coordinates": [ [ [ 130.238420582553601, -25.604270845259659 ], [ 130.23804541378226, -25.628356821693842 ], [ 130.265265875151471, -25.628686622539167 ], [ 130.265635249370774, -25.604600581085542 ], [ 130.238420582553601, -25.604270845259659 ] ] ] } },
{ "type": "Feature", "properties": { "species_id": "dusky-grasswren", "species_name": "Dusky Grasswren", "suitability": 0.55 }, "geometry": { "type": "Polygon", "coordinates": [ [ [ 130.265635249370774, -25.604600581085542 ], [ 130.265265875151471, -25.628686622539167 ], [ 130.2924864940357, -25.629011288852197 ], [ 130.292850073602409, -25.604925183390208 ], [ 130.265635249370774, -25.604600581085542 ] ] ] } },
{ "type": "Feature", "properties": { "species_id": "dusky-grasswren", "species_name": "Dusky Grasswren", "suitability": 0.75 }, "geometry": { "type": "Polygon", "coordinates": [ [ [ 130.23804541378226, -25.628356821693842 ], [ 130.237670085185442, -25.652442419285769 ], [ 130.264896343574264, -25.652772285233162 ], [ 130.265265875151471, -25.628686622539167 ], [ 130.23804541378226, -25.628356821693842 ] ] ] } },
{ "type": "Feature", "properties": { "species_id": "dusky-grasswren", "species_name": "Dusky Grasswren", "suitability": 0.55 }, "geometry": { "type": "Polygon", "coordinates": [ [ [ 130.646367749362327, -25.63276469072477 ], [ 130.646079385912202, -25.6568511585157 ], [ 130.673307748966863, -25.657103987279456 ], [ 130.673590314053001, -25.633017469578853 ], [ 130.646367749362327, -25.63276469072477 ] ] ] } },
{ "type": "Feature", "properties": { "species_id": "dusky-grasswren", "species_name": "Dusky Grasswren", "suitability": 0.55 }, "geometry": { "type": "Polygon", "coordinates": [ [ [ 130.210825112398197, -25.628021886357647 ], [ 130.237294596660973, -25.676527642039279 ], [ 130.264526654538599, -25.676857573171347 ], [ 130.264896343574264, -25.652772285233162 ], [ 130.210825112398197, -25.628021886357647 ] ] ] } },
{ "type": "Feature", "properties": { "species_id": "dusky-grasswren", "species_name": "Dusky Grasswren", "suitability": 0.55 }, "geometry": { "type": "Polygon", "coordinates": [ [ [ 130.42825711732317, -25.654643633063852 ], [ 130.427922227281044, -25.678729290819717 ], [ 130.455155337231247, -25.679023265202247 ], [ 130.455484427112424, -25.654937549359079 ], [ 130.42825711732317, -25.654643633063852 ] ] ] } },
{ "type": "Feature", "properties": { "species_id": "dusky-grasswren", "species_name": "Dusky Grasswren", "suitability": 0.55 }, "geometry": { "type": "Polygon", "coordinates": [ [ [ 130.836184508386538, -25.706685576669102 ], [ 130.835936418080166, -25.730771264618308 ], [ 130.863182984361345, -25.730988268878082 ], [ 130.863425268380922, -25.706902537949645 ], [ 130.836184508386538, -25.706685576669102 ] ] ] } },
{ "type": "Feature", "properties": { "species_id": "dusky-grasswren", "species_name": "Dusky Grasswren", "suitability": 0.55 }, "geometry": { "type": "Polygon", "coordinates": [ [ [ 128.221124160425376, -25.686016597181592 ], [ 128.22031887193981, -25.710093059247932 ], [ 128.247549780838881, -25.710803357221025 ], [ 128.248349274279121, -25.686726754658139 ], [ 128.221124160425376, -25.686016597181592 ] ] ] } },
{ "type": "Feature", "properties": { "species_id": "dusky-grasswren", "species_name": "Dusky Grasswren", "suitability": 0.55 }, "geometry": { "type": "Polygon", "coordinates": [ [ [ 130.917676424699692, -25.731406859333294 ], [ 130.917445655086794, -25.755492312037884 ], [ 130.944698333143833, -25.755693938157837 ], [ 130.944923293800713, -25.731608445475725 ], [ 130.917676424699692, -25.731406859333294 ] ] ] } },
{ "type": "Feature", "properties": { "species_id": "dusky-grasswren", "species_name": "Dusky Grasswren", "suitability": 0.55 }, "geometry": { "type": "Polygon", "coordinates": [ [ [ 128.274781030804036, -25.711508520440884 ], [ 128.273192619453141, -25.759660904074778 ], [ 128.300435806374054, -25.760361209930124 ], [ 128.30201261936719, -25.712208548818246 ], [ 128.274781030804036, -25.711508520440884 ] ] ] } },
{ "type": "Feature", "properties": { "species_id": "dusky-grasswren", "species_name": "Dusky Grasswren", "suitability": 0.65 }, "geometry": { "type": "Polygon", "coordinates": [ [ [ 130.917214787047328, -25.779577407626331 ], [ 130.91698382051834, -25.803662150114519 ], [ 130.944248123920801, -25.803863856341472 ], [ 130.944473276537678, -25.779779073774378 ], [ 130.917214787047328, -25.779577407626331 ] ] ] } },
{ "type": "Feature", "properties": { "species_id": "dusky-grasswren", "species_name": "Dusky Grasswren", "suitability": 0.75 }, "geometry": { "type": "Polygon", "coordinates": [ [ [ 131.40788027723562, -25.782420736001441 ], [ 131.407753969240446, -25.806506043608842 ], [ 131.435019623737929, -25.80661518181445 ], [ 131.435140116956774, -25.78252985251811 ], [ 131.40788027723562, -25.782420736001441 ] ] ] } },
{ "type": "Feature", "properties": { "species_id": "dusky-grasswren", "species_name": "Dusky Grasswren", "suitability": 0.55 }, "geometry": { "type": "Polygon", "coordinates": [ [ [ 131.435140116956774, -25.78252985251811 ], [ 131.435019623737929, -25.80661518181445 ], [ 131.489551084653471, -25.806818029706875 ], [ 131.489659948222396, -25.782732660098556 ], [ 131.435140116956774, -25.78252985251811 ] ] ] } },
{ "type": "Feature", "properties": { "species_id": "dusky-grasswren", "species_name": "Dusky Grasswren", "suitability": 0.55 }, "geometry": { "type": "Polygon", "coordinates": [ [ [ 121.452346398379063, -25.42176573149521 ], [ 121.450106129785368, -25.445774914339832 ], [ 121.477193084390265, -25.447760504303428 ], [ 121.479427653248294, -25.42375093444489 ], [ 121.452346398379063, -25.42176573149521 ] ] ] } },
{ "type": "Feature", "properties": { "species_id": "dusky-grasswren", "species_name": "Dusky Grasswren", "suitability": 0.65 }, "geometry": { "type": "Polygon", "coordinates": [ [ [ 128.545639337223236, -25.766432789156084 ], [ 128.544902661927694, -25.790509783111791 ], [ 128.599407466440567, -25.791802766798188 ], [ 128.600132531611052, -25.767725516154428 ], [ 128.545639337223236, -25.766432789156084 ] ] ] } },
{ "type": "Feature", "properties": { "species_id": "dusky-grasswren", "species_name": "Dusky Grasswren", "suitability": 0.65 }, "geometry": { "type": "Polygon", "coordinates": [ [ [ 131.407753969240446, -25.806506043608842 ], [ 131.407627607347365, -25.830591002849996 ], [ 131.489442174630227, -25.830903051027533 ], [ 131.489551084653471, -25.806818029706875 ], [ 131.407753969240446, -25.806506043608842 ] ] ] } },
{ "type": "Feature", "properties": { "species_id": "dusky-grasswren", "species_name": "Dusky Grasswren", "suitability": 0.55 }, "geometry": { "type": "Polygon", "coordinates": [ [ [ 128.358029093955963, -25.665438520166987 ], [ 128.356476802414505, -25.713593200692035 ], [ 128.329244544060145, -25.712903442264619 ], [ 128.326112780629813, -25.809207876220757 ], [ 128.353368247290177, -25.809898182196189 ], [ 128.354923187423481, -25.76174641068414 ], [ 128.382167376608635, -25.762431305407166 ], [ 128.381395875813126, -25.786507504927343 ], [ 128.435896846819531, -25.787862151503656 ], [ 128.438934476870401, -25.69155410725088 ], [ 128.466162248438479, -25.692223192326662 ], [ 128.466915053015157, -25.668145131217482 ], [ 128.412471421808789, -25.666802092207334 ], [ 128.411707028881409, -25.690879887822291 ], [ 128.358029093955963, -25.665438520166987 ] ] ] } },
{ "type": "Feature", "properties": { "species_id": "dusky-grasswren", "species_name": "Dusky Grasswren", "suitability": 0.55 }, "geometry": { "type": "Polygon", "coordinates": [ [ [ 121.942088704506233, -25.43270322370336 ], [ 121.910711695566533, -25.478836738409644 ], [ 121.937814445487277, -25.480735665507073 ], [ 121.935675956200683, -25.504751236938418 ], [ 121.989895602513201, -25.508534530655282 ], [ 121.994148827122459, -25.460501477834189 ], [ 121.942088704506233, -25.43270322370336 ] ] ] } },
{ "type": "Feature", "properties": { "species_id": "dusky-grasswren", "species_name": "Dusky Grasswren", "suitability": 0.55 }, "geometry": { "type": "Polygon", "coordinates": [ [ [ 128.24514925529212, -25.783030970931925 ], [ 128.244348397641232, -25.807106124199503 ], [ 128.271602853330705, -25.807811847133706 ], [ 128.272397905846645, -25.783736553671702 ], [ 128.24514925529212, -25.783030970931925 ] ] ] } },
{ "type": "Feature", "properties": { "species_id": "dusky-grasswren", "species_name": "Dusky Grasswren", "suitability": 0.55 }, "geometry": { "type": "Polygon", "coordinates": [ [ [ 130.91698382051834, -25.803662150114519 ], [ 130.916752755436733, -25.827746543520579 ], [ 130.862212814473565, -25.827327620388612 ], [ 130.861970013218325, -25.851411585300117 ], [ 130.943797530409086, -25.852032378401816 ], [ 130.944248123920801, -25.803863856341472 ], [ 130.91698382051834, -25.803662150114519 ] ] ] } },
{ "type": "Feature", "properties": { "species_id": "dusky-grasswren", "species_name": "Dusky Grasswren", "suitability": 0.75 }, "geometry": { "type": "Polygon", "coordinates": [ [ [ 131.434899079102394, -25.83070016277194 ], [ 131.434778483017226, -25.854784799411689 ], [ 131.462055826046537, -25.854888836194672 ], [ 131.462170602358441, -25.830804178835582 ], [ 131.434899079102394, -25.83070016277194 ] ] ] } },
{ "type": "Feature", "properties": { "species_id": "dusky-grasswren", "species_name": "Dusky Grasswren", "suitability": 0.55 }, "geometry": { "type": "Polygon", "coordinates": [ [ [ 131.462170602358441, -25.830804178835582 ], [ 131.462055826046537, -25.854888836194672 ], [ 131.489333218122965, -25.854987728081518 ], [ 131.489442174630227, -25.830903051027533 ], [ 131.462170602358441, -25.830804178835582 ] ] ] } },
{ "type": "Feature", "properties": { "species_id": "dusky-grasswren", "species_name": "Dusky Grasswren", "suitability": 0.55 }, "geometry": { "type": "Polygon", "coordinates": [ [ [ 121.725383623851911, -25.417375010252648 ], [ 121.718833890184712, -25.48941404444362 ], [ 121.691732779843122, -25.487473947301631 ], [ 121.689541973370297, -25.511485711014643 ], [ 121.797974812218584, -25.519217016325687 ], [ 121.800142775685387, -25.495203740805071 ], [ 121.745935927866952, -25.491349042567244 ], [ 121.752468544489403, -25.419308875951771 ], [ 121.725383623851911, -25.417375010252648 ] ] ] } },
{ "type": "Feature", "properties": { "species_id": "dusky-grasswren", "species_name": "Dusky Grasswren", "suitability": 0.55 }, "geometry": { "type": "Polygon", "coordinates": [ [ [ 130.998990541356761, -25.780166981655459 ], [ 130.998349694136095, -25.852420517856583 ], [ 131.052700068154451, -25.876871977196213 ], [ 131.052902223138801, -25.852788078988045 ], [ 131.025625914221081, -25.852606870724653 ], [ 131.026249311722694, -25.780353223339084 ], [ 130.998990541356761, -25.780166981655459 ] ] ] } },
{ "type": "Feature", "properties": { "species_id": "dusky-grasswren", "species_name": "Dusky Grasswren", "suitability": 0.55 }, "geometry": { "type": "Polygon", "coordinates": [ [ [ 121.447864911511488, -25.469783656878722 ], [ 121.44562274295474, -25.493791963040813 ], [ 121.49982041485535, -25.497759596166929 ], [ 121.502051173803622, -25.473750514970405 ], [ 121.447864911511488, -25.469783656878722 ] ] ] } },
{ "type": "Feature", "properties": { "species_id": "dusky-grasswren", "species_name": "Dusky Grasswren", "suitability": 0.55 }, "geometry": { "type": "Polygon", "coordinates": [ [ [ 129.771052035592788, -25.838710475669505 ], [ 129.770576352933176, -25.862791568066893 ], [ 129.797851820596634, -25.863209476813793 ], [ 129.798321685924719, -25.839128301169694 ], [ 129.771052035592788, -25.838710475669505 ] ] ] } },
{ "type": "Feature", "properties": { "species_id": "dusky-grasswren", "species_name": "Dusky Grasswren", "suitability": 0.65 }, "geometry": { "type": "Polygon", "coordinates": [ [ [ 131.434778483017226, -25.854784799411689 ], [ 131.434657835449485, -25.878869095756716 ], [ 131.461941000736431, -25.878973153285298 ], [ 131.462055826046537, -25.854888836194672 ], [ 131.434778483017226, -25.854784799411689 ] ] ] } },
{ "type": "Feature", "properties": { "species_id": "dusky-grasswren", "species_name": "Dusky Grasswren", "suitability": 0.55 }, "geometry": { "type": "Polygon", "coordinates": [ [ [ 130.563476988385901, -25.728318564381734 ], [ 130.561944282633249, -25.848739227140982 ], [ 130.589218743303178, -25.849007890003385 ], [ 130.617083540257312, -25.80110398543848 ], [ 130.671609827122069, -25.801615386712246 ], [ 130.671326417539916, -25.825699372937148 ], [ 130.725864819992836, -25.826190303059498 ], [ 130.725048789849467, -25.89844049802608 ], [ 130.779622582231838, -25.8989111363841 ], [ 130.780403686861945, -25.826660660049328 ], [ 130.753134196617395, -25.826428053211185 ], [ 130.753666007293759, -25.778259441489357 ], [ 130.671893115830329, -25.777531050890094 ], [ 130.672176283742004, -25.753446361453104 ], [ 130.563476988385901, -25.728318564381734 ] ] ] } },
{ "type": "Feature", "properties": { "species_id": "dusky-grasswren", "species_name": "Dusky Grasswren", "suitability": 0.55 }, "geometry": { "type": "Polygon", "coordinates": [ [ [ 131.380620491431671, -25.782306477685363 ], [ 131.407374721729553, -25.878759892319415 ], [ 131.461826126396744, -25.903057134132766 ], [ 131.461941000736431, -25.878973153285298 ], [ 131.434657835449485, -25.878869095756716 ], [ 131.434899079102394, -25.83070016277194 ], [ 131.407627607347365, -25.830591002849996 ], [ 131.40788027723562, -25.782420736001441 ], [ 131.380620491431671, -25.782306477685363 ] ] ] } },
{ "type": "Feature", "properties": { "species_id": "dusky-grasswren", "species_name": "Dusky Grasswren", "suitability": 0.55 }, "geometry": { "type": "Polygon", "coordinates": [ [ [ 128.925805935653671, -25.823207331658764 ], [ 128.924493760608158, -25.871362997204521 ], [ 128.979041692805481, -25.872512764703227 ], [ 128.980330612291937, -25.824356641263975 ], [ 128.925805935653671, -25.823207331658764 ] ] ] } },
{ "type": "Feature", "properties": { "species_id": "dusky-grasswren", "species_name": "Dusky Grasswren", "suitability": 0.55 }, "geometry": { "type": "Polygon", "coordinates": [ [ [ 122.01488453246624, -25.534434778642847 ], [ 122.012761382289611, -25.55845060933628 ], [ 122.121260837284211, -25.565938503791266 ], [ 122.123361107103946, -25.541921205533971 ], [ 122.01488453246624, -25.534434778642847 ] ] ] } },
{ "type": "Feature", "properties": { "species_id": "dusky-grasswren", "species_name": "Dusky Grasswren", "suitability": 0.55 }, "geometry": { "type": "Polygon", "coordinates": [ [ [ 133.126212771173641, -25.875589612776714 ], [ 133.126693742212922, -25.923755890680482 ], [ 133.181279941046512, -25.923320594091958 ], [ 133.181027751924773, -25.899237708627552 ], [ 133.126212771173641, -25.875589612776714 ] ] ] } },
{ "type": "Feature", "properties": { "species_id": "dusky-grasswren", "species_name": "Dusky Grasswren", "suitability": 0.55 }, "geometry": { "type": "Polygon", "coordinates": [ [ [ 128.46088362276015, -25.860759457619828 ], [ 128.46012824610483, -25.884834663291297 ], [ 128.487402783542649, -25.885499669788821 ], [ 128.488152345946503, -25.861424331549763 ], [ 128.46088362276015, -25.860759457619828 ] ] ] } },
{ "type": "Feature", "properties": { "species_id": "dusky-grasswren", "species_name": "Dusky Grasswren", "suitability": 0.65 }, "geometry": { "type": "Polygon", "coordinates": [ [ [ 130.834196820012068, -25.899361189069225 ], [ 130.833947881484733, -25.923444099204058 ], [ 130.861240987311817, -25.923661449263538 ], [ 130.861484099703858, -25.899578495712035 ], [ 130.834196820012068, -25.899361189069225 ] ] ] } },
{ "type": "Feature", "properties": { "species_id": "dusky-grasswren", "species_name": "Dusky Grasswren", "suitability": 0.55 }, "geometry": { "type": "Polygon", "coordinates": [ [ [ 131.407121620105755, -25.926927436603197 ], [ 131.406994988205128, -25.951010714370305 ], [ 131.434295583520964, -25.951119983287239 ], [ 131.434416385734352, -25.927036683666007 ], [ 131.407121620105755, -25.926927436603197 ] ] ] } },
{ "type": "Feature", "properties": { "species_id": "dusky-grasswren", "species_name": "Dusky Grasswren", "suitability": 0.55 }, "geometry": { "type": "Polygon", "coordinates": [ [ [ 130.861727108317211, -25.875495209066433 ], [ 130.861240987311817, -25.923661449263538 ], [ 130.806909646691736, -25.899138735950402 ], [ 130.806145026373912, -25.971386349523272 ], [ 130.888534197087807, -25.92387365179145 ], [ 130.88900866817616, -25.875707326870128 ], [ 130.861727108317211, -25.875495209066433 ] ] ] } },
{ "type": "Feature", "properties": { "species_id": "dusky-grasswren", "species_name": "Dusky Grasswren", "suitability": 0.65 }, "geometry": { "type": "Polygon", "coordinates": [ [ [ 128.377533432228034, -25.906883251222478 ], [ 128.376759954113709, -25.930957378334742 ], [ 128.40404515052478, -25.931638084040923 ], [ 128.404812810055176, -25.907563820956849 ], [ 128.377533432228034, -25.906883251222478 ] ] ] } },
{ "type": "Feature", "properties": { "species_id": "dusky-grasswren", "species_name": "Dusky Grasswren", "suitability": 0.55 }, "geometry": { "type": "Polygon", "coordinates": [ [ [ 130.915595949529973, -25.948163415102602 ], [ 130.9153642918061, -25.972245798516319 ], [ 130.942669362134637, -25.972447786719744 ], [ 130.942895188549954, -25.948365362870781 ], [ 130.915595949529973, -25.948163415102602 ] ] ] } },
{ "type": "Feature", "properties": { "species_id": "dusky-grasswren", "species_name": "Dusky Grasswren", "suitability": 0.55 }, "geometry": { "type": "Polygon", "coordinates": [ [ [ 133.099635298164543, -25.948048503035849 ], [ 133.099870209371204, -25.972130863441262 ], [ 133.154479936115365, -25.971705691796529 ], [ 133.154233362556738, -25.947623416502875 ], [ 133.099635298164543, -25.948048503035849 ] ] ] } },
{ "type": "Feature", "properties": { "species_id": "dusky-grasswren", "species_name": "Dusky Grasswren", "suitability": 0.55 }, "geometry": { "type": "Polygon", "coordinates": [ [ [ 129.850568477288903, -25.960351858930093 ], [ 129.850109267707865, -25.984431538195302 ], [ 129.877414456061985, -25.984834417475341 ], [ 129.877867835504588, -25.9607546575238 ], [ 129.850568477288903, -25.960351858930093 ] ] ] } },
{ "type": "Feature", "properties": { "species_id": "dusky-grasswren", "species_name": "Dusky Grasswren", "suitability": 0.55 }, "geometry": { "type": "Polygon", "coordinates": [ [ [ 127.474616837977678, -25.953745790335606 ], [ 127.473650237840545, -25.977813856370418 ], [ 127.500940660906807, -25.978664785946489 ], [ 127.50190144285142, -25.954596549622863 ], [ 127.474616837977678, -25.953745790335606 ] ] ] } },
{ "type": "Feature", "properties": { "species_id": "dusky-grasswren", "species_name": "Dusky Grasswren", "suitability": 0.55 }, "geometry": { "type": "Polygon", "coordinates": [ [ [ 128.648194903762118, -25.985682822074722 ], [ 128.647478703728609, -26.009757285928824 ], [ 128.674784546491537, -26.010386921620967 ], [ 128.675494918460487, -25.986312331550792 ], [ 128.648194903762118, -25.985682822074722 ] ] ] } },
{ "type": "Feature", "properties": { "species_id": "dusky-grasswren", "species_name": "Dusky Grasswren", "suitability": 0.55 }, "geometry": { "type": "Polygon", "coordinates": [ [ [ 129.221555676114434, -25.997821480257716 ], [ 129.220961904190403, -26.021898378643836 ], [ 129.248273605363352, -26.022419882952818 ], [ 129.248861545470135, -25.998342879959523 ], [ 129.221555676114434, -25.997821480257716 ] ] ] } },
{ "type": "Feature", "properties": { "species_id": "dusky-grasswren", "species_name": "Dusky Grasswren", "suitability": 0.65 }, "geometry": { "type": "Polygon", "coordinates": [ [ [ 132.417399507868424, -26.023872647510082 ], [ 132.417488736410149, -26.047954776014723 ], [ 132.444812927077066, -26.047873463185891 ], [ 132.444717858714313, -26.02379135101376 ], [ 132.417399507868424, -26.023872647510082 ] ] ] } },
{ "type": "Feature", "properties": { "species_id": "dusky-grasswren", "species_name": "Dusky Grasswren", "suitability": 0.75 }, "geometry": { "type": "Polygon", "coordinates": [ [ [ 128.566296706662371, -25.983763410512037 ], [ 128.592139773191946, -26.032556460241885 ], [ 128.619450830882414, -26.033196520828433 ], [ 128.620895195237722, -25.985048165355156 ], [ 128.566296706662371, -25.983763410512037 ] ] ] } },
{ "type": "Feature", "properties": { "species_id": "dusky-grasswren", "species_name": "Dusky Grasswren", "suitability": 0.55 }, "geometry": { "type": "Polygon", "coordinates": [ [ [ 128.15602833496726, -25.997543570704519 ], [ 128.155206914061779, -26.021615266365561 ], [ 128.209818811191383, -26.023054991409559 ], [ 128.210628578326805, -25.998983007016953 ], [ 128.15602833496726, -25.997543570704519 ] ] ] } },
{ "type": "Feature", "properties": { "species_id": "dusky-grasswren", "species_name": "Dusky Grasswren", "suitability": 0.55 }, "geometry": { "type": "Polygon", "coordinates": [ [ [ 128.538258421272985, -26.007187261266981 ], [ 128.537518594947613, -26.031260891743205 ], [ 128.564829027050081, -26.031911250519144 ], [ 128.565563023618779, -26.007837489551928 ], [ 128.538258421272985, -26.007187261266981 ] ] ] } },
{ "type": "Feature", "properties": { "species_id": "dusky-grasswren", "species_name": "Dusky Grasswren", "suitability": 0.65 }, "geometry": { "type": "Polygon", "coordinates": [ [ [ 128.538997931586721, -25.983113312553403 ], [ 128.591411295343306, -26.056630036794942 ], [ 128.646045385271833, -26.05790526491062 ], [ 128.648194903762118, -25.985682822074722 ], [ 128.620895195237722, -25.985048165355156 ], [ 128.619450830882414, -26.033196520828433 ], [ 128.538997931586721, -25.983113312553403 ] ] ] } },
{ "type": "Feature", "properties": { "species_id": "dusky-grasswren", "species_name": "Dusky Grasswren", "suitability": 0.55 }, "geometry": { "type": "Polygon", "coordinates": [ [ [ 132.444622830980052, -25.999708926877105 ], [ 132.444812927077066, -26.047873463185891 ], [ 132.417488736410149, -26.047954776014723 ], [ 132.417399507868424, -26.023872647510082 ], [ 132.390081118851668, -26.02394879185049 ], [ 132.390164507547865, -26.048030935652793 ], [ 132.472339022847109, -26.095950266991299 ], [ 132.471935303857634, -25.999622495581125 ], [ 132.444622830980052, -25.999708926877105 ] ] ] } },
{ "type": "Feature", "properties": { "species_id": "dusky-grasswren", "species_name": "Dusky Grasswren", "suitability": 0.55 }, "geometry": { "type": "Polygon", "coordinates": [ [ [ 128.237929220522005, -25.999695004889038 ], [ 128.237125280605142, -26.023767132107007 ], [ 128.291739248688515, -26.025175969394649 ], [ 128.290946625268759, -26.049248063435204 ], [ 128.318259949322027, -26.049944899764256 ], [ 128.319833199326609, -26.001800116273131 ], [ 128.237929220522005, -25.999695004889038 ] ] ] } },
{ "type": "Feature", "properties": { "species_id": "dusky-grasswren", "species_name": "Dusky Grasswren", "suitability": 0.55 }, "geometry": { "type": "Polygon", "coordinates": [ [ [ 128.373662736621128, -26.027250613704283 ], [ 128.372887604930071, -26.051323124418211 ], [ 128.400201931503091, -26.052004512565521 ], [ 128.400971232190841, -26.027931865018488 ], [ 128.373662736621128, -26.027250613704283 ] ] ] } },
{ "type": "Feature", "properties": { "species_id": "dusky-grasswren", "species_name": "Dusky Grasswren", "suitability": 0.55 }, "geometry": { "type": "Polygon", "coordinates": [ [ [ 129.029152387838906, -26.042179478825741 ], [ 129.028517255208868, -26.066254989216535 ], [ 129.055838794422158, -26.066812764965064 ], [ 129.05646809142732, -26.042737142476135 ], [ 129.029152387838906, -26.042179478825741 ] ] ] } },
{ "type": "Feature", "properties": { "species_id": "dusky-grasswren", "species_name": "Dusky Grasswren", "suitability": 0.55 }, "geometry": { "type": "Polygon", "coordinates": [ [ [ 131.079982285069207, -25.877048075936234 ], [ 131.079785867905429, -25.901131672520123 ], [ 131.025001718022537, -25.924857450528968 ], [ 131.024376721591096, -25.997105071478348 ], [ 130.969534256876813, -26.020808593413303 ], [ 130.968873142450406, -26.093052210353978 ], [ 130.9962075980458, -26.093244091790957 ], [ 130.995992884427665, -26.117324729523801 ], [ 131.023333278392869, -26.117511493695581 ], [ 131.023750923387041, -26.069349842476299 ], [ 131.078408596000742, -26.069707758739732 ], [ 131.078802522754586, -26.02154474552664 ], [ 131.051485323685938, -26.021368435224492 ], [ 131.052093085087222, -25.949121667290694 ], [ 131.106692562733713, -25.949468927171679 ], [ 131.106501725413239, -25.973551571991397 ], [ 131.133807419564675, -25.973717511991172 ], [ 131.133437171105328, -26.021881910541179 ], [ 131.16075461539225, -26.022042765210109 ], [ 131.16147146404299, -25.925712557178606 ], [ 131.079982285069207, -25.877048075936234 ] ], [ [ 130.996636749897931, -26.045081910644477 ], [ 131.023959611969474, -26.045268562075179 ], [ 131.023750923387041, -26.069349842476299 ], [ 130.996422219849592, -26.069163153512694 ], [ 130.996636749897931, -26.045081910644477 ] ] ] } },
{ "type": "Feature", "properties": { "species_id": "dusky-grasswren", "species_name": "Dusky Grasswren", "suitability": 0.55 }, "geometry": { "type": "Polygon", "coordinates": [ [ [ 131.406361016427383, -26.0714223207959 ], [ 131.406234059373759, -26.095503713867803 ], [ 131.378898487941683, -26.095389158059124 ], [ 131.378765629453198, -26.119470228072789 ], [ 131.433448520962287, -26.119694229640071 ], [ 131.433690797572126, -26.071531699398861 ], [ 131.406361016427383, -26.0714223207959 ] ] ] } },
{ "type": "Feature", "properties": { "species_id": "dusky-grasswren", "species_name": "Dusky Grasswren", "suitability": 0.65 }, "geometry": { "type": "Polygon", "coordinates": [ [ [ 132.335587684839879, -26.072249658760896 ], [ 132.335731256121647, -26.120412478274265 ], [ 132.363073088534605, -26.120346585263857 ], [ 132.362917824980514, -26.072183792289124 ], [ 132.335587684839879, -26.072249658760896 ] ] ] } },
{ "type": "Feature", "properties": { "species_id": "dusky-grasswren", "species_name": "Dusky Grasswren", "suitability": 0.55 }, "geometry": { "type": "Polygon", "coordinates": [ [ [ 131.242221533899851, -26.094739051778102 ], [ 131.242059440386299, -26.118819990775062 ], [ 131.269400549358863, -26.118960350555479 ], [ 131.269556795950052, -26.094879383277771 ], [ 131.242221533899851, -26.094739051778102 ] ] ] } },
{ "type": "Feature", "properties": { "species_id": "dusky-grasswren", "species_name": "Dusky Grasswren", "suitability": 0.55 }, "geometry": { "type": "Polygon", "coordinates": [ [ [ 132.144152693234275, -25.976236833229468 ], [ 132.116895678891552, -26.02442686485486 ], [ 132.14421431221507, -26.024402242502774 ], [ 132.144275983897245, -26.072566404539632 ], [ 132.171606286517203, -26.072536617992018 ], [ 132.171716435477379, -26.14478057521017 ], [ 132.226412075947309, -26.144705493865153 ], [ 132.226266842134862, -26.072461582026079 ], [ 132.171606286517203, -26.072536617992018 ], [ 132.171569601593063, -26.048454696847447 ], [ 132.2262184722602, -26.048379675969755 ], [ 132.226121794525568, -26.000214936430094 ], [ 132.198809045738642, -26.00025500740022 ], [ 132.198766572834188, -25.976172157805614 ], [ 132.144152693234275, -25.976236833229468 ] ] ] } },
{ "type": "Feature", "properties": { "species_id": "dusky-grasswren", "species_name": "Dusky Grasswren", "suitability": 0.55 }, "geometry": { "type": "Polygon", "coordinates": [ [ [ 132.335731256121647, -26.120412478274265 ], [ 132.335803087839338, -26.14449344243733 ], [ 132.363150770140834, -26.144427536132401 ], [ 132.363073088534605, -26.120346585263857 ], [ 132.335731256121647, -26.120412478274265 ] ] ] } },
{ "type": "Feature", "properties": { "species_id": "dusky-grasswren", "species_name": "Dusky Grasswren", "suitability": 0.55 }, "geometry": { "type": "Polygon", "coordinates": [ [ [ 130.886632253254703, -26.116526113774107 ], [ 130.88639405250936, -26.140606293910405 ], [ 130.831702641546684, -26.140175964175761 ], [ 130.831452636611999, -26.164255764763109 ], [ 130.886155749820574, -26.16468618139368 ], [ 130.88639405250936, -26.140606293910405 ], [ 130.913739912311286, -26.14081372349008 ], [ 130.913972264337303, -26.116733501519899 ], [ 130.886632253254703, -26.116526113774107 ] ] ] } },
{ "type": "Feature", "properties": { "species_id": "dusky-grasswren", "species_name": "Dusky Grasswren", "suitability": 0.75 }, "geometry": { "type": "Polygon", "coordinates": [ [ [ 129.498900734709849, -25.810168824879902 ], [ 129.498367113870245, -25.834249374041537 ], [ 129.443832785483039, -25.833295444690719 ], [ 129.443287305443391, -25.857375458375707 ], [ 129.470560170088532, -25.85785508966676 ], [ 129.470020275368427, -25.881934857296926 ], [ 129.442741592576823, -25.881455130370643 ], [ 129.441649467766553, -25.929613465380601 ], [ 129.387069517712717, -25.928638189614457 ], [ 129.387627342454152, -25.904559383763011 ], [ 129.278493613733048, -25.902547481377098 ], [ 129.277912499288789, -25.926625885260616 ], [ 129.332490521587744, -25.927642329404428 ], [ 129.358651882023878, -25.976299260389208 ], [ 129.440556409858175, -25.97777048192296 ], [ 129.440009530618454, -26.001848505841522 ], [ 129.467317341402975, -26.00232871276183 ], [ 129.467858390070745, -25.978250592601704 ], [ 129.522463041953159, -25.979195368839655 ], [ 129.521404041538688, -26.027351670784103 ], [ 129.603347705041017, -26.028730774521282 ], [ 129.602835373720723, -26.052808730849172 ], [ 129.739441679255833, -26.055004663190317 ], [ 129.738958324818839, -26.079082752457481 ], [ 129.820942128871565, -26.08033874056731 ], [ 129.820476094370065, -26.10441677860678 ], [ 129.875144650164629, -26.105228501408202 ], [ 129.874690106377358, -26.129306403303975 ], [ 130.066076968220472, -26.131985607970481 ], [ 130.065663166565059, -26.156063755067308 ], [ 130.175054435306834, -26.157481589862236 ], [ 130.174663861448323, -26.181559732649269 ], [ 130.311435950577419, -26.183216328619203 ], [ 130.311797265902015, -26.159137851140255 ], [ 130.36649549885135, -26.159764255628374 ], [ 130.366844960476499, -26.135685361704319 ], [ 130.394188453094387, -26.135990766408817 ], [ 130.395218407350256, -26.063752120516778 ], [ 130.340566639667912, -26.063136526988515 ], [ 130.313961915035179, -26.01466075428975 ], [ 130.28664808838613, -26.014340203667494 ], [ 130.287380071474757, -25.966178828746003 ], [ 130.260078067626267, -25.965853257749135 ], [ 130.260449654039149, -25.941772153812732 ], [ 130.233153638365536, -25.941441500174442 ], [ 130.232398645791079, -25.989603253086131 ], [ 130.205091130670496, -25.989267317187807 ], [ 130.205474539218415, -25.965186669326641 ], [ 130.068968630352543, -25.963430096130772 ], [ 130.069793232032936, -25.91526853087365 ], [ 130.015215394416032, -25.914530157097747 ], [ 130.014367483998313, -25.962691426943781 ], [ 129.960202765214206, -25.937851844748582 ], [ 129.959767063082438, -25.961932164086367 ], [ 129.932467130892434, -25.961544810152617 ], [ 129.931583504537059, -26.009704327053559 ], [ 129.795028412094524, -26.007689526970815 ], [ 129.795499482789808, -25.983610332246741 ], [ 129.740890503540953, -25.982768530133125 ], [ 129.741373032401668, -25.958689183907456 ], [ 129.686776537612133, -25.957826958756517 ], [ 129.687270514286553, -25.933747460682692 ], [ 129.578103385747255, -25.93196159460031 ], [ 129.577586102954257, -25.956040735388296 ], [ 129.522992202925451, -25.955116738087753 ], [ 129.524578330639855, -25.882878878346663 ], [ 129.551857698150485, -25.883343172349441 ], [ 129.580170309854992, -25.835641700947942 ], [ 129.5529023540482, -25.835182734341345 ], [ 129.55342434778251, -25.811101999495477 ], [ 129.498900734709849, -25.810168824879902 ] ], [ [ 129.95889510023008, -26.010091836280242 ], [ 129.986206882504518, -26.010474195125774 ], [ 129.985776457153491, -26.034553632811001 ], [ 129.958458839270776, -26.034171197204167 ], [ 129.95889510023008, -26.010091836280242 ] ] ] } },
{ "type": "Feature", "properties": { "species_id": "dusky-grasswren", "species_name": "Dusky Grasswren", "suitability": 0.55 }, "geometry": { "type": "Polygon", "coordinates": [ [ [ 129.710161963109698, -26.150885983216718 ], [ 129.709671931521996, -26.174962793475434 ], [ 129.737022838492948, -26.1753921085384 ], [ 129.737507020626595, -26.151315211575618 ], [ 129.710161963109698, -26.150885983216718 ] ] ] } },
{ "type": "Feature", "properties": { "species_id": "dusky-grasswren", "species_name": "Dusky Grasswren", "suitability": 0.55 }, "geometry": { "type": "Polygon", "coordinates": [ [ [ 130.421194330714428, -26.160370031038234 ], [ 130.420856424015199, -26.184448757531197 ], [ 130.448211910668164, -26.184743968883406 ], [ 130.448543964974732, -26.160665182740196 ], [ 130.421194330714428, -26.160370031038234 ] ] ] } },
{ "type": "Feature", "properties": { "species_id": "dusky-grasswren", "species_name": "Dusky Grasswren", "suitability": 0.65 }, "geometry": { "type": "Polygon", "coordinates": [ [ [ 129.11110030365208, -26.043837018364218 ], [ 129.137192967492552, -26.092530828799983 ], [ 129.164521407945244, -26.093068106311971 ], [ 129.163914936758317, -26.11714355750275 ], [ 129.109246635468622, -26.116063632234837 ], [ 129.162093965860748, -26.189368135528831 ], [ 129.245330131958298, -26.142800263001401 ], [ 129.245919330226627, -26.118724791514662 ], [ 129.218584276864732, -26.118202867454283 ], [ 129.21917906496634, -26.094127202884643 ], [ 129.273837740158314, -26.095165687733864 ], [ 129.300012681857368, -26.143828856382225 ], [ 129.327354329107095, -26.144335420300166 ], [ 129.327925993555027, -26.120259639226109 ], [ 129.382598330146976, -26.121257099982035 ], [ 129.38315806512432, -26.097180820125576 ], [ 129.328497413539054, -26.096183560322871 ], [ 129.327925993555027, -26.120259639226109 ], [ 129.300590191071279, -26.119753177467132 ], [ 129.301167453324069, -26.095677200594015 ], [ 129.273837740158314, -26.095165687733864 ], [ 129.275003201149445, -26.04701302968396 ], [ 129.11110030365208, -26.043837018364218 ] ], [ [ 129.192450480878534, -26.069524370102979 ], [ 129.21977359877917, -26.070051235919841 ], [ 129.21917906496634, -26.094127202884643 ], [ 129.191850107935664, -26.093600231029782 ], [ 129.192450480878534, -26.069524370102979 ] ], [ [ 129.191249478208931, -26.117675789427569 ], [ 129.218584276864732, -26.118202867454283 ], [ 129.217989234311204, -26.142278233671778 ], [ 129.190648591533602, -26.141751049339234 ], [ 129.191249478208931, -26.117675789427569 ] ] ] } },
{ "type": "Feature", "properties": { "species_id": "dusky-grasswren", "species_name": "Dusky Grasswren", "suitability": 0.65 }, "geometry": { "type": "Polygon", "coordinates": [ [ [ 130.88639405250936, -26.140606293910405 ], [ 130.886155749820574, -26.16468618139368 ], [ 130.913507460844471, -26.164893652860044 ], [ 130.91304225933311, -26.213052650005924 ], [ 130.967769397984057, -26.213452280712861 ], [ 130.940859271472362, -26.165095966391007 ], [ 130.88639405250936, -26.140606293910405 ] ] ] } },
{ "type": "Feature", "properties": { "species_id": "dusky-grasswren", "species_name": "Dusky Grasswren", "suitability": 0.75 }, "geometry": { "type": "Polygon", "coordinates": [ [ [ 130.831452636611999, -26.164255764763109 ], [ 130.830952305621565, -26.212414503856213 ], [ 130.91304225933311, -26.213052650005924 ], [ 130.913507460844471, -26.164893652860044 ], [ 130.831452636611999, -26.164255764763109 ] ] ] } },
{ "type": "Feature", "properties": { "species_id": "dusky-grasswren", "species_name": "Dusky Grasswren", "suitability": 0.55 }, "geometry": { "type": "Polygon", "coordinates": [ [ [ 130.995563181512523, -26.165485119542407 ], [ 130.995133110632167, -26.213644355969443 ], [ 131.022496915481781, -26.213831271127852 ], [ 131.022915275910833, -26.165671959112316 ], [ 130.995563181512523, -26.165485119542407 ] ] ] } },
{ "type": "Feature", "properties": { "species_id": "dusky-grasswren", "species_name": "Dusky Grasswren", "suitability": 0.55 }, "geometry": { "type": "Polygon", "coordinates": [ [ [ 129.764373952927201, -26.175816266387802 ], [ 129.763895415626763, -26.199892961165919 ], [ 129.818609961437829, -26.200725973426305 ], [ 129.819076794165937, -26.176649110226286 ], [ 129.764373952927201, -26.175816266387802 ] ] ] } },
{ "type": "Feature", "properties": { "species_id": "dusky-grasswren", "species_name": "Dusky Grasswren", "suitability": 0.55 }, "geometry": { "type": "Polygon", "coordinates": [ [ [ 130.667060716168436, -26.186919953210925 ], [ 130.666775362035963, -26.210998894042024 ], [ 130.74886331726745, -26.211729918267618 ], [ 130.749131104184443, -26.18765082954874 ], [ 130.667060716168436, -26.186919953210925 ] ] ] } },
{ "type": "Feature", "properties": { "species_id": "dusky-grasswren", "species_name": "Dusky Grasswren", "suitability": 0.55 }, "geometry": { "type": "Polygon", "coordinates": [ [ [ 130.80384527396393, -26.18811228646463 ], [ 130.803589198895054, -26.21219146855918 ], [ 130.776226201940403, -26.211963273353071 ], [ 130.775964158741772, -26.236042128563398 ], [ 130.830952305621565, -26.212414503856213 ], [ 130.831202524659858, -26.188335276638899 ], [ 130.80384527396393, -26.18811228646463 ] ] ] } },
{ "type": "Feature", "properties": { "species_id": "dusky-grasswren", "species_name": "Dusky Grasswren", "suitability": 0.55 }, "geometry": { "type": "Polygon", "coordinates": [ [ [ 126.674457768643506, -26.119329351058173 ], [ 126.67331867673829, -26.143389487849301 ], [ 126.700642677289196, -26.144391159357902 ], [ 126.701775939495477, -26.12033082069097 ], [ 126.674457768643506, -26.119329351058173 ] ] ] } },
{ "type": "Feature", "properties": { "species_id": "dusky-grasswren", "species_name": "Dusky Grasswren", "suitability": 0.55 }, "geometry": { "type": "Polygon", "coordinates": [ [ [ 130.612050665967303, -26.210485745736015 ], [ 130.611753473535515, -26.234564301664346 ], [ 130.63912161716533, -26.234823508169274 ], [ 130.639412951586735, -26.210744899749418 ], [ 130.612050665967303, -26.210485745736015 ] ] ] } },
{ "type": "Feature", "properties": { "species_id": "dusky-grasswren", "species_name": "Dusky Grasswren", "suitability": 0.55 }, "geometry": { "type": "Polygon", "coordinates": [ [ [ 130.91304225933311, -26.213052650005924 ], [ 130.912809509160695, -26.237131725890851 ], [ 130.967548365481974, -26.237531437554001 ], [ 130.967769397984057, -26.213452280712861 ], [ 130.91304225933311, -26.213052650005924 ] ] ] } },
{ "type": "Feature", "properties": { "species_id": "dusky-grasswren", "species_name": "Dusky Grasswren", "suitability": 0.65 }, "geometry": { "type": "Polygon", "coordinates": [ [ [ 131.187203571645995, -26.142604385983383 ], [ 131.186855625193971, -26.190764679852975 ], [ 131.159497176652707, -26.190608757326288 ], [ 131.158957120131788, -26.262846983197853 ], [ 131.241085421192764, -26.263299548078301 ], [ 131.241247931532826, -26.239220325005611 ], [ 131.350729848892513, -26.239751363679805 ], [ 131.350590786632239, -26.263830694455127 ], [ 131.377967283379888, -26.263950574955867 ], [ 131.378100483520427, -26.23987121987151 ], [ 131.350729848892513, -26.239751363679805 ], [ 131.378366712737744, -26.191711678596484 ], [ 131.296290140076252, -26.191336777662578 ], [ 131.269244235909753, -26.143041021750541 ], [ 131.187203571645995, -26.142604385983383 ] ] ] } },
{ "type": "Feature", "properties": { "species_id": "dusky-grasswren", "species_name": "Dusky Grasswren", "suitability": 0.55 }, "geometry": { "type": "Polygon", "coordinates": [ [ [ 127.932427877087321, -26.135998271259808 ], [ 127.930686993020615, -26.184135279778584 ], [ 128.039216536046581, -26.211231804086829 ], [ 128.040064156022112, -26.187163124345794 ], [ 127.985374838618924, -26.185659510812176 ], [ 127.959759932455697, -26.136762655216014 ], [ 127.932427877087321, -26.135998271259808 ] ] ] } },
{ "type": "Feature", "properties": { "species_id": "dusky-grasswren", "species_name": "Dusky Grasswren", "suitability": 0.75 }, "geometry": { "type": "Polygon", "coordinates": [ [ [ 131.052093085087222, -25.949121667290694 ], [ 131.051485323685938, -26.021368435224492 ], [ 131.078802522754586, -26.02154474552664 ], [ 131.078408596000742, -26.069707758739732 ], [ 131.023750923387041, -26.069349842476299 ], [ 131.023959611969474, -26.045268562075179 ], [ 130.996636749897931, -26.045081910644477 ], [ 130.996422219849592, -26.069163153512694 ], [ 131.023750923387041, -26.069349842476299 ], [ 131.022496915481781, -26.213831271127852 ], [ 130.967990335868961, -26.18937284353354 ], [ 130.967327238301863, -26.261610318115014 ], [ 130.994702671313775, -26.261802471242202 ], [ 130.994917937057323, -26.237723551721331 ], [ 131.049657354478342, -26.23809229660236 ], [ 131.049860810022608, -26.214013026163855 ], [ 131.104588858136651, -26.214361055774422 ], [ 131.104780513348089, -26.190281434723214 ], [ 131.132138805201123, -26.190447675609356 ], [ 131.132695723826771, -26.118206990594231 ], [ 131.160036540058741, -26.118367974759302 ], [ 131.16075461539225, -26.022042765210109 ], [ 131.133437171105328, -26.021881910541179 ], [ 131.133807419564675, -25.973717511991172 ], [ 131.106501725413239, -25.973551571991397 ], [ 131.106692562733713, -25.949468927171679 ], [ 131.052093085087222, -25.949121667290694 ] ] ] } },
{ "type": "Feature", "properties": { "species_id": "dusky-grasswren", "species_name": "Dusky Grasswren", "suitability": 0.65 }, "geometry": { "type": "Polygon", "coordinates": [ [ [ 128.784010931448847, -26.012853980067508 ], [ 128.783323580041724, -26.036928747919738 ], [ 128.728698127309144, -26.035705270174688 ], [ 128.727299203016258, -26.083853379588433 ], [ 128.781947995593811, -26.085077349355725 ], [ 128.781259762176091, -26.109151191014231 ], [ 128.835921410851, -26.110354796075935 ], [ 128.835244566195627, -26.134428579730468 ], [ 128.889919057480199, -26.135611811495735 ], [ 128.889253612126737, -26.159685537655939 ], [ 128.916597131036525, -26.160269540217097 ], [ 128.915937248128699, -26.18434309241886 ], [ 128.861238801117878, -26.183169695085475 ], [ 128.859894784282432, -26.231315465292717 ], [ 128.914616634780771, -26.232489337593034 ], [ 128.915937248128699, -26.18434309241886 ], [ 128.969988360679224, -26.209569362211312 ], [ 128.971285014008288, -26.161422079508458 ], [ 129.0812886191313, -26.139590763356058 ], [ 129.081912880627101, -26.115515939031436 ], [ 128.972580558248495, -26.113273630748505 ], [ 129.001195987843829, -26.065692062060759 ], [ 128.973874994821955, -26.06512398357032 ], [ 128.974521798177392, -26.041048700471304 ], [ 128.947206917090824, -26.040475585912993 ], [ 128.947859276668623, -26.016400106138544 ], [ 128.920550507163597, -26.015821957502901 ], [ 128.89191368676228, -26.063388840826772 ], [ 128.837274232171865, -26.062206323685206 ], [ 128.865933815042695, -26.014650213153132 ], [ 128.784010931448847, -26.012853980067508 ] ], [ [ 128.89191368676228, -26.063388840826772 ], [ 128.973874994821955, -26.06512398357032 ], [ 128.973227914904783, -26.089198958982834 ], [ 128.945901361131291, -26.088625613891928 ], [ 128.945248164391728, -26.112700170172964 ], [ 128.917916050225983, -26.11212155634276 ], [ 128.89191368676228, -26.063388840826772 ] ], [ [ 128.890584218248961, -26.111537789332797 ], [ 128.917916050225983, -26.11212155634276 ], [ 128.91725673167528, -26.136195696207057 ], [ 128.889919057480199, -26.135611811495735 ], [ 128.890584218248961, -26.111537789332797 ] ] ] } },
{ "type": "Feature", "properties": { "species_id": "dusky-grasswren", "species_name": "Dusky Grasswren", "suitability": 0.65 }, "geometry": { "type": "Polygon", "coordinates": [ [ [ 130.830952305621565, -26.212414503856213 ], [ 130.857826479722434, -26.260790084224197 ], [ 130.885201518320372, -26.261002885851422 ], [ 130.885678838350572, -26.212845094607562 ], [ 130.830952305621565, -26.212414503856213 ] ] ] } },
{ "type": "Feature", "properties": { "species_id": "dusky-grasswren", "species_name": "Dusky Grasswren", "suitability": 0.55 }, "geometry": { "type": "Polygon", "coordinates": [ [ [ 128.450278932572161, -26.197782966044397 ], [ 128.449519022959862, -26.22185379430632 ], [ 128.476875220837485, -26.222520674435227 ], [ 128.477629281360777, -26.198449711242528 ], [ 128.450278932572161, -26.197782966044397 ] ] ] } },
{ "type": "Feature", "properties": { "species_id": "dusky-grasswren", "species_name": "Dusky Grasswren", "suitability": 0.55 }, "geometry": { "type": "Polygon", "coordinates": [ [ [ 129.736053852323579, -26.223545042644773 ], [ 129.735569048021574, -26.247621087894924 ], [ 129.762937726238079, -26.248045503386404 ], [ 129.763416673440929, -26.223969372147277 ], [ 129.736053852323579, -26.223545042644773 ] ] ] } },
{ "type": "Feature", "properties": { "species_id": "dusky-grasswren", "species_name": "Dusky Grasswren", "suitability": 0.55 }, "geometry": { "type": "Polygon", "coordinates": [ [ [ 130.091785816715344, -26.228658881602225 ], [ 130.091377164525397, -26.252735963282888 ], [ 130.118748316540518, -26.253093289562194 ], [ 130.119151110042964, -26.229016135465816 ], [ 130.091785816715344, -26.228658881602225 ] ] ] } },
{ "type": "Feature", "properties": { "species_id": "dusky-grasswren", "species_name": "Dusky Grasswren", "suitability": 0.65 }, "geometry": { "type": "Polygon", "coordinates": [ [ [ 130.994917937057323, -26.237723551721331 ], [ 130.994702671313775, -26.261802471242202 ], [ 131.049453811784218, -26.262171290903982 ], [ 131.049657354478342, -26.23809229660236 ], [ 130.994917937057323, -26.237723551721331 ] ] ] } },
{ "type": "Feature", "properties": { "species_id": "dusky-grasswren", "species_name": "Dusky Grasswren", "suitability": 0.55 }, "geometry": { "type": "Polygon", "coordinates": [ [ [ 131.049657354478342, -26.23809229660236 ], [ 131.049453811784218, -26.262171290903982 ], [ 131.104205301426504, -26.262519461616453 ], [ 131.10439712084704, -26.238440396719458 ], [ 131.049657354478342, -26.23809229660236 ] ] ] } },
{ "type": "Feature", "properties": { "species_id": "dusky-grasswren", "species_name": "Dusky Grasswren", "suitability": 0.55 }, "geometry": { "type": "Polygon", "coordinates": [ [ [ 131.652701996595283, -25.951808769804071 ], [ 131.652479315410773, -26.024057154056894 ], [ 131.59775649240467, -26.047997903892725 ], [ 131.597498360913079, -26.120242484215808 ], [ 131.624840144565098, -26.120315812959017 ], [ 131.624599238645118, -26.192557775926787 ], [ 131.679318020908084, -26.192689043953305 ], [ 131.67945524463309, -26.144527972608625 ], [ 131.734150729818509, -26.144638558094446 ], [ 131.734093837501007, -26.168719259903465 ], [ 131.706740229033556, -26.168666535205503 ], [ 131.70655183352892, -26.240906899384239 ], [ 131.733923014353906, -26.240959656103378 ], [ 131.706426101992093, -26.289065758318841 ], [ 131.788574897685436, -26.289208601734785 ], [ 131.788620181925467, -26.265129278948066 ], [ 131.870806900048819, -26.217066127109319 ], [ 131.898215912501968, -26.168927280824985 ], [ 131.925569638960923, -26.168943896392175 ], [ 131.925537768719721, -26.217104532236579 ], [ 131.952903214560251, -26.217115993978499 ], [ 131.952923372244072, -26.168955353498106 ], [ 131.925569638960923, -26.168943896392175 ], [ 131.925585563853218, -26.144863149221322 ], [ 131.898237689909564, -26.144846537009411 ], [ 131.843441482240706, -26.217039183729 ], [ 131.816076078799085, -26.217007079808585 ], [ 131.78880112506701, -26.16880923399696 ], [ 131.843508490088425, -26.168878574316157 ], [ 131.843608894380225, -26.096635493568236 ], [ 131.816272753409294, -26.096603422049292 ], [ 131.816312037867959, -26.072521807619768 ], [ 131.761651498837608, -26.072442214628726 ], [ 131.761855178623989, -25.976112743017964 ], [ 131.707178879222624, -26.000095430966585 ], [ 131.707303966927327, -25.95192947580659 ], [ 131.652701996595283, -25.951808769804071 ] ], [ [ 131.706991047070005, -26.072342004520078 ], [ 131.734321260795241, -26.072394686711114 ], [ 131.734264441450023, -26.096476275546951 ], [ 131.706928382791688, -26.096423582749306 ], [ 131.706991047070005, -26.072342004520078 ] ], [ [ 131.76129421960556, -26.241007251257745 ], [ 131.788665446771176, -26.241049684840995 ], [ 131.788620181925467, -26.265129278948066 ], [ 131.761243092259292, -26.265086836757934 ], [ 131.76129421960556, -26.241007251257745 ] ] ] } },
{ "type": "Feature", "properties": { "species_id": "dusky-grasswren", "species_name": "Dusky Grasswren", "suitability": 0.55 }, "geometry": { "type": "Polygon", "coordinates": [ [ [ 127.437589744240626, -26.193554653747164 ], [ 127.436613161015842, -26.217619471003037 ], [ 127.463961486694146, -26.218477269793837 ], [ 127.464932227134099, -26.194412279053495 ], [ 127.437589744240626, -26.193554653747164 ] ] ] } },
{ "type": "Feature", "properties": { "species_id": "dusky-grasswren", "species_name": "Dusky Grasswren", "suitability": 0.75 }, "geometry": { "type": "Polygon", "coordinates": [ [ [ 130.064006187738784, -26.252373475996691 ], [ 130.063591499411757, -26.276450209637122 ], [ 130.090968337281794, -26.27681277047617 ], [ 130.091377164525397, -26.252735963282888 ], [ 130.064006187738784, -26.252373475996691 ] ] ] } },
{ "type": "Feature", "properties": { "species_id": "dusky-grasswren", "species_name": "Dusky Grasswren", "suitability": 0.55 }, "geometry": { "type": "Polygon", "coordinates": [ [ [ 131.13251016371899, -26.14228750980719 ], [ 131.131581170903104, -26.262685803559474 ], [ 131.158957120131788, -26.262846983197853 ], [ 131.158776947034966, -26.286925842600887 ], [ 131.240922841225313, -26.287378499362944 ], [ 131.241085421192764, -26.263299548078301 ], [ 131.268461664292033, -26.263440078294604 ], [ 131.29553620795258, -26.311733193052905 ], [ 131.405088997575717, -26.312223238966745 ], [ 131.405216444712011, -26.28814439974138 ], [ 131.295687123586504, -26.287654453407594 ], [ 131.268618312675244, -26.239360826726355 ], [ 131.241247931532826, -26.239220325005611 ], [ 131.241085421192764, -26.263299548078301 ], [ 131.158957120131788, -26.262846983197853 ], [ 131.159497176652707, -26.190608757326288 ], [ 131.186855625193971, -26.190764679852975 ], [ 131.187203571645995, -26.142604385983383 ], [ 131.13251016371899, -26.14228750980719 ] ] ] } },
{ "type": "Feature", "properties": { "species_id": "dusky-grasswren", "species_name": "Dusky Grasswren", "suitability": 0.65 }, "geometry": { "type": "Polygon", "coordinates": [ [ [ 128.589223992374485, -26.128848923558063 ], [ 128.588494267577602, -26.152921284979044 ], [ 128.643175069300241, -26.154197540977282 ], [ 128.642456722689275, -26.17826986650158 ], [ 128.696443487985817, -26.203598048445738 ], [ 128.749062549939282, -26.277049495747811 ], [ 128.803805496068065, -26.278265126004463 ], [ 128.804489937645229, -26.254193181167636 ], [ 128.831855995537666, -26.254793134392393 ], [ 128.833212294021251, -26.206648169056304 ], [ 128.805857941950393, -26.206048458819655 ], [ 128.806541505054355, -26.181975673201986 ], [ 128.751150119097986, -26.204833567359927 ], [ 128.751845379953636, -26.180761027388105 ], [ 128.697150445828527, -26.179525758274288 ], [ 128.69856345437455, -26.131380306923088 ], [ 128.589223992374485, -26.128848923558063 ] ], [ [ 128.778503882808195, -26.205443591561316 ], [ 128.805857941950393, -26.206048458819655 ], [ 128.804489937645229, -26.254193181167636 ], [ 128.749758704282016, -26.2529777974868 ], [ 128.778503882808195, -26.205443591561316 ] ] ] } },
{ "type": "Feature", "properties": { "species_id": "dusky-grasswren", "species_name": "Dusky Grasswren", "suitability": 0.55 }, "geometry": { "type": "Polygon", "coordinates": [ [ [ 129.65346427059032, -26.246316879603526 ], [ 129.652961680621132, -26.270392384498955 ], [ 129.707709706237665, -26.271267194377387 ], [ 129.70721862450884, -26.295342604846816 ], [ 129.789359821810109, -26.296616368175204 ], [ 129.789833317194933, -26.272540699088289 ], [ 129.707709706237665, -26.271267194377387 ], [ 129.708200577668407, -26.247191512063235 ], [ 129.65346427059032, -26.246316879603526 ] ] ] } },
{ "type": "Feature", "properties": { "species_id": "dusky-grasswren", "species_name": "Dusky Grasswren", "suitability": 0.65 }, "geometry": { "type": "Polygon", "coordinates": [ [ [ 127.436613161015842, -26.217619471003037 ], [ 127.435636159804503, -26.241684002722476 ], [ 127.462990330762111, -26.242541975216437 ], [ 127.463961486694146, -26.218477269793837 ], [ 127.436613161015842, -26.217619471003037 ] ] ] } },
{ "type": "Feature", "properties": { "species_id": "dusky-grasswren", "species_name": "Dusky Grasswren", "suitability": 0.55 }, "geometry": { "type": "Polygon", "coordinates": [ [ [ 132.226557496321618, -26.216946781232277 ], [ 132.226606011300078, -26.241026646053768 ], [ 132.117120967400581, -26.241156283957245 ], [ 132.117171149492293, -26.289315244121752 ], [ 132.171937158150826, -26.289260726215502 ], [ 132.171900331642206, -26.2651813928472 ], [ 132.226654547060946, -26.265106235487846 ], [ 132.226606011300078, -26.241026646053768 ], [ 132.308851859303445, -26.289034067166984 ], [ 132.308984247418493, -26.337191844039541 ], [ 132.363773421710391, -26.337064983248826 ], [ 132.363617558731789, -26.288907257958826 ], [ 132.418383124521739, -26.288759794221885 ], [ 132.418293513303468, -26.26468056254425 ], [ 132.36353967731759, -26.264827996345915 ], [ 132.363461829258256, -26.240748463335635 ], [ 132.308785707779208, -26.264954779811468 ], [ 132.308719584586214, -26.240875221091031 ], [ 132.253977226548926, -26.240981332631712 ], [ 132.253922851587788, -26.216901476989602 ], [ 132.226557496321618, -26.216946781232277 ] ] ] } },
{ "type": "Feature", "properties": { "species_id": "dusky-grasswren", "species_name": "Dusky Grasswren", "suitability": 0.55 }, "geometry": { "type": "Polygon", "coordinates": [ [ [ 129.981462062973804, -26.275331555279895 ], [ 130.007984991240079, -26.323861960720684 ], [ 130.035373200128276, -26.324234997097378 ], [ 130.036214839395427, -26.276082486792568 ], [ 129.981462062973804, -26.275331555279895 ] ] ] } },
{ "type": "Feature", "properties": { "species_id": "dusky-grasswren", "species_name": "Dusky Grasswren", "suitability": 0.65 }, "geometry": { "type": "Polygon", "coordinates": [ [ [ 130.091377164525397, -26.252735963282888 ], [ 130.090968337281794, -26.27681277047617 ], [ 130.036214839395427, -26.276082486792568 ], [ 130.035373200128276, -26.324234997097378 ], [ 130.118345350492945, -26.277170169262437 ], [ 130.118748316540518, -26.253093289562194 ], [ 130.091377164525397, -26.252735963282888 ] ] ] } },
{ "type": "Feature", "properties": { "species_id": "dusky-grasswren", "species_name": "Dusky Grasswren", "suitability": 0.55 }, "geometry": { "type": "Polygon", "coordinates": [ [ [ 128.393263401145759, -26.268644829655099 ], [ 128.392490802319458, -26.292714548956148 ], [ 128.419863907374463, -26.293392155031672 ], [ 128.42063065002651, -26.269322298204198 ], [ 128.393263401145759, -26.268644829655099 ] ] ] } },
{ "type": "Feature", "properties": { "species_id": "dusky-grasswren", "species_name": "Dusky Grasswren", "suitability": 0.55 }, "geometry": { "type": "Polygon", "coordinates": [ [ [ 129.296542431505003, -26.28827689947196 ], [ 129.295963189117771, -26.312350606087289 ], [ 129.323345819785828, -26.312857888734264 ], [ 129.323919199881715, -26.288784079054942 ], [ 129.296542431505003, -26.28827689947196 ] ] ] } },
{ "type": "Feature", "properties": { "species_id": "dusky-grasswren", "species_name": "Dusky Grasswren", "suitability": 0.75 }, "geometry": { "type": "Polygon", "coordinates": [ [ [ 129.844121639721976, -26.297439731111954 ], [ 129.843659671340987, -26.321515300131839 ], [ 129.871046743815384, -26.321919319776804 ], [ 129.871502847051715, -26.297843668633295 ], [ 129.844121639721976, -26.297439731111954 ] ] ] } },
{ "type": "Feature", "properties": { "species_id": "dusky-grasswren", "species_name": "Dusky Grasswren", "suitability": 0.55 }, "geometry": { "type": "Polygon", "coordinates": [ [ [ 130.884723789204799, -26.309159587597421 ], [ 130.88448477107562, -26.333237540066357 ], [ 130.911877510865168, -26.333445306222362 ], [ 130.912110660208185, -26.309367311495631 ], [ 130.884723789204799, -26.309159587597421 ] ] ] } },
{ "type": "Feature", "properties": { "species_id": "dusky-grasswren", "species_name": "Dusky Grasswren", "suitability": 0.55 }, "geometry": { "type": "Polygon", "coordinates": [ [ [ 129.872414467541091, -26.249691560853446 ], [ 129.871958754918467, -26.273767750346121 ], [ 129.899334295053478, -26.274166444191831 ], [ 129.952770430309158, -26.347176024454338 ], [ 129.980164138605005, -26.347559466819309 ], [ 129.953647632375095, -26.299024504778011 ], [ 129.872414467541091, -26.249691560853446 ] ] ] } },
{ "type": "Feature", "properties": { "species_id": "dusky-grasswren", "species_name": "Dusky Grasswren", "suitability": 0.55 }, "geometry": { "type": "Polygon", "coordinates": [ [ [ 130.06317663340846, -26.300526672757815 ], [ 130.062761589614666, -26.324602869421263 ], [ 130.117135415970381, -26.349399202602495 ], [ 130.117942211789426, -26.301246778627078 ], [ 130.06317663340846, -26.300526672757815 ] ] ] } },
{ "type": "Feature", "properties": { "species_id": "dusky-grasswren", "species_name": "Dusky Grasswren", "suitability": 0.85 }, "geometry": { "type": "Polygon", "coordinates": [ [ [ 131.898215912501968, -26.168927280824985 ], [ 131.870806900048819, -26.217066127109319 ], [ 131.816036693337992, -26.241086956847642 ], [ 131.815918435681738, -26.313324951979848 ], [ 131.733751971586031, -26.313197573676106 ], [ 131.706237302540046, -26.361302052191355 ], [ 131.870640729582476, -26.361541412033652 ], [ 131.870668454338727, -26.337462859179517 ], [ 131.925457973582184, -26.337501303312976 ], [ 131.925473946288349, -26.313422483539902 ], [ 132.007640659985896, -26.31344140246458 ], [ 132.007639023111949, -26.289362315690468 ], [ 132.035022062049933, -26.289358293333876 ], [ 132.035007062784018, -26.241199315701841 ], [ 132.007635751467262, -26.241203336426288 ], [ 132.007637386939223, -26.265282961698897 ], [ 131.980260212366375, -26.265281820595337 ], [ 131.980264439449456, -26.241202195554127 ], [ 131.925521823362118, -26.241184429021295 ], [ 131.925569638960923, -26.168943896392175 ], [ 131.898215912501968, -26.168927280824985 ] ], [ [ 131.898106885501392, -26.289326768203356 ], [ 131.925489912150795, -26.289343400610527 ], [ 131.925473946288349, -26.313422483539902 ], [ 131.89808505206679, -26.313405847752023 ], [ 131.898106885501392, -26.289326768203356 ] ] ] } },
{ "type": "Feature", "properties": { "species_id": "dusky-grasswren", "species_name": "Dusky Grasswren", "suitability": 0.65 }, "geometry": { "type": "Polygon", "coordinates": [ [ [ 128.392490802319458, -26.292714548956148 ], [ 128.391717872513539, -26.31678399770599 ], [ 128.419096836247689, -26.3174617414812 ], [ 128.419863907374463, -26.293392155031672 ], [ 128.392490802319458, -26.292714548956148 ] ] ] } },
{ "type": "Feature", "properties": { "species_id": "dusky-grasswren", "species_name": "Dusky Grasswren", "suitability": 0.55 }, "geometry": { "type": "Polygon", "coordinates": [ [ [ 129.734113388646136, -26.319847585120726 ], [ 129.733627752919375, -26.343922551558784 ], [ 129.788412222204272, -26.344766908039912 ], [ 129.788886123523383, -26.320691769804458 ], [ 129.734113388646136, -26.319847585120726 ] ] ] } },
{ "type": "Feature", "properties": { "species_id": "dusky-grasswren", "species_name": "Dusky Grasswren", "suitability": 0.65 }, "geometry": { "type": "Polygon", "coordinates": [ [ [ 130.829699601727754, -26.332806512088155 ], [ 130.829448738725802, -26.35688411660027 ], [ 130.856847142023412, -26.357102257604872 ], [ 130.857092133857122, -26.333024608678961 ], [ 130.829699601727754, -26.332806512088155 ] ] ] } },
{ "type": "Feature", "properties": { "species_id": "dusky-grasswren", "species_name": "Dusky Grasswren", "suitability": 0.55 }, "geometry": { "type": "Polygon", "coordinates": [ [ [ 129.275003201149445, -26.04701302968396 ], [ 129.273837740158314, -26.095165687733864 ], [ 129.21917906496634, -26.094127202884643 ], [ 129.21977359877917, -26.070051235919841 ], [ 129.192450480878534, -26.069524370102979 ], [ 129.191850107935664, -26.093600231029782 ], [ 129.21917906496634, -26.094127202884643 ], [ 129.245330131958298, -26.142800263001401 ], [ 129.300012681857368, -26.143828856382225 ], [ 129.299434925523798, -26.167904241385077 ], [ 129.190047447744774, -26.165826014809944 ], [ 129.18944604667746, -26.189900689887065 ], [ 129.162093965860748, -26.189368135528831 ], [ 129.160878685815049, -26.237516415069315 ], [ 129.078788900382023, -26.235887151228308 ], [ 129.107390587344923, -26.188287556055318 ], [ 129.052688269676196, -26.187186349374411 ], [ 129.052057355572799, -26.211260188960463 ], [ 128.997344417744074, -26.210138128705207 ], [ 128.997987032881127, -26.186064516057993 ], [ 128.942632581519973, -26.208995438238315 ], [ 128.943286896983807, -26.184922056688563 ], [ 128.915937248128699, -26.18434309241886 ], [ 128.914616634780771, -26.232489337593034 ], [ 128.859894784282432, -26.231315465292717 ], [ 128.889919057480199, -26.135611811495735 ], [ 128.91725673167528, -26.136195696207057 ], [ 128.917916050225983, -26.11212155634276 ], [ 128.890584218248961, -26.111537789332797 ], [ 128.861910378268618, -26.159096379918552 ], [ 128.834567431962796, -26.15850206708128 ], [ 128.831855995537666, -26.254793134392393 ], [ 128.804489937645229, -26.254193181167636 ], [ 128.805857941950393, -26.206048458819655 ], [ 128.750454560604481, -26.228905822708953 ], [ 128.749758704282016, -26.2529777974868 ], [ 128.804489937645229, -26.254193181167636 ], [ 128.775743281241631, -26.301731440675521 ], [ 128.803120761290245, -26.302336798691542 ], [ 128.803805496068065, -26.278265126004463 ], [ 128.858549616170592, -26.279460115677235 ], [ 128.859222344228471, -26.255387928435695 ], [ 128.941323110022211, -26.257141354705251 ], [ 128.912633593205726, -26.304706618072235 ], [ 128.885254953488783, -26.304121905284966 ], [ 128.883919782300751, -26.352265176815504 ], [ 128.911310148999121, -26.352850127539746 ], [ 128.911972012872781, -26.328778504517334 ], [ 128.966091731901201, -26.354004538133506 ], [ 128.9673917210539, -26.305860559071618 ], [ 128.940012516564281, -26.305286169359729 ], [ 128.940667953628378, -26.281213897730535 ], [ 129.077537434944105, -26.284033656220281 ], [ 129.076911300107326, -26.308106500674079 ], [ 129.104291872589215, -26.308655081396576 ], [ 129.078163301644935, -26.259960541091139 ], [ 129.132901273468889, -26.261052097171735 ], [ 129.132287123862938, -26.285125433835759 ], [ 129.159662364653201, -26.285663581117117 ], [ 129.160270655457225, -26.261590135251939 ], [ 129.215010199044229, -26.26265073114126 ], [ 129.214413626345049, -26.286724392276206 ], [ 129.24178964222591, -26.287247056015381 ], [ 129.242380355625471, -26.263173288812279 ], [ 129.297121425818801, -26.264202923266151 ], [ 129.298278670863198, -26.216054145847838 ], [ 129.325637867410137, -26.216561017016453 ], [ 129.325065223536228, -26.240635647254361 ], [ 129.407161840425886, -26.242125611943418 ], [ 129.407716919048227, -26.218050679933199 ], [ 129.352997309294153, -26.217062729796965 ], [ 129.354130159575192, -26.168912417488933 ], [ 129.326782420038342, -26.168410907590818 ], [ 129.327354329107095, -26.144335420300166 ], [ 129.38203835570053, -26.145333082262944 ], [ 129.408271760089917, -26.19397546667058 ], [ 129.435626070059726, -26.194461605515976 ], [ 129.436174823288439, -26.170386008690038 ], [ 129.463523517882777, -26.170866892713654 ], [ 129.462980615189764, -26.194942586757477 ], [ 129.517690400909714, -26.195889076179718 ], [ 129.518752575989055, -26.147737016591776 ], [ 129.546096112112139, -26.148202336573014 ], [ 129.545570986685448, -26.172278604780352 ], [ 129.600783856405826, -26.149117509164483 ], [ 129.601297064820869, -26.125040763549947 ], [ 129.491945859828434, -26.123190168652517 ], [ 129.492482222960689, -26.099113499320531 ], [ 129.38315806512432, -26.097180820125576 ], [ 129.383717560786096, -26.073104238649695 ], [ 129.301744468774075, -26.071600921719504 ], [ 129.30232123757952, -26.047524336802404 ], [ 129.275003201149445, -26.04701302968396 ] ], [ [ 129.273837740158314, -26.095165687733864 ], [ 129.301167453324069, -26.095677200594015 ], [ 129.300590191071279, -26.119753177467132 ], [ 129.273254635795297, -26.119241561541244 ], [ 129.273837740158314, -26.095165687733864 ] ], [ [ 129.328497413539054, -26.096183560322871 ], [ 129.38315806512432, -26.097180820125576 ], [ 129.382598330146976, -26.121257099982035 ], [ 129.327925993555027, -26.120259639226109 ], [ 129.328497413539054, -26.096183560322871 ] ], [ [ 129.300590191071279, -26.119753177467132 ], [ 129.327925993555027, -26.120259639226109 ], [ 129.327354329107095, -26.144335420300166 ], [ 129.300012681857368, -26.143828856382225 ], [ 129.300590191071279, -26.119753177467132 ] ], [ [ 128.969988360679224, -26.209569362211312 ], [ 128.997344417744074, -26.210138128705207 ], [ 128.996701527480553, -26.234211458081948 ], [ 128.969339617661291, -26.233642576414095 ], [ 128.969988360679224, -26.209569362211312 ] ] ] } },
{ "type": "Feature", "properties": { "species_id": "dusky-grasswren", "species_name": "Dusky Grasswren", "suitability": 0.55 }, "geometry": { "type": "Polygon", "coordinates": [ [ [ 121.65215558285378, -25.919623418131227 ], [ 121.620524568190021, -25.96567949127817 ], [ 121.538885776198768, -25.959790100206416 ], [ 121.536653243287418, -25.983792486692384 ], [ 121.563870981415945, -25.98576112756021 ], [ 121.561643255505132, -26.009763556632272 ], [ 121.58886770171145, -26.011727471620748 ], [ 121.591089669044791, -25.987724650027705 ], [ 121.64331943474906, -26.015639942454872 ], [ 121.647739390190864, -25.967632386135318 ], [ 121.674955153825792, -25.969580162830077 ], [ 121.679359837815866, -25.921570418128201 ], [ 121.65215558285378, -25.919623418131227 ] ] ] } },
{ "type": "Feature", "properties": { "species_id": "dusky-grasswren", "species_name": "Dusky Grasswren", "suitability": 0.55 }, "geometry": { "type": "Polygon", "coordinates": [ [ [ 130.14492781650506, -26.325675501598024 ], [ 130.144132415019413, -26.373827548778376 ], [ 130.171533242160251, -26.374174905868525 ], [ 130.172316903225862, -26.326022717235993 ], [ 130.14492781650506, -26.325675501598024 ] ] ] } },
{ "type": "Feature", "properties": { "species_id": "dusky-grasswren", "species_name": "Dusky Grasswren", "suitability": 0.75 }, "geometry": { "type": "Polygon", "coordinates": [ [ [ 129.952770430309158, -26.347176024454338 ], [ 129.952331547219757, -26.371251394193671 ], [ 129.979731126180923, -26.371634914686613 ], [ 129.980164138605005, -26.347559466819309 ], [ 129.952770430309158, -26.347176024454338 ] ] ] } },
{ "type": "Feature", "properties": { "species_id": "dusky-grasswren", "species_name": "Dusky Grasswren", "suitability": 0.55 }, "geometry": { "type": "Polygon", "coordinates": [ [ [ 131.103437201379194, -26.358833041970506 ], [ 131.103244970511582, -26.382910787582304 ], [ 131.130650186272504, -26.383077298804341 ], [ 131.130836542851199, -26.358999519251526 ], [ 131.103437201379194, -26.358833041970506 ] ] ] } },
{ "type": "Feature", "properties": { "species_id": "dusky-grasswren", "species_name": "Dusky Grasswren", "suitability": 0.65 }, "geometry": { "type": "Polygon", "coordinates": [ [ [ 129.844583410222526, -26.273363894845087 ], [ 129.897983581031696, -26.346393644913885 ], [ 129.925376910279084, -26.346787417135552 ], [ 129.897082139690411, -26.394543810734124 ], [ 129.924487212296839, -26.394937743515747 ], [ 129.924932156645411, -26.370862707696094 ], [ 129.952331547219757, -26.371251394193671 ], [ 129.953209125320654, -26.323100396004676 ], [ 129.925821473320411, -26.322711867765133 ], [ 129.899334295053478, -26.274166444191831 ], [ 129.844583410222526, -26.273363894845087 ] ] ] } },
{ "type": "Feature", "properties": { "species_id": "dusky-grasswren", "species_name": "Dusky Grasswren", "suitability": 0.65 }, "geometry": { "type": "Polygon", "coordinates": [ [ [ 131.624358023135585, -26.264797186672084 ], [ 131.624197040506857, -26.312955430044784 ], [ 131.651585727754508, -26.313023712990852 ], [ 131.651511054641134, -26.337102451624052 ], [ 131.514538639485124, -26.33670931023844 ], [ 131.514434572241328, -26.360787709604089 ], [ 131.651436349512664, -26.361180931066936 ], [ 131.651286843128133, -26.409337128665737 ], [ 131.678699057407528, -26.409400298393656 ], [ 131.678836811252921, -26.3612440750282 ], [ 131.651436349512664, -26.361180931066936 ], [ 131.651511054641134, -26.337102451624052 ], [ 131.678905643889976, -26.337165582726232 ], [ 131.706426101992093, -26.289065758318841 ], [ 131.651660368873394, -26.288944711099152 ], [ 131.651734978018311, -26.26486544188317 ], [ 131.624358023135585, -26.264797186672084 ] ] ] } },
{ "type": "Feature", "properties": { "species_id": "dusky-grasswren", "species_name": "Dusky Grasswren", "suitability": 0.65 }, "geometry": { "type": "Polygon", "coordinates": [ [ [ 132.253705584370664, -26.120579219286736 ], [ 132.25381417148364, -26.168740923274918 ], [ 132.199064264834078, -26.144745613239824 ], [ 132.144461315828835, -26.217051730772084 ], [ 132.089730458366517, -26.217095894431232 ], [ 132.089768896391575, -26.265255409150889 ], [ 132.117146053072304, -26.265235899686047 ], [ 132.117120967400581, -26.241156283957245 ], [ 132.226606011300078, -26.241026646053768 ], [ 132.226654547060946, -26.265106235487846 ], [ 132.171900331642206, -26.2651813928472 ], [ 132.171937158150826, -26.289260726215502 ], [ 132.199320140041152, -26.289225721742618 ], [ 132.199362849875314, -26.313304780752347 ], [ 132.254140491247995, -26.31321926341106 ], [ 132.254194959469515, -26.337298041833687 ], [ 132.172010858524743, -26.337418595287637 ], [ 132.172047732410363, -26.3614971391256 ], [ 132.144647124514591, -26.3615269981394 ], [ 132.172121527629741, -26.409653465757994 ], [ 132.199533872404032, -26.409618425620032 ], [ 132.199491089269458, -26.385540394937827 ], [ 132.254358504309721, -26.409532838544461 ], [ 132.254303965985343, -26.385454825328686 ], [ 132.281710370495517, -26.385404288717783 ], [ 132.281589616391557, -26.337247525814917 ], [ 132.308984247418493, -26.337191844039541 ], [ 132.308851859303445, -26.289034067166984 ], [ 132.281468965764674, -26.289089726301594 ], [ 132.281529278151794, -26.313168757668929 ], [ 132.226703103617552, -26.28918555359569 ], [ 132.226654547060946, -26.265106235487846 ], [ 132.254031624802707, -26.265060912874748 ], [ 132.226557496321618, -26.216946781232277 ], [ 132.281288183553073, -26.216851012224829 ], [ 132.281167791037689, -26.168690478921508 ], [ 132.308521384812849, -26.168634876139759 ], [ 132.281047501535028, -26.120528795293271 ], [ 132.253705584370664, -26.120579219286736 ] ], [ [ 132.171789946708145, -26.192941748657692 ], [ 132.226509002112238, -26.1928666369644 ], [ 132.226557496321618, -26.216946781232277 ], [ 132.171826725931027, -26.217021908128405 ], [ 132.171789946708145, -26.192941748657692 ] ] ] } },
{ "type": "Feature", "properties": { "species_id": "dusky-grasswren", "species_name": "Dusky Grasswren", "suitability": 0.55 }, "geometry": { "type": "Polygon", "coordinates": [ [ [ 129.924932156645411, -26.370862707696094 ], [ 129.924487212296839, -26.394937743515747 ], [ 129.951892475931459, -26.395326509291824 ], [ 129.952331547219757, -26.371251394193671 ], [ 129.924932156645411, -26.370862707696094 ] ] ] } },
{ "type": "Feature", "properties": { "species_id": "dusky-grasswren", "species_name": "Dusky Grasswren", "suitability": 0.55 }, "geometry": { "type": "Polygon", "coordinates": [ [ [ 129.979731126180923, -26.371634914686613 ], [ 129.979297928074118, -26.395710108011126 ], [ 130.006703566204521, -26.396088539623403 ], [ 130.007130891010291, -26.372013269124725 ], [ 129.979731126180923, -26.371634914686613 ] ] ] } },
{ "type": "Feature", "properties": { "species_id": "dusky-grasswren", "species_name": "Dusky Grasswren", "suitability": 0.55 }, "geometry": { "type": "Polygon", "coordinates": [ [ [ 131.048230722331994, -26.406639685387461 ], [ 131.048026568017775, -26.430716860553858 ], [ 131.075443372117206, -26.430893779053445 ], [ 131.075641647210318, -26.406816567749093 ], [ 131.048230722331994, -26.406639685387461 ] ] ] } },
{ "type": "Feature", "properties": { "species_id": "dusky-grasswren", "species_name": "Dusky Grasswren", "suitability": 0.55 }, "geometry": { "type": "Polygon", "coordinates": [ [ [ 128.445714590580224, -26.342203781148566 ], [ 128.444952725775693, -26.366272976021875 ], [ 128.417561707725326, -26.365600119484828 ], [ 128.416025262768727, -26.413737464715151 ], [ 128.44342801616051, -26.414410595770313 ], [ 128.444952725775693, -26.366272976021875 ], [ 128.47234407075095, -26.366940669312978 ], [ 128.473100071440285, -26.342871338485839 ], [ 128.445714590580224, -26.342203781148566 ] ] ] } },
{ "type": "Feature", "properties": { "species_id": "dusky-grasswren", "species_name": "Dusky Grasswren", "suitability": 0.75 }, "geometry": { "type": "Polygon", "coordinates": [ [ [ 132.062258382672212, -26.02446065287484 ], [ 132.062271691895745, -26.048542899512718 ], [ 132.034947193978581, -26.048552067017717 ], [ 132.034992076360425, -26.19303923669872 ], [ 131.925537768719721, -26.217104532236579 ], [ 131.925521823362118, -26.241184429021295 ], [ 131.980264439449456, -26.241202195554127 ], [ 131.980260212366375, -26.265281820595337 ], [ 132.035007062784018, -26.241199315701841 ], [ 132.035022062049933, -26.289358293333876 ], [ 132.007639023111949, -26.289362315690468 ], [ 132.007640659985896, -26.31344140246458 ], [ 131.925473946288349, -26.313422483539902 ], [ 131.925489912150795, -26.289343400610527 ], [ 131.898106885501392, -26.289326768203356 ], [ 131.925457973582184, -26.337501303312976 ], [ 131.870668454338727, -26.337462859179517 ], [ 131.870640729582476, -26.361541412033652 ], [ 131.706237302540046, -26.361302052191355 ], [ 131.733751971586031, -26.313197573676106 ], [ 131.815918435681738, -26.313324951979848 ], [ 131.815997291005289, -26.265166558514643 ], [ 131.788620181925467, -26.265129278948066 ], [ 131.788574897685436, -26.289208601734785 ], [ 131.706426101992093, -26.289065758318841 ], [ 131.678905643889976, -26.337165582726232 ], [ 131.651511054641134, -26.337102451624052 ], [ 131.651585727754508, -26.313023712990852 ], [ 131.624197040506857, -26.312955430044784 ], [ 131.624358023135585, -26.264797186672084 ], [ 131.651734978018311, -26.26486544188317 ], [ 131.651660368873394, -26.288944711099152 ], [ 131.67904322068776, -26.289007816531747 ], [ 131.679111964886346, -26.264928534505223 ], [ 131.651734978018311, -26.26486544188317 ], [ 131.624518867903561, -26.216637857680833 ], [ 131.569788508650703, -26.216485921135188 ], [ 131.569880594114835, -26.192405870126684 ], [ 131.487802929482882, -26.192139315776704 ], [ 131.48791253990359, -26.168059035029437 ], [ 131.378499741887737, -26.167631484290819 ], [ 131.378233626627491, -26.215791589104622 ], [ 131.35086885160942, -26.215671757191387 ], [ 131.350729848892513, -26.239751363679805 ], [ 131.268618312675244, -26.239360826726355 ], [ 131.268461664292033, -26.263440078294604 ], [ 131.295837974574312, -26.263575446107826 ], [ 131.295687123586504, -26.287654453407594 ], [ 131.405216444712011, -26.28814439974138 ], [ 131.405088997575717, -26.312223238966745 ], [ 131.459981443226297, -26.288358391774537 ], [ 131.459749968286815, -26.336515893804762 ], [ 131.651511054641134, -26.337102451624052 ], [ 131.651436349512664, -26.361180931066936 ], [ 131.56923516678097, -26.360960498481358 ], [ 131.569142804718183, -26.385038677857747 ], [ 131.62395530768697, -26.385190830710187 ], [ 131.623874660957654, -26.409268790039771 ], [ 131.651286843128133, -26.409337128665737 ], [ 131.651436349512664, -26.361180931066936 ], [ 131.678836811252921, -26.3612440750282 ], [ 131.706111301271875, -26.409458299215228 ], [ 131.733523572197129, -26.409511131122869 ], [ 131.733409225491442, -26.457666411990171 ], [ 131.788257363916188, -26.457756605904219 ], [ 131.788302784266023, -26.433679068449969 ], [ 131.843139235428708, -26.433748563963441 ], [ 131.843105580396184, -26.457826115633097 ], [ 131.952812290946156, -26.433825514989692 ], [ 131.925361993380108, -26.481968923651692 ], [ 131.952792038002116, -26.481980411101137 ], [ 131.952802166646819, -26.457903082399863 ], [ 131.980226330402104, -26.457909396431809 ], [ 131.980222086976624, -26.481986726426015 ], [ 132.007652137774613, -26.481987869625346 ], [ 132.007650495979703, -26.457910539397108 ], [ 132.062498822492358, -26.457897312128122 ], [ 132.062472015285437, -26.40974193687758 ], [ 131.980234811792741, -26.409754016241628 ], [ 131.980247520245484, -26.337519084287674 ], [ 132.035044585064213, -26.361594765814075 ], [ 132.035037074174625, -26.33751620209437 ], [ 132.08980736736234, -26.313413838720614 ], [ 132.08992297837267, -26.457882941895445 ], [ 132.144771262744428, -26.457838688243463 ], [ 132.144647124514591, -26.3615269981394 ], [ 132.172047732410363, -26.3614971391256 ], [ 132.172010858524743, -26.337418595287637 ], [ 132.254194959469515, -26.337298041833687 ], [ 132.254140491247995, -26.31321926341106 ], [ 132.281529278151794, -26.313168757668929 ], [ 132.281408679213541, -26.265010427647098 ], [ 132.226654547060946, -26.265106235487846 ], [ 132.254140491247995, -26.31321926341106 ], [ 132.199362849875314, -26.313304780752347 ], [ 132.199320140041152, -26.289225721742618 ], [ 132.117171149492293, -26.289315244121752 ], [ 132.117146053072304, -26.265235899686047 ], [ 132.089768896391575, -26.265255409150889 ], [ 132.089730458366517, -26.217095894431232 ], [ 132.144461315828835, -26.217051730772084 ], [ 132.144430394115233, -26.192971565266369 ], [ 132.171789946708145, -26.192941748657692 ], [ 132.171826725931027, -26.217021908128405 ], [ 132.226557496321618, -26.216946781232277 ], [ 132.226509002112238, -26.1928666369644 ], [ 132.171789946708145, -26.192941748657692 ], [ 132.199064264834078, -26.144745613239824 ], [ 132.171716435477379, -26.14478057521017 ], [ 132.11694566807185, -26.072591036791582 ], [ 132.089615341542583, -26.072610514744849 ], [ 132.089577034877806, -26.024446334979743 ], [ 132.062258382672212, -26.02446065287484 ] ], [ [ 131.350729848892513, -26.239751363679805 ], [ 131.378100483520427, -26.23987121987151 ], [ 131.377967283379888, -26.263950574955867 ], [ 131.350590786632239, -26.263830694455127 ], [ 131.350729848892513, -26.239751363679805 ] ] ] } },
{ "type": "Feature", "properties": { "species_id": "dusky-grasswren", "species_name": "Dusky Grasswren", "suitability": 0.55 }, "geometry": { "type": "Polygon", "coordinates": [ [ [ 131.02039972800452, -26.454611666793355 ], [ 131.020189514224285, -26.478688321575603 ], [ 131.047617996535081, -26.478870484201746 ], [ 131.047822326104267, -26.454793792132261 ], [ 131.02039972800452, -26.454611666793355 ] ] ] } },
{ "type": "Feature", "properties": { "species_id": "dusky-grasswren", "species_name": "Dusky Grasswren", "suitability": 0.55 }, "geometry": { "type": "Polygon", "coordinates": [ [ [ 128.333032662111748, -26.435754957015391 ], [ 128.332245995115954, -26.459822587135669 ], [ 128.359659495488927, -26.460511495200819 ], [ 128.360440289172573, -26.436443724234923 ], [ 128.333032662111748, -26.435754957015391 ] ] ] } },
{ "type": "Feature", "properties": { "species_id": "dusky-grasswren", "species_name": "Dusky Grasswren", "suitability": 0.65 }, "geometry": { "type": "Polygon", "coordinates": [ [ [ 130.306724738851671, -26.496211991200504 ], [ 130.306361248877153, -26.52028683496123 ], [ 130.333798333107666, -26.520603581539696 ], [ 130.334155935861446, -26.496528672829136 ], [ 130.306724738851671, -26.496211991200504 ] ] ] } },
{ "type": "Feature", "properties": { "species_id": "dusky-grasswren", "species_name": "Dusky Grasswren", "suitability": 0.55 }, "geometry": { "type": "Polygon", "coordinates": [ [ [ 121.714024241084616, -26.141489021542956 ], [ 121.709625738605411, -26.189494238391852 ], [ 121.736896237741021, -26.191430151867166 ], [ 121.741283184302048, -26.143424155436097 ], [ 121.714024241084616, -26.141489021542956 ] ] ] } },
{ "type": "Feature", "properties": { "species_id": "dusky-grasswren", "species_name": "Dusky Grasswren", "suitability": 0.55 }, "geometry": { "type": "Polygon", "coordinates": [ [ [ 130.279293697980052, -26.495890137687848 ], [ 130.305997602819787, -26.544361449727841 ], [ 130.361235571047274, -26.520915155132712 ], [ 130.361587286481353, -26.496840182531962 ], [ 130.334155935861446, -26.496528672829136 ], [ 130.333798333107666, -26.520603581539696 ], [ 130.279293697980052, -26.495890137687848 ] ] ] } },
{ "type": "Feature", "properties": { "species_id": "dusky-grasswren", "species_name": "Dusky Grasswren", "suitability": 0.55 }, "geometry": { "type": "Polygon", "coordinates": [ [ [ 131.07464942042813, -26.527200229649111 ], [ 131.074450719402478, -26.55127626405649 ], [ 131.101897042912583, -26.551448189008461 ], [ 131.102089852033771, -26.527372119297596 ], [ 131.07464942042813, -26.527200229649111 ] ] ] } },
{ "type": "Feature", "properties": { "species_id": "dusky-grasswren", "species_name": "Dusky Grasswren", "suitability": 0.75 }, "geometry": { "type": "Polygon", "coordinates": [ [ [ 130.443213985478735, -26.545893766903298 ], [ 130.442879645595752, -26.56996847170484 ], [ 130.497779007757913, -26.570545297941194 ], [ 130.498101562038272, -26.546470474600515 ], [ 130.443213985478735, -26.545893766903298 ] ] ] } },
{ "type": "Feature", "properties": { "species_id": "dusky-grasswren", "species_name": "Dusky Grasswren", "suitability": 0.55 }, "geometry": { "type": "Polygon", "coordinates": [ [ [ 130.443548181822848, -26.521818837589993 ], [ 130.443213985478735, -26.545893766903298 ], [ 130.498101562038272, -26.546470474600515 ], [ 130.470000667828373, -26.594334016732805 ], [ 130.524912100784775, -26.594900608874141 ], [ 130.525545559512125, -26.546751067042269 ], [ 130.498101562038272, -26.546470474600515 ], [ 130.4984239778382, -26.5223954268968 ], [ 130.443548181822848, -26.521818837589993 ] ] ] } },
{ "type": "Feature", "properties": { "species_id": "dusky-grasswren", "species_name": "Dusky Grasswren", "suitability": 0.55 }, "geometry": { "type": "Polygon", "coordinates": [ [ [ 131.074053061242665, -26.599427667594359 ], [ 131.0738541039984, -26.623503044909622 ], [ 131.101318118411825, -26.623675076038534 ], [ 131.101511176155014, -26.59959966328654 ], [ 131.074053061242665, -26.599427667594359 ] ] ] } },
{ "type": "Feature", "properties": { "species_id": "dusky-grasswren", "species_name": "Dusky Grasswren", "suitability": 0.55 }, "geometry": { "type": "Polygon", "coordinates": [ [ [ 121.782701200381226, -26.291297956306771 ], [ 121.780514155861283, -26.315300041482473 ], [ 121.807816401019622, -26.31722251266855 ], [ 121.809997652379394, -26.293220038002662 ], [ 121.782701200381226, -26.291297956306771 ] ] ] } },
{ "type": "Feature", "properties": { "species_id": "dusky-grasswren", "species_name": "Dusky Grasswren", "suitability": 0.55 }, "geometry": { "type": "Polygon", "coordinates": [ [ [ 130.798961026888122, -26.645572694340839 ], [ 130.798702856128017, -26.669647240024048 ], [ 130.853652663813364, -26.670089867027503 ], [ 130.853899026608474, -26.646015229984837 ], [ 130.798961026888122, -26.645572694340839 ] ] ] } },
{ "type": "Feature", "properties": { "species_id": "dusky-grasswren", "species_name": "Dusky Grasswren", "suitability": 0.55 }, "geometry": { "type": "Polygon", "coordinates": [ [ [ 130.138145093645733, -26.734937774326724 ], [ 130.137744565104072, -26.759010095196061 ], [ 130.192734963115299, -26.75970191500609 ], [ 130.193123667683295, -26.735629450794764 ], [ 130.138145093645733, -26.734937774326724 ] ] ] } },
{ "type": "Feature", "properties": { "species_id": "dusky-grasswren", "species_name": "Dusky Grasswren", "suitability": 0.55 }, "geometry": { "type": "Polygon", "coordinates": [ [ [ 121.384753179967149, -26.431819520929945 ], [ 121.382478301158841, -26.455814024959853 ], [ 121.409807788922322, -26.457811181081464 ], [ 121.412076865994706, -26.433816270035582 ], [ 121.384753179967149, -26.431819520929945 ] ] ] } },
{ "type": "Feature", "properties": { "species_id": "dusky-grasswren", "species_name": "Dusky Grasswren", "suitability": 0.55 }, "geometry": { "type": "Polygon", "coordinates": [ [ [ 133.220035665498557, -26.982471822141562 ], [ 133.220298710874289, -27.006543871100661 ], [ 133.24785630714274, -27.006311220864092 ], [ 133.24758732224862, -26.982239220631303 ], [ 133.220035665498557, -26.982471822141562 ] ] ] } },
{ "type": "Feature", "properties": { "species_id": "dusky-grasswren", "species_name": "Dusky Grasswren", "suitability": 0.65 }, "geometry": { "type": "Polygon", "coordinates": [ [ [ 132.448649278597372, -27.010948783657291 ], [ 132.448746035423, -27.035021610918808 ], [ 132.476311785649841, -27.034934413686997 ], [ 132.476209085314309, -27.010861604711351 ], [ 132.448649278597372, -27.010948783657291 ] ] ] } },
{ "type": "Feature", "properties": { "species_id": "dusky-grasswren", "species_name": "Dusky Grasswren", "suitability": 0.75 }, "geometry": { "type": "Polygon", "coordinates": [ [ [ 132.476209085314309, -27.010861604711351 ], [ 132.476311785649841, -27.034934413686997 ], [ 132.503877491525913, -27.034842019710485 ], [ 132.503768847709182, -27.010769230110427 ], [ 132.476209085314309, -27.010861604711351 ] ] ] } },
{ "type": "Feature", "properties": { "species_id": "dusky-grasswren", "species_name": "Dusky Grasswren", "suitability": 0.65 }, "geometry": { "type": "Polygon", "coordinates": [ [ [ 132.503768847709182, -27.010769230110427 ], [ 132.503877491525913, -27.034842019710485 ], [ 132.53144315048462, -27.03474442900189 ], [ 132.531328563217016, -27.010671659867075 ], [ 132.503768847709182, -27.010769230110427 ] ] ] } },
{ "type": "Feature", "properties": { "species_id": "dusky-grasswren", "species_name": "Dusky Grasswren", "suitability": 0.55 }, "geometry": { "type": "Polygon", "coordinates": [ [ [ 132.448552563487169, -26.986875812022216 ], [ 132.448649278597372, -27.010948783657291 ], [ 132.42108943012326, -27.011030766936479 ], [ 132.448842833991108, -27.059094297946181 ], [ 132.503986182213225, -27.05891466902926 ], [ 132.503877491525913, -27.034842019710485 ], [ 132.448746035423, -27.035021610918808 ], [ 132.448649278597372, -27.010948783657291 ], [ 132.531328563217016, -27.010671659867075 ], [ 132.53144315048462, -27.03474442900189 ], [ 132.586447843311987, -27.010460932506767 ], [ 132.586321423767487, -26.986388063069999 ], [ 132.558767750551311, -26.9864960019415 ], [ 132.558888229272895, -27.010568893994531 ], [ 132.531328563217016, -27.010671659867075 ], [ 132.531214025352, -26.986598746286031 ], [ 132.448552563487169, -26.986875812022216 ] ] ] } },
{ "type": "Feature", "properties": { "species_id": "dusky-grasswren", "species_name": "Dusky Grasswren", "suitability": 0.65 }, "geometry": { "type": "Polygon", "coordinates": [ [ [ 129.857734196219553, -27.020015338462901 ], [ 129.857272173004901, -27.044084875855329 ], [ 129.884836574943677, -27.044486211986726 ], [ 129.885292656801852, -27.020416590408502 ], [ 129.857734196219553, -27.020015338462901 ] ] ] } },
{ "type": "Feature", "properties": { "species_id": "dusky-grasswren", "species_name": "Dusky Grasswren", "suitability": 0.55 }, "geometry": { "type": "Polygon", "coordinates": [ [ [ 129.885292656801852, -27.020416590408502 ], [ 129.884836574943677, -27.044486211986726 ], [ 129.912401173831029, -27.04488235225686 ], [ 129.912851314205341, -27.02081264758101 ], [ 129.885292656801852, -27.020416590408502 ] ] ] } },
{ "type": "Feature", "properties": { "species_id": "dusky-grasswren", "species_name": "Dusky Grasswren", "suitability": 0.55 }, "geometry": { "type": "Polygon", "coordinates": [ [ [ 129.82970797057888, -27.043678343917133 ], [ 129.829239804261533, -27.067747655894809 ], [ 129.856809950476531, -27.06815427321358 ], [ 129.857272173004901, -27.044084875855329 ], [ 129.82970797057888, -27.043678343917133 ] ] ] } },
{ "type": "Feature", "properties": { "species_id": "dusky-grasswren", "species_name": "Dusky Grasswren", "suitability": 0.55 }, "geometry": { "type": "Polygon", "coordinates": [ [ [ 129.663823263124897, -27.065198820309167 ], [ 129.66331921949515, -27.089267460458885 ], [ 129.718469114726929, -27.090138041895283 ], [ 129.718961267133523, -27.066069218774643 ], [ 129.663823263124897, -27.065198820309167 ] ] ] } },
{ "type": "Feature", "properties": { "species_id": "dusky-grasswren", "species_name": "Dusky Grasswren", "suitability": 0.55 }, "geometry": { "type": "Polygon", "coordinates": [ [ [ 132.283473016031735, -27.08358107400764 ], [ 132.283534190412894, -27.10765358015211 ], [ 132.33870177893553, -27.107536276329355 ], [ 132.338628701883863, -27.0834637948618 ], [ 132.283473016031735, -27.08358107400764 ] ] ] } },
{ "type": "Feature", "properties": { "species_id": "dusky-grasswren", "species_name": "Dusky Grasswren", "suitability": 0.55 }, "geometry": { "type": "Polygon", "coordinates": [ [ [ 132.531787209022923, -27.106961911134629 ], [ 132.531901994220902, -27.131034143903193 ], [ 132.55949140302755, -27.130931269985897 ], [ 132.559370664144808, -27.106859058880332 ], [ 132.531787209022923, -27.106961911134629 ] ] ] } },
{ "type": "Feature", "properties": { "species_id": "dusky-grasswren", "species_name": "Dusky Grasswren", "suitability": 0.55 }, "geometry": { "type": "Polygon", "coordinates": [ [ [ 121.683959353890828, -26.767412973896601 ], [ 121.681741822619273, -26.791409139593441 ], [ 121.709158548700458, -26.793349811200066 ], [ 121.711370238867929, -26.769353244093939 ], [ 121.683959353890828, -26.767412973896601 ] ] ] } },
{ "type": "Feature", "properties": { "species_id": "dusky-grasswren", "species_name": "Dusky Grasswren", "suitability": 0.55 }, "geometry": { "type": "Polygon", "coordinates": [ [ [ 123.850393441428324, -26.928824860978629 ], [ 123.84863835703888, -26.952849371977912 ], [ 123.876128348386999, -26.954382495861456 ], [ 123.877877545846829, -26.930357665132636 ], [ 123.850393441428324, -26.928824860978629 ] ] ] } },
{ "type": "Feature", "properties": { "species_id": "dusky-grasswren", "species_name": "Dusky Grasswren", "suitability": 0.65 }, "geometry": { "type": "Polygon", "coordinates": [ [ [ 129.717484172591583, -27.138275295384187 ], [ 129.716991382587622, -27.162343734044953 ], [ 129.772177834353727, -27.163194061839846 ], [ 129.772658717187767, -27.139125443898706 ], [ 129.717484172591583, -27.138275295384187 ] ] ] } },
{ "type": "Feature", "properties": { "species_id": "dusky-grasswren", "species_name": "Dusky Grasswren", "suitability": 0.55 }, "geometry": { "type": "Polygon", "coordinates": [ [ [ 129.689897218331964, -27.137842421265919 ], [ 129.716498379775942, -27.186412052849469 ], [ 129.771696743850782, -27.187262560148927 ], [ 129.772177834353727, -27.163194061839846 ], [ 129.799771373337308, -27.163611424118329 ], [ 129.800246302383727, -27.139542718178983 ], [ 129.772658717187767, -27.139125443898706 ], [ 129.772177834353727, -27.163194061839846 ], [ 129.716991382587622, -27.162343734044953 ], [ 129.717484172591583, -27.138275295384187 ], [ 129.689897218331964, -27.137842421265919 ] ] ] } },
{ "type": "Feature", "properties": { "species_id": "dusky-grasswren", "species_name": "Dusky Grasswren", "suitability": 0.55 }, "geometry": { "type": "Polygon", "coordinates": [ [ [ 122.118397134644312, -26.845843576595698 ], [ 122.116271309034829, -26.869845632435332 ], [ 122.143714645867817, -26.871704588392369 ], [ 122.145834615840926, -26.847702146630684 ], [ 122.118397134644312, -26.845843576595698 ] ] ] } },
{ "type": "Feature", "properties": { "species_id": "dusky-grasswren", "species_name": "Dusky Grasswren", "suitability": 0.55 }, "geometry": { "type": "Polygon", "coordinates": [ [ [ 121.489851546923376, -26.777680160829128 ], [ 121.483070526318286, -26.849658850358381 ], [ 121.510498058565005, -26.851636818324415 ], [ 121.517261553968638, -26.779656900003769 ], [ 121.489851546923376, -26.777680160829128 ] ] ] } },
{ "type": "Feature", "properties": { "species_id": "dusky-grasswren", "species_name": "Dusky Grasswren", "suitability": 0.55 }, "geometry": { "type": "Polygon", "coordinates": [ [ [ 121.592786460282966, -26.85753979233224 ], [ 121.590547570053147, -26.881533908021972 ], [ 121.645423016173794, -26.885444258495653 ], [ 121.647650207463059, -26.86144933082182 ], [ 121.592786460282966, -26.85753979233224 ] ] ] } },
{ "type": "Feature", "properties": { "species_id": "dusky-grasswren", "species_name": "Dusky Grasswren", "suitability": 0.55 }, "geometry": { "type": "Polygon", "coordinates": [ [ [ 122.270478053625581, -27.000940895460097 ], [ 122.266284991285204, -27.048947210934369 ], [ 122.293774843129441, -27.050777876753639 ], [ 122.297956154819971, -27.002770795670301 ], [ 122.270478053625581, -27.000940895460097 ] ] ] } },
{ "type": "Feature", "properties": { "species_id": "dusky-grasswren", "species_name": "Dusky Grasswren", "suitability": 0.55 }, "geometry": { "type": "Polygon", "coordinates": [ [ [ 123.836331596797706, -27.121016285318717 ], [ 123.832808560456499, -27.16906259890494 ], [ 123.805266233741193, -27.167521397274669 ], [ 123.803497664971616, -27.19154402048602 ], [ 123.86035164740548, -27.170598618379085 ], [ 123.863862867080101, -27.122551658516635 ], [ 123.836331596797706, -27.121016285318717 ] ] ] } },
{ "type": "Feature", "properties": { "species_id": "dusky-grasswren", "species_name": "Dusky Grasswren", "suitability": 0.55 }, "geometry": { "type": "Polygon", "coordinates": [ [ [ 121.387100174267488, -26.987638499372039 ], [ 121.382527794510196, -27.035618484832888 ], [ 121.409999232244303, -27.037615239738134 ], [ 121.414559890174047, -26.989634420145133 ], [ 121.387100174267488, -26.987638499372039 ] ] ] } },
{ "type": "Feature", "properties": { "species_id": "dusky-grasswren", "species_name": "Dusky Grasswren", "suitability": 0.55 }, "geometry": { "type": "Polygon", "coordinates": [ [ [ 121.684767187464757, -27.057298820293287 ], [ 121.682544068762112, -27.081293087878727 ], [ 121.765010840798425, -27.087098674478149 ], [ 121.767216343148917, -27.063103190759634 ], [ 121.684767187464757, -27.057298820293287 ] ] ] } },
{ "type": "Feature", "properties": { "species_id": "dusky-grasswren", "species_name": "Dusky Grasswren", "suitability": 0.55 }, "geometry": { "type": "Polygon", "coordinates": [ [ [ 122.097097721803124, -27.085855691985987 ], [ 122.094962739448604, -27.109855946367745 ], [ 122.122464769561958, -27.111718788127924 ], [ 122.124593871362549, -27.087718142983231 ], [ 122.097097721803124, -27.085855691985987 ] ] ] } },
{ "type": "Feature", "properties": { "species_id": "dusky-grasswren", "species_name": "Dusky Grasswren", "suitability": 0.55 }, "geometry": { "type": "Polygon", "coordinates": [ [ [ 122.012462178147103, -27.104236403391401 ], [ 122.010308631272082, -27.12823532005083 ], [ 122.037813775635229, -27.130114064798828 ], [ 122.039961441239001, -27.106114753747793 ], [ 122.012462178147103, -27.104236403391401 ] ] ] } },
{ "type": "Feature", "properties": { "species_id": "dusky-grasswren", "species_name": "Dusky Grasswren", "suitability": 0.55 }, "geometry": { "type": "Polygon", "coordinates": [ [ [ 121.407717432646891, -27.061605385957719 ], [ 121.40543465178645, -27.085595361895162 ], [ 121.377951482283791, -27.083597770777764 ], [ 121.37566184991266, -27.107587161625542 ], [ 121.432918804164387, -27.087587788669605 ], [ 121.435195717264861, -27.063597395403971 ], [ 121.407717432646891, -27.061605385957719 ] ] ] } },
{ "type": "Feature", "properties": { "species_id": "dusky-grasswren", "species_name": "Dusky Grasswren", "suitability": 0.55 }, "geometry": { "type": "Polygon", "coordinates": [ [ [ 121.462674981636027, -27.065584241278607 ], [ 121.458131915300072, -27.113565695225034 ], [ 121.485623897463597, -27.115548208280202 ], [ 121.49015522326998, -27.067565923315247 ], [ 121.462674981636027, -27.065584241278607 ] ] ] } },
{ "type": "Feature", "properties": { "species_id": "dusky-grasswren", "species_name": "Dusky Grasswren", "suitability": 0.55 }, "geometry": { "type": "Polygon", "coordinates": [ [ [ 121.600085912607568, -27.075441007779723 ], [ 121.597844219256544, -27.099433883191097 ], [ 121.57035422196526, -27.097472448064895 ], [ 121.568105690140555, -27.121464749282424 ], [ 121.625335181971948, -27.101390152116821 ], [ 121.627571003181146, -27.07739686665526 ], [ 121.600085912607568, -27.075441007779723 ] ] ] } },
{ "type": "Feature", "properties": { "species_id": "dusky-grasswren", "species_name": "Dusky Grasswren", "suitability": 0.55 }, "geometry": { "type": "Polygon", "coordinates": [ [ [ 121.92996996293833, -27.098570339170696 ], [ 121.925626654230058, -27.146565637037458 ], [ 121.982804414850477, -27.126351405228732 ], [ 121.984963842399168, -27.102352884007452 ], [ 121.92996996293833, -27.098570339170696 ] ] ] } },
{ "type": "Feature", "properties": { "species_id": "dusky-grasswren", "species_name": "Dusky Grasswren", "suitability": 0.55 }, "geometry": { "type": "Polygon", "coordinates": [ [ [ 122.092826838173607, -27.133856043061051 ], [ 122.090690017385896, -27.157855986158989 ], [ 122.145718533352323, -27.161578063521898 ], [ 122.147843582435513, -27.137577337998714 ], [ 122.092826838173607, -27.133856043061051 ] ] ] } },
{ "type": "Feature", "properties": { "species_id": "dusky-grasswren", "species_name": "Dusky Grasswren", "suitability": 0.55 }, "geometry": { "type": "Polygon", "coordinates": [ [ [ 121.322988101867253, -27.079587096586582 ], [ 121.318384372475279, -27.127564032810398 ], [ 121.345877307935524, -27.12957279426368 ], [ 121.350469298147289, -27.081595015585414 ], [ 121.322988101867253, -27.079587096586582 ] ] ] } },
{ "type": "Feature", "properties": { "species_id": "dusky-grasswren", "species_name": "Dusky Grasswren", "suitability": 0.55 }, "geometry": { "type": "Polygon", "coordinates": [ [ [ 121.53835541209564, -27.143489464616032 ], [ 121.506330183843119, -27.189499035885717 ], [ 121.616382271253897, -27.197361714044106 ], [ 121.61414163400211, -27.221354229999406 ], [ 121.641662960883764, -27.223307385159281 ], [ 121.637190568534763, -27.271292820968824 ], [ 121.664724638182818, -27.273241626735896 ], [ 121.669185251297179, -27.225255368366135 ], [ 121.641662960883764, -27.223307385159281 ], [ 121.61862194405586, -27.173369052371385 ], [ 121.563605723140398, -27.169448878754583 ], [ 121.565856190740021, -27.14545689148289 ], [ 121.53835541209564, -27.143489464616032 ] ] ] } },
{ "type": "Feature", "properties": { "species_id": "dusky-grasswren", "species_name": "Dusky Grasswren", "suitability": 0.55 }, "geometry": { "type": "Polygon", "coordinates": [ [ [ 122.137209180139919, -27.257579521372037 ], [ 122.1329490011329, -27.305579441206106 ], [ 122.105398914359711, -27.303718634225561 ], [ 122.103261543473806, -27.327718012146413 ], [ 122.160500007469082, -27.307435069478849 ], [ 122.164748385408956, -27.25943436501673 ], [ 122.137209180139919, -27.257579521372037 ] ] ] } },
{ "type": "Feature", "properties": { "species_id": "dusky-grasswren", "species_name": "Dusky Grasswren", "suitability": 0.55 }, "geometry": { "type": "Polygon", "coordinates": [ [ [ 121.389427657272321, -27.253520768591176 ], [ 121.387137003522895, -27.277509529362614 ], [ 121.414668187713659, -27.27950531352116 ], [ 121.41695295374771, -27.255516131247784 ], [ 121.389427657272321, -27.253520768591176 ] ] ] } },
{ "type": "Feature", "properties": { "species_id": "dusky-grasswren", "species_name": "Dusky Grasswren", "suitability": 0.55 }, "geometry": { "type": "Polygon", "coordinates": [ [ [ 121.825555479048361, -27.332816423667005 ], [ 121.823357209695089, -27.356811556014978 ], [ 121.878475063081666, -27.360633967826367 ], [ 121.880661526409227, -27.336638025175837 ], [ 121.825555479048361, -27.332816423667005 ] ] ] } },
{ "type": "Feature", "properties": { "species_id": "dusky-grasswren", "species_name": "Dusky Grasswren", "suitability": 0.55 }, "geometry": { "type": "Polygon", "coordinates": [ [ [ 121.69003381588432, -27.299178597724314 ], [ 121.687807002249414, -27.323171809486738 ], [ 121.715354785659656, -27.325111086750727 ], [ 121.710910079421581, -27.373097965822517 ], [ 121.766032126443676, -27.376962627767654 ], [ 121.770453225429435, -27.328974110161749 ], [ 121.742903527557047, -27.327045187063426 ], [ 121.745118546331554, -27.303051155450525 ], [ 121.69003381588432, -27.299178597724314 ] ] ] } },
{ "type": "Feature", "properties": { "species_id": "dusky-grasswren", "species_name": "Dusky Grasswren", "suitability": 0.55 }, "geometry": { "type": "Polygon", "coordinates": [ [ [ 122.043851199061919, -27.371976885127328 ], [ 122.041699240398344, -27.395975120264744 ], [ 122.069271105662182, -27.397847871747615 ], [ 122.071417154260033, -27.373849238908239 ], [ 122.043851199061919, -27.371976885127328 ] ] ] } },
{ "type": "Feature", "properties": { "species_id": "dusky-grasswren", "species_name": "Dusky Grasswren", "suitability": 0.55 }, "geometry": { "type": "Polygon", "coordinates": [ [ [ 122.264404638301357, -27.386810622531854 ], [ 122.260194406944805, -27.43481329154859 ], [ 122.313270931403437, -27.462473415501496 ], [ 122.317459304625714, -27.41446939475366 ], [ 122.264404638301357, -27.386810622531854 ] ] ] } },
{ "type": "Feature", "properties": { "species_id": "dusky-grasswren", "species_name": "Dusky Grasswren", "suitability": 0.55 }, "geometry": { "type": "Polygon", "coordinates": [ [ [ 123.275765132940833, -27.571174261631707 ], [ 123.273875617921945, -27.595188938560835 ], [ 123.329158015218738, -27.598465845529933 ], [ 123.331035633465433, -27.574450466214124 ], [ 123.275765132940833, -27.571174261631707 ] ] ] } },
{ "type": "Feature", "properties": { "species_id": "dusky-grasswren", "species_name": "Dusky Grasswren", "suitability": 0.55 }, "geometry": { "type": "Polygon", "coordinates": [ [ [ 122.721235011530126, -27.561276516555161 ], [ 122.719225779224061, -27.585283855331948 ], [ 122.746855661824426, -27.587029206728936 ], [ 122.748858954372793, -27.563021494133828 ], [ 122.721235011530126, -27.561276516555161 ] ] ] } },
{ "type": "Feature", "properties": { "species_id": "dusky-grasswren", "species_name": "Dusky Grasswren", "suitability": 0.55 }, "geometry": { "type": "Polygon", "coordinates": [ [ [ 122.630254954218259, -27.652034841468023 ], [ 122.626192960788046, -27.700046668422861 ], [ 122.681507827126921, -27.703567123607602 ], [ 122.685546021395112, -27.65555378216019 ], [ 122.630254954218259, -27.652034841468023 ] ] ] } },
{ "type": "Feature", "properties": { "species_id": "dusky-grasswren", "species_name": "Dusky Grasswren", "suitability": 0.55 }, "geometry": { "type": "Polygon", "coordinates": [ [ [ 122.877115148395305, -27.691715643351767 ], [ 122.87513728966637, -27.715724903933062 ], [ 122.902802090641003, -27.717440924842045 ], [ 122.904773993533254, -27.693431294634905 ], [ 122.877115148395305, -27.691715643351767 ] ] ] } },
{ "type": "Feature", "properties": { "species_id": "dusky-grasswren", "species_name": "Dusky Grasswren", "suitability": 0.55 }, "geometry": { "type": "Polygon", "coordinates": [ [ [ 122.624160645435524, -27.724052500795057 ], [ 122.622127450231574, -27.74805828465 ], [ 122.649796353800639, -27.749821872335538 ], [ 122.65182359312773, -27.725815708137858 ], [ 122.624160645435524, -27.724052500795057 ] ] ] } },
{ "type": "Feature", "properties": { "species_id": "dusky-grasswren", "species_name": "Dusky Grasswren", "suitability": 0.55 }, "geometry": { "type": "Polygon", "coordinates": [ [ [ 122.871179002653491, -27.763743283788525 ], [ 122.869198573258473, -27.787752411405439 ], [ 122.786155685226163, -27.782569784957531 ], [ 122.78415650301487, -27.80657775565156 ], [ 122.811842566948371, -27.808310877105452 ], [ 122.809848485442217, -27.832319189819781 ], [ 122.865235139909913, -27.835770562895338 ], [ 122.869198573258473, -27.787752411405439 ], [ 122.896881257062958, -27.789469543947362 ], [ 122.898855722959766, -27.765460045326442 ], [ 122.871179002653491, -27.763743283788525 ] ] ] } },
{ "type": "Feature", "properties": { "species_id": "dusky-grasswren", "species_name": "Dusky Grasswren", "suitability": 0.55 }, "geometry": { "type": "Polygon", "coordinates": [ [ [ 122.701103524026294, -27.801347160270005 ], [ 122.699085578159568, -27.825353965599756 ], [ 122.726774998370814, -27.827103080805358 ], [ 122.728786978994719, -27.803095896990463 ], [ 122.701103524026294, -27.801347160270005 ] ] ] } },
{ "type": "Feature", "properties": { "species_id": "dusky-grasswren", "species_name": "Dusky Grasswren", "suitability": 0.55 }, "geometry": { "type": "Polygon", "coordinates": [ [ [ 121.931421099620664, -27.388432295045789 ], [ 121.924888686560578, -27.460421547378804 ], [ 121.952474556748655, -27.46231623490165 ], [ 121.948126751354692, -27.510309378758659 ], [ 121.975725399633546, -27.512199687943607 ], [ 121.973556011886018, -27.536196527070114 ], [ 121.945951440217385, -27.534305814000934 ], [ 121.943775189310244, -27.558302163632437 ], [ 121.888557020620425, -27.554504362359701 ], [ 121.886367974272986, -27.578499817530062 ], [ 121.996831789480652, -27.586076286271116 ], [ 122.003324985484852, -27.514084810132413 ], [ 122.058526959790044, -27.517839492486189 ], [ 122.054222802238584, -27.565835497603622 ], [ 122.164685314177291, -27.573285792990077 ], [ 122.188054705846739, -27.623135064368974 ], [ 122.215685431559052, -27.62498026126643 ], [ 122.264623400139925, -27.700657641099493 ], [ 122.292274699463064, -27.702488436838514 ], [ 122.288064547026991, -27.750490656844288 ], [ 122.341299144315215, -27.778140054108075 ], [ 122.337107353094197, -27.826143589021267 ], [ 122.392475862853829, -27.829772711261768 ], [ 122.396643816852034, -27.781767606935556 ], [ 122.424317508719938, -27.783573580674481 ], [ 122.420161475092215, -27.831579466441312 ], [ 122.503223710565976, -27.83696850518708 ], [ 122.509402770889963, -27.764956124885288 ], [ 122.537074090069439, -27.766740902998368 ], [ 122.532967528600651, -27.814749963425633 ], [ 122.56065165838811, -27.816530309094485 ], [ 122.566792289550079, -27.744515504468108 ], [ 122.511460674496121, -27.740951919518 ], [ 122.513517687480885, -27.716947667900232 ], [ 122.485859168949716, -27.715158460031006 ], [ 122.483796202959553, -27.739162325874794 ], [ 122.373147282937921, -27.731951949335595 ], [ 122.37731992457087, -27.683947272715127 ], [ 122.404968905744411, -27.685756886902389 ], [ 122.413279600283445, -27.589745262947417 ], [ 122.358030072927747, -27.586123948993016 ], [ 122.355941871368302, -27.610126177799607 ], [ 122.328312524559948, -27.608307341777294 ], [ 122.32412153070662, -27.656310812592487 ], [ 122.241203302356183, -27.650820787900823 ], [ 122.245429932806175, -27.602819673502694 ], [ 122.166814140847436, -27.549286238256347 ], [ 122.171069036166742, -27.501286879744502 ], [ 122.198669188531099, -27.503135290912386 ], [ 122.205026883531147, -27.431134386913264 ], [ 122.177444493002568, -27.429287157306053 ], [ 122.179567811348633, -27.405287050717231 ], [ 122.151992253277513, -27.403435030528094 ], [ 122.141336889810702, -27.52343260709193 ], [ 122.113732654035744, -27.52157342375579 ], [ 122.111592892300038, -27.545572266263854 ], [ 122.083983655044207, -27.543707496106673 ], [ 122.088274104796582, -27.495710520909224 ], [ 122.035237790529806, -27.467969188813576 ], [ 122.037392536732511, -27.443971267982544 ], [ 121.982227945474506, -27.440208618560114 ], [ 121.986558300912677, -27.392214070998833 ], [ 121.931421099620664, -27.388432295045789 ] ], [ [ 121.977893850744096, -27.488202759571713 ], [ 122.005487515125296, -27.490087479444849 ], [ 122.003324985484852, -27.514084810132413 ], [ 121.975725399633546, -27.512199687943607 ], [ 121.977893850744096, -27.488202759571713 ] ] ] } },
{ "type": "Feature", "properties": { "species_id": "dusky-grasswren", "species_name": "Dusky Grasswren", "suitability": 0.55 }, "geometry": { "type": "Polygon", "coordinates": [ [ [ 122.752458407195675, -27.852854521807181 ], [ 122.750450653113688, -27.876862028249679 ], [ 122.77815375674777, -27.878601485336336 ], [ 122.780155539338054, -27.854593601659847 ], [ 122.752458407195675, -27.852854521807181 ] ] ] } },
{ "type": "Feature", "properties": { "species_id": "dusky-grasswren", "species_name": "Dusky Grasswren", "suitability": 0.55 }, "geometry": { "type": "Polygon", "coordinates": [ [ [ 122.665320037243049, -27.895618753391112 ], [ 122.65923513260023, -27.967637697109232 ], [ 122.686959519276712, -27.969394305376927 ], [ 122.688982720466726, -27.945387619742718 ], [ 122.71670200528699, -27.947138634426739 ], [ 122.720733822779394, -27.899124469328591 ], [ 122.665320037243049, -27.895618753391112 ] ] ] } },
{ "type": "Feature", "properties": { "species_id": "dusky-grasswren", "species_name": "Dusky Grasswren", "suitability": 0.55 }, "geometry": { "type": "Polygon", "coordinates": [ [ [ 122.746432532943601, -27.924876982002171 ], [ 122.742410926327906, -27.972891884843712 ], [ 122.77013794156241, -27.974632855549704 ], [ 122.774147587247853, -27.926617194960805 ], [ 122.746432532943601, -27.924876982002171 ] ] ] } },
{ "type": "Feature", "properties": { "species_id": "dusky-grasswren", "species_name": "Dusky Grasswren", "suitability": 0.55 }, "geometry": { "type": "Polygon", "coordinates": [ [ [ 122.857297959372957, -27.931806567993043 ], [ 122.881054687233814, -27.981544605803983 ], [ 122.936518234898628, -27.984969197979115 ], [ 122.940456091371928, -27.9369490371556 ], [ 122.857297959372957, -27.931806567993043 ] ] ] } },
{ "type": "Feature", "properties": { "species_id": "dusky-grasswren", "species_name": "Dusky Grasswren", "suitability": 0.55 }, "geometry": { "type": "Polygon", "coordinates": [ [ [ 121.88417798188047, -27.602495194359815 ], [ 121.907427493018062, -27.652388855668196 ], [ 121.935060775818286, -27.654286788860464 ], [ 121.928515068278628, -27.726274561924082 ], [ 121.956167118176239, -27.728168524171142 ], [ 121.951810485856015, -27.776160921165467 ], [ 121.979475374949416, -27.778050501929997 ], [ 121.97512687563588, -27.826043541746927 ], [ 122.002804613997981, -27.827928738457043 ], [ 122.000634909230868, -27.851925612426182 ], [ 122.05600512160575, -27.855681214309396 ], [ 122.079385178393323, -27.905547313712145 ], [ 122.132642163687549, -27.933272141420247 ], [ 122.13049854313283, -27.957270955283906 ], [ 122.185925819515631, -27.960977741506742 ], [ 122.190188249629259, -27.912978486972513 ], [ 122.162486088932368, -27.911128502934194 ], [ 122.164621885515714, -27.887129252103293 ], [ 122.109232279404665, -27.883414471793913 ], [ 122.113524945898419, -27.835417507461372 ], [ 122.168890703198656, -27.839130677602224 ], [ 122.175287000006847, -27.76713257110336 ], [ 122.092293357810163, -27.76155862847212 ], [ 122.087994357782264, -27.809554993398034 ], [ 122.004973379307245, -27.803931830240309 ], [ 122.007141205767468, -27.779934883605421 ], [ 122.034807975763357, -27.781814065929222 ], [ 122.039128915986112, -27.733819229884794 ], [ 122.011474044573305, -27.731940858413545 ], [ 122.013639058133833, -27.707943771529592 ], [ 122.041287984068262, -27.709821738327797 ], [ 122.045603319199486, -27.661826587345033 ], [ 122.017966276603545, -27.659949428389162 ], [ 122.020128482724559, -27.63595216382247 ], [ 121.962695002374488, -27.656179528885939 ], [ 121.964869082403453, -27.632183073888086 ], [ 121.909613444519152, -27.628393214540907 ], [ 121.911798451282834, -27.604397503867865 ], [ 121.88417798188047, -27.602495194359815 ] ] ] } },
{ "type": "Feature", "properties": { "species_id": "dusky-grasswren", "species_name": "Dusky Grasswren", "suitability": 0.55 }, "geometry": { "type": "Polygon", "coordinates": [ [ [ 122.768131813738393, -27.998640677942543 ], [ 122.764116945300003, -28.046656327923692 ], [ 122.821605402007108, -28.026116315429054 ], [ 122.823600425101034, -28.002107735920347 ], [ 122.768131813738393, -27.998640677942543 ] ] ] } },
{ "type": "Feature", "properties": { "species_id": "dusky-grasswren", "species_name": "Dusky Grasswren", "suitability": 0.55 }, "geometry": { "type": "Polygon", "coordinates": [ [ [ 122.350133037884646, -27.995975086816991 ], [ 122.345936824905522, -28.043979095552704 ], [ 122.403501269837818, -28.023602103987496 ], [ 122.405586957835126, -27.999599309569614 ], [ 122.350133037884646, -27.995975086816991 ] ] ] } },
{ "type": "Feature", "properties": { "species_id": "dusky-grasswren", "species_name": "Dusky Grasswren", "suitability": 0.55 }, "geometry": { "type": "Polygon", "coordinates": [ [ [ 122.762108203553069, -28.070664163920217 ], [ 122.7600985893651, -28.094672012864379 ], [ 122.787856425779651, -28.096409667631335 ], [ 122.78986004479313, -28.072401438332367 ], [ 122.762108203553069, -28.070664163920217 ] ] ] } },
{ "type": "Feature", "properties": { "species_id": "dusky-grasswren", "species_name": "Dusky Grasswren", "suitability": 0.55 }, "geometry": { "type": "Polygon", "coordinates": [ [ [ 122.401414676553202, -28.047604900909725 ], [ 122.397238771767846, -28.095610519076654 ], [ 122.424991036939829, -28.097416390585185 ], [ 122.422907717064177, -28.121419615951577 ], [ 122.47842694836055, -28.12501649692117 ], [ 122.454820632071133, -28.075213441588712 ], [ 122.401414676553202, -28.047604900909725 ] ] ] } },
{ "type": "Feature", "properties": { "species_id": "dusky-grasswren", "species_name": "Dusky Grasswren", "suitability": 0.55 }, "geometry": { "type": "Polygon", "coordinates": [ [ [ 122.442348544247295, -28.21923539053865 ], [ 122.440266699407772, -28.24323915421628 ], [ 122.495847754963719, -28.246829542991613 ], [ 122.497917585474539, -28.222824988552169 ], [ 122.442348544247295, -28.21923539053865 ] ] ] } },
{ "type": "Feature", "properties": { "species_id": "dusky-grasswren", "species_name": "Dusky Grasswren", "suitability": 0.55 }, "geometry": { "type": "Polygon", "coordinates": [ [ [ 122.968430175708249, -28.276503957714539 ], [ 122.966461704094087, -28.300515103842962 ], [ 122.994274528973634, -28.302213989904889 ], [ 122.996236980234499, -28.27820246860357 ], [ 122.968430175708249, -28.276503957714539 ] ] ] } },
{ "type": "Feature", "properties": { "species_id": "dusky-grasswren", "species_name": "Dusky Grasswren", "suitability": 0.55 }, "geometry": { "type": "Polygon", "coordinates": [ [ [ 123.163095661702542, -28.288283725902357 ], [ 123.159242188038576, -28.336311281362473 ], [ 123.18706697079719, -28.33797392239811 ], [ 123.190908393428685, -28.28994563186416 ], [ 123.163095661702542, -28.288283725902357 ] ] ] } },
{ "type": "Feature", "properties": { "species_id": "dusky-grasswren", "species_name": "Dusky Grasswren", "suitability": 0.55 }, "geometry": { "type": "Polygon", "coordinates": [ [ [ 122.49170539254537, -28.294838783262037 ], [ 122.487559424352995, -28.342848226939267 ], [ 122.545253600746264, -28.322415334846703 ], [ 122.547314101636303, -28.298409851325395 ], [ 122.49170539254537, -28.294838783262037 ] ] ] } },
{ "type": "Feature", "properties": { "species_id": "dusky-grasswren", "species_name": "Dusky Grasswren", "suitability": 0.55 }, "geometry": { "type": "Polygon", "coordinates": [ [ [ 122.573065319304902, -28.324193421733334 ], [ 122.571009941126135, -28.348199354738821 ], [ 122.598828574986712, -28.349972605745727 ], [ 122.600877933018637, -28.325966280440621 ], [ 122.573065319304902, -28.324193421733334 ] ] ] } },
{ "type": "Feature", "properties": { "species_id": "dusky-grasswren", "species_name": "Dusky Grasswren", "suitability": 0.55 }, "geometry": { "type": "Polygon", "coordinates": [ [ [ 123.21297665500461, -28.363645935148476 ], [ 123.211059884456901, -28.387660606696013 ], [ 123.238898403113055, -28.389313514902661 ], [ 123.240809140553765, -28.365298476938243 ], [ 123.21297665500461, -28.363645935148476 ] ] ] } },
{ "type": "Feature", "properties": { "species_id": "dusky-grasswren", "species_name": "Dusky Grasswren", "suitability": 0.55 }, "geometry": { "type": "Polygon", "coordinates": [ [ [ 122.988382047546793, -28.374248901897165 ], [ 122.986416175998286, -28.398260669410885 ], [ 123.014253965572109, -28.399955826636727 ], [ 123.016213805821465, -28.375943683217638 ], [ 122.988382047546793, -28.374248901897165 ] ] ] } },
{ "type": "Feature", "properties": { "species_id": "dusky-grasswren", "species_name": "Dusky Grasswren", "suitability": 0.55 }, "geometry": { "type": "Polygon", "coordinates": [ [ [ 121.572427510029044, -28.25689057016417 ], [ 121.570155808084749, -28.280881636756277 ], [ 121.542372040356824, -28.278915077316434 ], [ 121.537813669744466, -28.326896473298557 ], [ 121.510018892064267, -28.324923823614828 ], [ 121.507732215029989, -28.348914158733713 ], [ 121.535532997238832, -28.350887244658793 ], [ 121.537813669744466, -28.326896473298557 ], [ 121.565609440096466, -28.328863901389102 ], [ 121.570155808084749, -28.280881636756277 ], [ 121.597940564618142, -28.28284297653947 ], [ 121.600206268467034, -28.258851477533149 ], [ 121.572427510029044, -28.25689057016417 ] ] ] } },
{ "type": "Feature", "properties": { "species_id": "dusky-grasswren", "species_name": "Dusky Grasswren", "suitability": 0.55 }, "geometry": { "type": "Polygon", "coordinates": [ [ [ 122.982481862942223, -28.446284425221272 ], [ 122.978544119545703, -28.494308503792855 ], [ 123.034268858099921, -28.497696595850261 ], [ 123.032310787829431, -28.521709522162762 ], [ 123.0601804853641, -28.523396085490521 ], [ 123.03622607488191, -28.473683759685951 ], [ 122.982481862942223, -28.446284425221272 ] ] ] } },
{ "type": "Feature", "properties": { "species_id": "dusky-grasswren", "species_name": "Dusky Grasswren", "suitability": 0.55 }, "geometry": { "type": "Polygon", "coordinates": [ [ [ 121.530968674599777, -28.39886895526276 ], [ 121.528685023173153, -28.422859902973666 ], [ 121.556504829697218, -28.424829074815769 ], [ 121.55878246821122, -28.400837690359133 ], [ 121.530968674599777, -28.39886895526276 ] ] ] } },
{ "type": "Feature", "properties": { "species_id": "dusky-grasswren", "species_name": "Dusky Grasswren", "suitability": 0.55 }, "geometry": { "type": "Polygon", "coordinates": [ [ [ 122.530804949884299, -28.490455526963832 ], [ 122.498803579093249, -28.536680835619642 ], [ 122.578285824612507, -28.590039930370043 ], [ 122.55865885987194, -28.492236378031926 ], [ 122.530804949884299, -28.490455526963832 ] ] ] } },
{ "type": "Feature", "properties": { "species_id": "dusky-grasswren", "species_name": "Dusky Grasswren", "suitability": 0.55 }, "geometry": { "type": "Polygon", "coordinates": [ [ [ 121.463855696440845, -28.514866869086354 ], [ 121.461555017460455, -28.53885731325612 ], [ 121.489402927705925, -28.540839139922262 ], [ 121.491697582148163, -28.516848254060278 ], [ 121.463855696440845, -28.514866869086354 ] ] ] } },
{ "type": "Feature", "properties": { "species_id": "dusky-grasswren", "species_name": "Dusky Grasswren", "suitability": 0.55 }, "geometry": { "type": "Polygon", "coordinates": [ [ [ 121.600804553782353, -28.548714130206164 ], [ 121.598533014262344, -28.572706861736911 ], [ 121.651991380124983, -28.60060753427798 ], [ 121.656511321564366, -28.552620231532423 ], [ 121.600804553782353, -28.548714130206164 ] ] ] } },
{ "type": "Feature", "properties": { "species_id": "dusky-grasswren", "species_name": "Dusky Grasswren", "suitability": 0.55 }, "geometry": { "type": "Polygon", "coordinates": [ [ [ 121.793566129081455, -28.586289665654832 ], [ 121.791335843468005, -28.610285528015893 ], [ 121.81920766800539, -28.612205417737997 ], [ 121.821431916165082, -28.588209126108289 ], [ 121.793566129081455, -28.586289665654832 ] ] ] } },
{ "type": "Feature", "properties": { "species_id": "dusky-grasswren", "species_name": "Dusky Grasswren", "suitability": 0.55 }, "geometry": { "type": "Polygon", "coordinates": [ [ [ 122.817195191106393, -28.749865208458363 ], [ 122.815185191671304, -28.773876708877442 ], [ 122.843115479002464, -28.775604203721034 ], [ 122.845119408165502, -28.751592314146187 ], [ 122.817195191106393, -28.749865208458363 ] ] ] } },
{ "type": "Feature", "properties": { "species_id": "dusky-grasswren", "species_name": "Dusky Grasswren", "suitability": 0.85 }, "geometry": { "type": "Polygon", "coordinates": [ [ [ 139.116147328495884, -30.382973939140186 ], [ 139.117728996844932, -30.407031555991551 ], [ 138.975818425667768, -30.413676764634243 ], [ 138.977369374676044, -30.437736439240023 ], [ 139.034148260762834, -30.43509375553095 ], [ 139.035712474577821, -30.459153248962501 ], [ 139.007317090213974, -30.460477584994695 ], [ 139.011995024796931, -30.532659819147362 ], [ 139.06882285532788, -30.53000386774108 ], [ 139.070396150722189, -30.554064913572422 ], [ 139.12723377637451, -30.551386902539893 ], [ 139.125647885844273, -30.527326506944089 ], [ 139.154059344135476, -30.525979798563835 ], [ 139.1492870259695, -30.453802419611364 ], [ 139.206070071122468, -30.451094916817738 ], [ 139.201266415471736, -30.37892364331223 ], [ 139.116147328495884, -30.382973939140186 ] ] ] } },
{ "type": "Feature", "properties": { "species_id": "dusky-grasswren", "species_name": "Dusky Grasswren", "suitability": 0.55 }, "geometry": { "type": "Polygon", "coordinates": [ [ [ 139.128820372243297, -30.575447777311965 ], [ 139.130407673920871, -30.59950913585746 ], [ 139.158838031153351, -30.59816144516407 ], [ 139.157244427044532, -30.574100414459789 ], [ 139.128820372243297, -30.575447777311965 ] ] ] } },
{ "type": "Feature", "properties": { "species_id": "dusky-grasswren", "species_name": "Dusky Grasswren", "suitability": 0.55 }, "geometry": { "type": "Polygon", "coordinates": [ [ [ 138.251515050695161, -30.686773320196281 ], [ 138.252908612840088, -30.710845719290781 ], [ 138.281378552826453, -30.709663288148345 ], [ 138.279978666104427, -30.685591178118152 ], [ 138.251515050695161, -30.686773320196281 ] ] ] } },
{ "type": "Feature", "properties": { "species_id": "dusky-grasswren", "species_name": "Dusky Grasswren", "suitability": 0.75 }, "geometry": { "type": "Polygon", "coordinates": [ [ [ 138.669486071898177, -30.524080861891093 ], [ 138.706856453491866, -30.667215417595557 ], [ 138.651429934235921, -30.693803467953668 ], [ 138.655880099872633, -30.766011243130333 ], [ 138.684360016006423, -30.764752785140203 ], [ 138.658850183665692, -30.814152365952928 ], [ 138.741317850600382, -30.762219768730972 ], [ 138.739814821557758, -30.738150922546069 ], [ 138.71134256422971, -30.739419803198288 ], [ 138.736810771384881, -30.690014776463812 ], [ 138.793727988015064, -30.687462168866599 ], [ 138.795242318227082, -30.711529361616613 ], [ 138.853697121611447, -30.733021750322667 ], [ 138.856754460520506, -30.781157449756947 ], [ 138.828272249129355, -30.782448422356389 ], [ 138.829795610813846, -30.806517373637689 ], [ 138.858284152097468, -30.805226084193496 ], [ 138.856754460520506, -30.781157449756947 ], [ 138.885235989664324, -30.779861110236453 ], [ 138.880632031018507, -30.707659288611996 ], [ 138.909093904984076, -30.70635853833609 ], [ 138.906015382228304, -30.658227185680637 ], [ 138.96136094831877, -30.631546591073253 ], [ 138.959810781505837, -30.607482801619469 ], [ 138.817627697341806, -30.613980206350288 ], [ 138.816109753092604, -30.589915326148123 ], [ 138.787677404226002, -30.591198421184231 ], [ 138.784656148281357, -30.543069496759234 ], [ 138.669486071898177, -30.524080861891093 ] ], [ [ 138.759244382328774, -30.592476159197709 ], [ 138.787677404226002, -30.591198421184231 ], [ 138.790701349607446, -30.639329299595111 ], [ 138.762255708096006, -30.640607660327291 ], [ 138.759244382328774, -30.592476159197709 ] ] ] } },
{ "type": "Feature", "properties": { "species_id": "dusky-grasswren", "species_name": "Dusky Grasswren", "suitability": 0.65 }, "geometry": { "type": "Polygon", "coordinates": [ [ [ 139.375273163832418, -30.008521851345865 ], [ 139.376906717495643, -30.032569996245869 ], [ 139.320346571048873, -30.035341035928298 ], [ 139.32196837252431, -30.059390219709854 ], [ 139.293680982290226, -30.060768079983255 ], [ 139.2969142548246, -30.108868263520602 ], [ 139.268613662846377, -30.11024145165603 ], [ 139.271837303353692, -30.158343868410764 ], [ 139.243523499492142, -30.159712380811872 ], [ 139.24513013809991, -30.183764519902677 ], [ 139.073625813459159, -30.167811478478317 ], [ 139.078335233021448, -30.239974946249017 ], [ 139.049997723527184, -30.241307087862083 ], [ 139.053128286479875, -30.289418799525897 ], [ 138.911367704730424, -30.296002607728955 ], [ 138.914438318067567, -30.344119207174128 ], [ 138.942804356021213, -30.342812497336059 ], [ 138.945890254917487, -30.390930229398172 ], [ 138.917511658400912, -30.392237569553028 ], [ 138.919049352325544, -30.416297423255259 ], [ 138.94743423228212, -30.414989767358929 ], [ 138.948978895532719, -30.439049759367109 ], [ 138.892195878941266, -30.441660355110898 ], [ 138.895262102492637, -30.489782983890166 ], [ 138.836930327375285, -30.468311265847753 ], [ 138.835410136474991, -30.444249556776615 ], [ 138.863803347052425, -30.442957630307863 ], [ 138.862277543810421, -30.418896693723628 ], [ 138.833890620808234, -30.420188307878256 ], [ 138.783146527727951, -30.519005755786214 ], [ 138.726317632035176, -30.521554016018694 ], [ 138.727814652049915, -30.545618375749932 ], [ 138.784656148281357, -30.543069496759234 ], [ 138.762255708096006, -30.640607660327291 ], [ 138.790701349607446, -30.639329299595111 ], [ 138.787677404226002, -30.591198421184231 ], [ 138.816109753092604, -30.589915326148123 ], [ 138.817627697341806, -30.613980206350288 ], [ 138.959810781505837, -30.607482801619469 ], [ 138.96136094831877, -30.631546591073253 ], [ 138.906015382228304, -30.658227185680637 ], [ 138.909093904984076, -30.70635853833609 ], [ 138.880632031018507, -30.707659288611996 ], [ 138.886772010677959, -30.803929426531742 ], [ 138.945295037445874, -30.82538821167978 ], [ 138.976900643133035, -30.872212493742165 ], [ 139.005404742436411, -30.870893392975287 ], [ 139.003841318738836, -30.846824766214166 ], [ 138.915259183746912, -30.80262740086475 ], [ 138.913716833754336, -30.778559404006984 ], [ 138.942196989984438, -30.777252331281485 ], [ 138.940649001449003, -30.753185178668144 ], [ 138.997594589058906, -30.750555579142809 ], [ 139.022934508010053, -30.70110191318506 ], [ 139.051392921559966, -30.699774351955885 ], [ 139.049821735532959, -30.675710031601167 ], [ 139.021369637451784, -30.677037268519324 ], [ 139.046681460956535, -30.627582896511349 ], [ 138.958261304243734, -30.583419502932792 ], [ 138.955164416534217, -30.535294359447512 ], [ 139.011995024796931, -30.532659819147362 ], [ 139.007317090213974, -30.460477584994695 ], [ 139.035712474577821, -30.459153248962501 ], [ 139.034148260762834, -30.43509375553095 ], [ 138.977369374676044, -30.437736439240023 ], [ 138.975818425667768, -30.413676764634243 ], [ 139.117728996844932, -30.407031555991551 ], [ 139.116147328495884, -30.382973939140186 ], [ 139.201266415471736, -30.37892364331223 ], [ 139.204468141415873, -30.427037372128485 ], [ 139.261235768384353, -30.424309139320481 ], [ 139.259621987345497, -30.400252708610676 ], [ 139.287998445247126, -30.398880904868587 ], [ 139.28476047893011, -30.350770049384739 ], [ 139.256396573936996, -30.352141191610482 ], [ 139.25317402224681, -30.304031436748275 ], [ 139.224821943905056, -30.305396579679112 ], [ 139.223218007268031, -30.281342023582344 ], [ 139.279908914729759, -30.278607055723285 ], [ 139.278293160828099, -30.25455358350111 ], [ 139.390001214738021, -30.22496919906887 ], [ 139.358406061028631, -30.178257164504416 ], [ 139.415039690456524, -30.175471492449713 ], [ 139.413395541059174, -30.151421336012405 ], [ 139.468357837833622, -30.124565923001459 ], [ 139.465048205795711, -30.076468938389223 ], [ 139.406826220045815, -30.055224682426353 ], [ 139.403545918732505, -30.007128675696219 ], [ 139.375273163832418, -30.008521851345865 ] ], [ [ 139.133425133070148, -30.213240391516202 ], [ 139.161754282292264, -30.211892562879974 ], [ 139.163343567254543, -30.235946500747758 ], [ 139.135008157647263, -30.237294652478685 ], [ 139.133425133070148, -30.213240391516202 ] ] ] } },
{ "type": "Feature", "properties": { "species_id": "dusky-grasswren", "species_name": "Dusky Grasswren", "suitability": 0.85 }, "geometry": { "type": "Polygon", "coordinates": [ [ [ 138.736810771384881, -30.690014776463812 ], [ 138.73831246196815, -30.714082593333359 ], [ 138.709846527925748, -30.715351163480243 ], [ 138.71134256422971, -30.739419803198288 ], [ 138.739814821557758, -30.738150922546069 ], [ 138.714336637236045, -30.78755863933381 ], [ 138.685851056720168, -30.78882277417781 ], [ 138.684360016006423, -30.764752785140203 ], [ 138.655880099872633, -30.766011243130333 ], [ 138.657364810804467, -30.790081540846629 ], [ 138.601863040369182, -30.816654408164123 ], [ 138.60333640348091, -30.840726380284028 ], [ 138.631836641521318, -30.839477737281324 ], [ 138.634798020760343, -30.887622683676646 ], [ 138.579240514803388, -30.914189730388177 ], [ 138.582180464024589, -30.962339200564976 ], [ 138.696306979226165, -30.957327713997536 ], [ 138.67075704918031, -31.006738510935392 ], [ 138.612190398594691, -30.985169662228575 ], [ 138.643698033922902, -31.032070785048234 ], [ 138.672248399359773, -31.030814292012792 ], [ 138.67075704918031, -31.006738510935392 ], [ 138.729347126296659, -31.028285161832155 ], [ 138.697803350287643, -30.981402049347029 ], [ 138.754875311282944, -30.978863414047026 ], [ 138.753366236993287, -30.954789706101828 ], [ 138.696306979226165, -30.957327713997536 ], [ 138.693316240217996, -30.909180717425901 ], [ 138.748843053273703, -30.882571916553829 ], [ 138.747336670250576, -30.858500415923061 ], [ 138.805861543916564, -30.880014294393451 ], [ 138.804342481992961, -30.855943423290682 ], [ 138.775839913710428, -30.857224605331332 ], [ 138.77281649137268, -30.809083847028749 ], [ 138.80130638963584, -30.807803294653031 ], [ 138.862877320784037, -30.877435182071888 ], [ 138.891384184515317, -30.876137567630032 ], [ 138.892922947586783, -30.900208027560016 ], [ 138.835895854253494, -30.902798522451651 ], [ 138.837422616561497, -30.926870168832384 ], [ 138.808901701518266, -30.928157673435202 ], [ 138.810422798103303, -30.952230190694337 ], [ 138.838950060359196, -30.950942368201034 ], [ 138.84353648525223, -31.023162330916708 ], [ 138.872082122060647, -31.021868172225087 ], [ 138.865942849434362, -30.925577289292665 ], [ 138.894462397318847, -30.92427903502897 ], [ 138.892922947586783, -30.900208027560016 ], [ 138.921435464641775, -30.898904720198558 ], [ 138.924527740087029, -30.947046644115407 ], [ 138.980016902866794, -30.920352026037651 ], [ 138.975343555447495, -30.848143542459148 ], [ 138.946845097294187, -30.849456948745747 ], [ 138.945295037445874, -30.82538821167978 ], [ 138.856754460520506, -30.781157449756947 ], [ 138.853697121611447, -30.733021750322667 ], [ 138.795242318227082, -30.711529361616613 ], [ 138.793727988015064, -30.687462168866599 ], [ 138.736810771384881, -30.690014776463812 ] ], [ [ 138.657364810804467, -30.790081540846629 ], [ 138.685851056720168, -30.78882277417781 ], [ 138.687342762169806, -30.812893290224761 ], [ 138.658850183665692, -30.814152365952928 ], [ 138.657364810804467, -30.790081540846629 ] ], [ [ 138.828272249129355, -30.782448422356389 ], [ 138.856754460520506, -30.781157449756947 ], [ 138.858284152097468, -30.805226084193496 ], [ 138.829795610813846, -30.806517373637689 ], [ 138.828272249129355, -30.782448422356389 ] ] ] } },
{ "type": "Feature", "properties": { "species_id": "dusky-grasswren", "species_name": "Dusky Grasswren", "suitability": 0.75 }, "geometry": { "type": "Polygon", "coordinates": [ [ [ 138.77281649137268, -30.809083847028749 ], [ 138.775839913710428, -30.857224605331332 ], [ 138.693316240217996, -30.909180717425901 ], [ 138.696306979226165, -30.957327713997536 ], [ 138.582180464024589, -30.962339200564976 ], [ 138.579240514803388, -30.914189730388177 ], [ 138.634798020760343, -30.887622683676646 ], [ 138.631836641521318, -30.839477737281324 ], [ 138.60333640348091, -30.840726380284028 ], [ 138.604810423785494, -30.864798889843417 ], [ 138.51928675391764, -30.868513503530519 ], [ 138.52074240350484, -30.892587470148818 ], [ 138.549257290276444, -30.891354334935425 ], [ 138.553647185093666, -30.963578627410563 ], [ 138.498030562608335, -30.990117835908741 ], [ 138.503844635442931, -31.086429512028523 ], [ 138.532411023273539, -31.085199318918626 ], [ 138.526571502456079, -30.988888862050924 ], [ 138.640728713419833, -30.983919170221533 ], [ 138.642213042120801, -31.007994692776276 ], [ 138.67075704918031, -31.006738510935392 ], [ 138.673740415910032, -31.054890647105921 ], [ 138.787960619341817, -31.049809603205372 ], [ 138.784926383259716, -31.001659984398906 ], [ 138.813467029112189, -31.00037690402177 ], [ 138.778866034063356, -30.90536752281562 ], [ 138.835895854253494, -30.902798522451651 ], [ 138.83436977297967, -30.878727424397127 ], [ 138.862877320784037, -30.877435182071888 ], [ 138.831319651714381, -30.830586854641204 ], [ 138.77281649137268, -30.809083847028749 ] ], [ [ 138.775839913710428, -30.857224605331332 ], [ 138.804342481992961, -30.855943423290682 ], [ 138.805861543916564, -30.880014294393451 ], [ 138.777352636409546, -30.88129579184924 ], [ 138.775839913710428, -30.857224605331332 ] ], [ [ 138.696306979226165, -30.957327713997536 ], [ 138.753366236993287, -30.954789706101828 ], [ 138.754875311282944, -30.978863414047026 ], [ 138.697803350287643, -30.981402049347029 ], [ 138.696306979226165, -30.957327713997536 ] ], [ [ 138.669266364925733, -30.98266329919181 ], [ 138.697803350287643, -30.981402049347029 ], [ 138.69930038964992, -31.005476948968042 ], [ 138.67075704918031, -31.006738510935392 ], [ 138.669266364925733, -30.98266329919181 ] ], [ [ 138.69930038964992, -31.005476948968042 ], [ 138.727843060703435, -31.004210007082946 ], [ 138.729347126296659, -31.028285161832155 ], [ 138.700798097760355, -31.029552417537698 ], [ 138.69930038964992, -31.005476948968042 ] ] ] } },
{ "type": "Feature", "properties": { "species_id": "dusky-grasswren", "species_name": "Dusky Grasswren", "suitability": 0.65 }, "geometry": { "type": "Polygon", "coordinates": [ [ [ 138.83436977297967, -30.878727424397127 ], [ 138.835895854253494, -30.902798522451651 ], [ 138.778866034063356, -30.90536752281562 ], [ 138.781894856041077, -30.953512636731794 ], [ 138.810422798103303, -30.952230190694337 ], [ 138.787960619341817, -31.049809603205372 ], [ 138.673740415910032, -31.054890647105921 ], [ 138.672248399359773, -31.030814292012792 ], [ 138.586595313254378, -31.034567625968641 ], [ 138.589541834805033, -31.082722777586742 ], [ 138.560976757338835, -31.083963740702927 ], [ 138.562444637864274, -31.108042499372768 ], [ 138.591016083521652, -31.106801227864075 ], [ 138.593966559044759, -31.154959900838843 ], [ 138.62255008882434, -31.153712622747566 ], [ 138.625515960088109, -31.201873068209711 ], [ 138.568322728203526, -31.204363477292031 ], [ 138.566852219502351, -31.180282331914164 ], [ 138.538260993907727, -31.181519140698732 ], [ 138.545588194997862, -31.301932546109661 ], [ 138.574211348884234, -31.300694190551493 ], [ 138.571265720485002, -31.25252759812664 ], [ 138.657092873091074, -31.248782026839379 ], [ 138.658584520392424, -31.272864074549382 ], [ 138.715812058728659, -31.270339427529862 ], [ 138.720329363575587, -31.342587419392167 ], [ 138.691696754293275, -31.343853391733159 ], [ 138.693197474424039, -31.367937637106838 ], [ 138.721836481361748, -31.366671346815284 ], [ 138.720329363575587, -31.342587419392167 ], [ 138.779112463837265, -31.364122567108449 ], [ 138.776073321122794, -31.315956626181492 ], [ 138.74744846004549, -31.317233074970119 ], [ 138.742914011664283, -31.244987913689734 ], [ 138.800124724982311, -31.242431540043398 ], [ 138.795558084656079, -31.170193832448405 ], [ 138.824143282756978, -31.16890851952347 ], [ 138.819563655224954, -31.096677176850783 ], [ 138.790997567916406, -31.097961530609421 ], [ 138.789478754340479, -31.073885275988804 ], [ 138.84659751766614, -31.071311823326965 ], [ 138.838950060359196, -30.950942368201034 ], [ 138.810422798103303, -30.952230190694337 ], [ 138.808901701518266, -30.928157673435202 ], [ 138.837422616561497, -30.926870168832384 ], [ 138.835895854253494, -30.902798522451651 ], [ 138.892922947586783, -30.900208027560016 ], [ 138.891384184515317, -30.876137567630032 ], [ 138.83436977297967, -30.878727424397127 ] ] ] } },
{ "type": "Feature", "properties": { "species_id": "dusky-grasswren", "species_name": "Dusky Grasswren", "suitability": 0.55 }, "geometry": { "type": "Polygon", "coordinates": [ [ [ 138.449883321514704, -31.619997870275075 ], [ 138.48150650407797, -31.666965957635803 ], [ 138.510227855513904, -31.66573915638924 ], [ 138.508764070290368, -31.641644695320068 ], [ 138.449883321514704, -31.619997870275075 ] ] ] } },
{ "type": "Feature", "properties": { "species_id": "dusky-grasswren", "species_name": "Dusky Grasswren", "suitability": 0.75 }, "geometry": { "type": "Polygon", "coordinates": [ [ [ 138.451333583315488, -31.644092257634938 ], [ 138.454236062687386, -31.692283125254875 ], [ 138.482964508793799, -31.691061430998197 ], [ 138.480049154456509, -31.642871184726324 ], [ 138.451333583315488, -31.644092257634938 ] ] ] } },
{ "type": "Feature", "properties": { "species_id": "dusky-grasswren", "species_name": "Dusky Grasswren", "suitability": 0.65 }, "geometry": { "type": "Polygon", "coordinates": [ [ [ 138.454236062687386, -31.692283125254875 ], [ 138.4556882811371, -31.71637961512911 ], [ 138.484423169045442, -31.715157609622491 ], [ 138.482964508793799, -31.691061430998197 ], [ 138.454236062687386, -31.692283125254875 ] ] ] } },
{ "type": "Feature", "properties": { "species_id": "dusky-grasswren", "species_name": "Dusky Grasswren", "suitability": 0.55 }, "geometry": { "type": "Polygon", "coordinates": [ [ [ 139.065335943858827, -31.785945204640761 ], [ 139.09727775293203, -31.832794543889936 ], [ 139.126036179378815, -31.831451280063913 ], [ 139.12443159183627, -31.807358013499677 ], [ 139.065335943858827, -31.785945204640761 ] ] ] } },
{ "type": "Feature", "properties": { "species_id": "dusky-grasswren", "species_name": "Dusky Grasswren", "suitability": 0.55 }, "geometry": { "type": "Polygon", "coordinates": [ [ [ 138.980664537510989, -31.814018384349076 ], [ 138.982236875752193, -31.838113355594185 ], [ 138.953474878051253, -31.839429496474082 ], [ 138.955041469871816, -31.86352553718466 ], [ 139.01099816497964, -31.836791789667497 ], [ 139.009419375915286, -31.812697156627614 ], [ 138.980664537510989, -31.814018384349076 ] ] ] } },
{ "type": "Feature", "properties": { "species_id": "dusky-grasswren", "species_name": "Dusky Grasswren", "suitability": 0.75 }, "geometry": { "type": "Polygon", "coordinates": [ [ [ 139.009419375915286, -31.812697156627614 ], [ 138.983809921760098, -31.862209059049324 ], [ 139.012577664696835, -31.860887154499405 ], [ 139.01099816497964, -31.836791789667497 ], [ 139.070111012152125, -31.85822706706951 ], [ 139.038173503436497, -31.811370505453073 ], [ 139.009419375915286, -31.812697156627614 ] ] ] } },
{ "type": "Feature", "properties": { "species_id": "dusky-grasswren", "species_name": "Dusky Grasswren", "suitability": 0.85 }, "geometry": { "type": "Polygon", "coordinates": [ [ [ 139.038173503436497, -31.811370505453073 ], [ 139.012577664696835, -31.860887154499405 ], [ 139.041344695791054, -31.859559823763142 ], [ 139.039758742844441, -31.835464798921873 ], [ 139.09727775293203, -31.832794543889936 ], [ 139.095679614283057, -31.808700933659267 ], [ 139.038173503436497, -31.811370505453073 ] ] ] } },
{ "type": "Feature", "properties": { "species_id": "dusky-grasswren", "species_name": "Dusky Grasswren", "suitability": 0.65 }, "geometry": { "type": "Polygon", "coordinates": [ [ [ 139.068518606457985, -31.83413238358613 ], [ 139.070111012152125, -31.85822706706951 ], [ 139.098876610889931, -31.856888884648665 ], [ 139.09727775293203, -31.832794543889936 ], [ 139.068518606457985, -31.83413238358613 ] ] ] } },
{ "type": "Feature", "properties": { "species_id": "dusky-grasswren", "species_name": "Dusky Grasswren", "suitability": 0.55 }, "geometry": { "type": "Polygon", "coordinates": [ [ [ 139.012577664696835, -31.860887154499405 ], [ 139.014157875546374, -31.884983255961224 ], [ 139.071704134753588, -31.882322486340676 ], [ 139.070111012152125, -31.85822706706951 ], [ 139.012577664696835, -31.860887154499405 ] ] ] } },
{ "type": "Feature", "properties": { "species_id": "dusky-grasswren", "species_name": "Dusky Grasswren", "suitability": 0.55 }, "geometry": { "type": "Polygon", "coordinates": [ [ [ 137.957121307569849, -32.074952088335493 ], [ 137.958466560189038, -32.099065213107522 ], [ 137.987309863027775, -32.097936469783228 ], [ 137.985958117438315, -32.073823637068621 ], [ 137.957121307569849, -32.074952088335493 ] ] ] } },
{ "type": "Feature", "properties": { "species_id": "dusky-grasswren", "species_name": "Dusky Grasswren", "suitability": 0.65 }, "geometry": { "type": "Polygon", "coordinates": [ [ [ 137.985958117438315, -32.073823637068621 ], [ 137.959812420081505, -32.123179127901118 ], [ 138.018870871101655, -32.145029732863406 ], [ 138.01751140632166, -32.120915610104369 ], [ 137.988662218808656, -32.122050092157949 ], [ 138.014794316918994, -32.07268974227749 ], [ 137.985958117438315, -32.073823637068621 ] ] ] } },
{ "type": "Feature", "properties": { "species_id": "dusky-grasswren", "species_name": "Dusky Grasswren", "suitability": 0.75 }, "geometry": { "type": "Polygon", "coordinates": [ [ [ 137.987309863027775, -32.097936469783228 ], [ 137.988662218808656, -32.122050092157949 ], [ 137.959812420081505, -32.123179127901118 ], [ 137.961158887658115, -32.147293837617454 ], [ 138.01751140632166, -32.120915610104369 ], [ 138.01615255506573, -32.096802281542466 ], [ 137.987309863027775, -32.097936469783228 ] ] ] } },
{ "type": "Feature", "properties": { "species_id": "dusky-grasswren", "species_name": "Dusky Grasswren", "suitability": 0.55 }, "geometry": { "type": "Polygon", "coordinates": [ [ [ 137.99001518519384, -32.146164509093524 ], [ 137.991368762596721, -32.170279725495455 ], [ 138.02023094982107, -32.169144654724654 ], [ 138.018870871101655, -32.145029732863406 ], [ 137.99001518519384, -32.146164509093524 ] ] ] } },
{ "type": "Feature", "properties": { "species_id": "dusky-grasswren", "species_name": "Dusky Grasswren", "suitability": 0.85 }, "geometry": { "type": "Polygon", "coordinates": [ [ [ 137.961158887658115, -32.147293837617454 ], [ 137.963853647509893, -32.195525661447846 ], [ 137.992722951430949, -32.194395746274481 ], [ 137.99001518519384, -32.146164509093524 ], [ 137.961158887658115, -32.147293837617454 ] ] ] } },
{ "type": "Feature", "properties": { "species_id": "dusky-grasswren", "species_name": "Dusky Grasswren", "suitability": 0.55 }, "geometry": { "type": "Polygon", "coordinates": [ [ [ 137.933642554948989, -32.172533519527903 ], [ 137.934983734061291, -32.196650125919739 ], [ 137.963853647509893, -32.195525661447846 ], [ 137.962505963330358, -32.171409347162651 ], [ 137.933642554948989, -32.172533519527903 ] ] ] } },
{ "type": "Feature", "properties": { "species_id": "dusky-grasswren", "species_name": "Dusky Grasswren", "suitability": 0.65 }, "geometry": { "type": "Polygon", "coordinates": [ [ [ 138.481940320756422, -32.150242609825419 ], [ 138.483405023696889, -32.174353427172136 ], [ 138.512262855642007, -32.173125434256676 ], [ 138.510791655808788, -32.149014935555087 ], [ 138.481940320756422, -32.150242609825419 ] ] ] } },
{ "type": "Feature", "properties": { "species_id": "dusky-grasswren", "species_name": "Dusky Grasswren", "suitability": 0.75 }, "geometry": { "type": "Polygon", "coordinates": [ [ [ 137.963853647509893, -32.195525661447846 ], [ 137.965201940608864, -32.219642785389212 ], [ 137.994077752110627, -32.218512576346313 ], [ 137.992722951430949, -32.194395746274481 ], [ 137.963853647509893, -32.195525661447846 ] ] ] } },
{ "type": "Feature", "properties": { "species_id": "dusky-grasswren", "species_name": "Dusky Grasswren", "suitability": 0.55 }, "geometry": { "type": "Polygon", "coordinates": [ [ [ 138.454546529561952, -32.175575973105822 ], [ 138.456005393771477, -32.199687910947766 ], [ 138.513734719923434, -32.19723673541538 ], [ 138.512262855642007, -32.173125434256676 ], [ 138.454546529561952, -32.175575973105822 ] ] ] } },
{ "type": "Feature", "properties": { "species_id": "dusky-grasswren", "species_name": "Dusky Grasswren", "suitability": 0.55 }, "geometry": { "type": "Polygon", "coordinates": [ [ [ 138.860053951339893, -32.182072098008206 ], [ 138.861604477596046, -32.206180264438352 ], [ 138.890466425852082, -32.20488080598426 ], [ 138.888909402875498, -32.180772977126026 ], [ 138.860053951339893, -32.182072098008206 ] ] ] } },
{ "type": "Feature", "properties": { "species_id": "dusky-grasswren", "species_name": "Dusky Grasswren", "suitability": 0.55 }, "geometry": { "type": "Polygon", "coordinates": [ [ [ 138.803878480732124, -32.20876284044261 ], [ 138.805416706681598, -32.232872486073234 ], [ 138.776546162859688, -32.234155936973508 ], [ 138.778078579857663, -32.258266729974011 ], [ 138.834286554784001, -32.231583586431348 ], [ 138.832741828249112, -32.207474276000262 ], [ 138.803878480732124, -32.20876284044261 ] ] ] } },
{ "type": "Feature", "properties": { "species_id": "dusky-grasswren", "species_name": "Dusky Grasswren", "suitability": 0.65 }, "geometry": { "type": "Polygon", "coordinates": [ [ [ 138.832741828249112, -32.207474276000262 ], [ 138.834286554784001, -32.231583586431348 ], [ 138.778078579857663, -32.258266729974011 ], [ 138.779611689429004, -32.282378341462611 ], [ 138.808495244127499, -32.28109422171449 ], [ 138.806955627656492, -32.256982944856617 ], [ 138.864707631756829, -32.254399024432303 ], [ 138.866260260610318, -32.278509627831717 ], [ 138.895141716540735, -32.277209154152921 ], [ 138.890466425852082, -32.20488080598426 ], [ 138.832741828249112, -32.207474276000262 ] ] ] } },
{ "type": "Feature", "properties": { "species_id": "dusky-grasswren", "species_name": "Dusky Grasswren", "suitability": 0.65 }, "geometry": { "type": "Polygon", "coordinates": [ [ [ 137.940354514547892, -32.293124700908855 ], [ 137.941698727734206, -32.317245406658358 ], [ 137.970601210454248, -32.316119476218141 ], [ 137.969250477549053, -32.291999064388555 ], [ 137.940354514547892, -32.293124700908855 ] ] ] } },
{ "type": "Feature", "properties": { "species_id": "dusky-grasswren", "species_name": "Dusky Grasswren", "suitability": 0.75 }, "geometry": { "type": "Polygon", "coordinates": [ [ [ 138.720329363575587, -31.342587419392167 ], [ 138.721836481361748, -31.366671346815284 ], [ 138.635917443421306, -31.370454017499625 ], [ 138.637406033838431, -31.394539535576648 ], [ 138.608758613625128, -31.395789939583537 ], [ 138.61320916835507, -31.468051331518353 ], [ 138.498535959788995, -31.47300266681011 ], [ 138.501454998266155, -31.521182723023362 ], [ 138.472772217342936, -31.522407658990083 ], [ 138.47422629809995, -31.546499001603994 ], [ 138.502915500265061, -31.545273755715996 ], [ 138.505838471988454, -31.593457854174435 ], [ 138.564715932706122, -31.615082329027803 ], [ 138.566191924521974, -31.639175467853772 ], [ 138.623617122984939, -31.636684576923766 ], [ 138.622128268834985, -31.612592070499318 ], [ 138.681039642660409, -31.634172024232221 ], [ 138.682542032117937, -31.658264585755411 ], [ 138.599356125507654, -31.710215383934429 ], [ 138.600841216026993, -31.734311012467273 ], [ 138.629579234381424, -31.733061587741947 ], [ 138.632564313276646, -31.781254351563081 ], [ 138.661314552772069, -31.779998865156635 ], [ 138.662814550251085, -31.804096007542398 ], [ 138.634057860106054, -31.805351814944977 ], [ 138.638542535559793, -31.877648588953591 ], [ 138.60976580190777, -31.878899932645066 ], [ 138.618714531589461, -32.023515577429883 ], [ 138.589898304415328, -32.024763416800141 ], [ 138.591385633027187, -32.048869018363042 ], [ 138.620208340725185, -32.047620856773072 ], [ 138.623197980966012, -32.095833749513396 ], [ 138.652032983013044, -32.094579500564954 ], [ 138.656541980266468, -32.166903772528521 ], [ 138.569976521275379, -32.170653108343444 ], [ 138.571461383827483, -32.194763767237191 ], [ 138.542598386118243, -32.196002975298711 ], [ 138.55000023066242, -32.316570081898831 ], [ 138.60779062917095, -32.31408298077735 ], [ 138.661057088856921, -32.239235248656961 ], [ 138.718802999752512, -32.236706491647183 ], [ 138.717284278375928, -32.212595848793107 ], [ 138.775014437966377, -32.210045957539059 ], [ 138.773483404709339, -32.1859367867538 ], [ 138.802340949337719, -32.184654003048571 ], [ 138.796197759920148, -32.088226637686432 ], [ 138.825028648246672, -32.086939743037441 ], [ 138.818870619211538, -31.990526245878748 ], [ 138.790065645870897, -31.991811812105091 ], [ 138.787003732762685, -31.943609004105333 ], [ 138.843044253158666, -31.916934155335944 ], [ 138.83841986030896, -31.844639805 ], [ 138.894395785873087, -31.817949524523719 ], [ 138.862547159203075, -31.771058617620852 ], [ 138.747561207919404, -31.776199866469877 ], [ 138.746042544510203, -31.752104416263538 ], [ 138.717300785965136, -31.753375847493452 ], [ 138.715789248884533, -31.729280789165927 ], [ 138.744524563918674, -31.728009682228212 ], [ 138.743007265684838, -31.703915659545192 ], [ 138.714278391281283, -31.705186442591014 ], [ 138.739974714452472, -31.65572972898563 ], [ 138.711258712676653, -31.656999865446117 ], [ 138.708241746495077, -31.608816077600789 ], [ 138.679537927979112, -31.61008015562906 ], [ 138.676536521129094, -31.561898478003783 ], [ 138.647844879083578, -31.563156504381318 ], [ 138.643367073986923, -31.490888111055344 ], [ 138.732405245512183, -31.535277014864079 ], [ 138.733917780086841, -31.559366192603136 ], [ 138.791296319734442, -31.556812265112697 ], [ 138.786722249803319, -31.48454868241765 ], [ 138.869642754306, -31.432509700787023 ], [ 138.863482217029031, -31.336176585322697 ], [ 138.806223125646028, -31.338757112563144 ], [ 138.80774943366734, -31.36284007812262 ], [ 138.750474812117488, -31.365399656744334 ], [ 138.74896129712991, -31.341316048607339 ], [ 138.720329363575587, -31.342587419392167 ] ] ] } },
{ "type": "Feature", "properties": { "species_id": "dusky-grasswren", "species_name": "Dusky Grasswren", "suitability": 0.55 }, "geometry": { "type": "Polygon", "coordinates": [ [ [ 137.965201940608864, -32.219642785389212 ], [ 137.967900355215392, -32.267879481930734 ], [ 137.939010908998881, -32.269004824894722 ], [ 137.940354514547892, -32.293124700908855 ], [ 137.969250477549053, -32.291999064388555 ], [ 137.971952554345052, -32.340240722361052 ], [ 138.000860947709782, -32.339109038502443 ], [ 137.994077752110627, -32.218512576346313 ], [ 137.965201940608864, -32.219642785389212 ] ] ] } },
{ "type": "Feature", "properties": { "species_id": "dusky-grasswren", "species_name": "Dusky Grasswren", "suitability": 0.55 }, "geometry": { "type": "Polygon", "coordinates": [ [ [ 138.750727440995831, -32.283657009446337 ], [ 138.75225473331534, -32.307769777994118 ], [ 138.781145492042896, -32.306490776366395 ], [ 138.779611689429004, -32.282378341462611 ], [ 138.750727440995831, -32.283657009446337 ] ] ] } },
{ "type": "Feature", "properties": { "species_id": "dusky-grasswren", "species_name": "Dusky Grasswren", "suitability": 0.55 }, "geometry": { "type": "Polygon", "coordinates": [ [ [ 138.866260260610318, -32.278509627831717 ], [ 138.867813591279145, -32.302621053398383 ], [ 138.896701555611912, -32.301320240473153 ], [ 138.895141716540735, -32.277209154152921 ], [ 138.866260260610318, -32.278509627831717 ] ] ] } },
{ "type": "Feature", "properties": { "species_id": "dusky-grasswren", "species_name": "Dusky Grasswren", "suitability": 0.75 }, "geometry": { "type": "Polygon", "coordinates": [ [ [ 138.806955627656492, -32.256982944856617 ], [ 138.808495244127499, -32.28109422171449 ], [ 138.779611689429004, -32.282378341462611 ], [ 138.782679988168951, -32.330604039617526 ], [ 138.811576565442778, -32.329319249364396 ], [ 138.810035556565737, -32.305206321573181 ], [ 138.867813591279145, -32.302621053398383 ], [ 138.864707631756829, -32.254399024432303 ], [ 138.806955627656492, -32.256982944856617 ] ] ] } },
{ "type": "Feature", "properties": { "species_id": "dusky-grasswren", "species_name": "Dusky Grasswren", "suitability": 0.75 }, "geometry": { "type": "Polygon", "coordinates": [ [ [ 137.941698727734206, -32.317245406658358 ], [ 137.944388978667064, -32.365489327136899 ], [ 137.973304509635739, -32.364362807764095 ], [ 137.970601210454248, -32.316119476218141 ], [ 137.941698727734206, -32.317245406658358 ] ] ] } },
{ "type": "Feature", "properties": { "species_id": "dusky-grasswren", "species_name": "Dusky Grasswren", "suitability": 0.55 }, "geometry": { "type": "Polygon", "coordinates": [ [ [ 138.405512547554537, -32.322692369339578 ], [ 138.40696233582068, -32.346809865792629 ], [ 138.435867715058862, -32.345596002302749 ], [ 138.434411408079171, -32.321478823047407 ], [ 138.405512547554537, -32.322692369339578 ] ] ] } },
{ "type": "Feature", "properties": { "species_id": "dusky-grasswren", "species_name": "Dusky Grasswren", "suitability": 0.65 }, "geometry": { "type": "Polygon", "coordinates": [ [ [ 138.75225473331534, -32.307769777994118 ], [ 138.753782716219916, -32.331883375302269 ], [ 138.782679988168951, -32.330604039617526 ], [ 138.781145492042896, -32.306490776366395 ], [ 138.75225473331534, -32.307769777994118 ] ] ] } },
{ "type": "Feature", "properties": { "species_id": "dusky-grasswren", "species_name": "Dusky Grasswren", "suitability": 0.65 }, "geometry": { "type": "Polygon", "coordinates": [ [ [ 138.810035556565737, -32.305206321573181 ], [ 138.811576565442778, -32.329319249364396 ], [ 138.840472445109782, -32.328029004770116 ], [ 138.838924923954181, -32.303916413841257 ], [ 138.810035556565737, -32.305206321573181 ] ] ] } },
{ "type": "Feature", "properties": { "species_id": "dusky-grasswren", "species_name": "Dusky Grasswren", "suitability": 0.55 }, "geometry": { "type": "Polygon", "coordinates": [ [ [ 137.944388978667064, -32.365489327136899 ], [ 137.945735017238746, -32.389612551765616 ], [ 137.974657076741096, -32.388485737379206 ], [ 137.973304509635739, -32.364362807764095 ], [ 137.944388978667064, -32.365489327136899 ] ] ] } },
{ "type": "Feature", "properties": { "species_id": "dusky-grasswren", "species_name": "Dusky Grasswren", "suitability": 0.75 }, "geometry": { "type": "Polygon", "coordinates": [ [ [ 138.378056300055448, -32.348018271846897 ], [ 138.379500222100859, -32.372136923009059 ], [ 138.437324680844625, -32.369714019692502 ], [ 138.435867715058862, -32.345596002302749 ], [ 138.378056300055448, -32.348018271846897 ] ] ] } },
{ "type": "Feature", "properties": { "species_id": "dusky-grasswren", "species_name": "Dusky Grasswren", "suitability": 0.55 }, "geometry": { "type": "Polygon", "coordinates": [ [ [ 138.349149610700522, -32.349221220251621 ], [ 138.352025060162902, -32.397459996379595 ], [ 138.380944797526723, -32.396256418039492 ], [ 138.378056300055448, -32.348018271846897 ], [ 138.349149610700522, -32.349221220251621 ] ] ] } },
{ "type": "Feature", "properties": { "species_id": "dusky-grasswren", "species_name": "Dusky Grasswren", "suitability": 0.55 }, "geometry": { "type": "Polygon", "coordinates": [ [ [ 138.753782716219916, -32.331883375302269 ], [ 138.75531139017761, -32.355997806308771 ], [ 138.813118271230621, -32.353433010024901 ], [ 138.814660674401694, -32.377547608496521 ], [ 138.843569587412333, -32.376256688925537 ], [ 138.811576565442778, -32.329319249364396 ], [ 138.753782716219916, -32.331883375302269 ] ] ] } },
{ "type": "Feature", "properties": { "species_id": "dusky-grasswren", "species_name": "Dusky Grasswren", "suitability": 0.85 }, "geometry": { "type": "Polygon", "coordinates": [ [ [ 138.408412779958866, -32.370928200773001 ], [ 138.409863880413894, -32.395047379229915 ], [ 138.438782305883166, -32.393832880165512 ], [ 138.437324680844625, -32.369714019692502 ], [ 138.408412779958866, -32.370928200773001 ] ] ] } },
{ "type": "Feature", "properties": { "species_id": "dusky-grasswren", "species_name": "Dusky Grasswren", "suitability": 0.65 }, "geometry": { "type": "Polygon", "coordinates": [ [ [ 138.814660674401694, -32.377547608496521 ], [ 138.816203775428846, -32.401663049726366 ], [ 138.84511920950851, -32.400371792039955 ], [ 138.843569587412333, -32.376256688925537 ], [ 138.814660674401694, -32.377547608496521 ] ] ] } },
{ "type": "Feature", "properties": { "species_id": "dusky-grasswren", "species_name": "Dusky Grasswren", "suitability": 0.55 }, "geometry": { "type": "Polygon", "coordinates": [ [ [ 138.787287642322411, -32.402948848853683 ], [ 138.788824917201566, -32.427065474918585 ], [ 138.846669532868106, -32.424487742445848 ], [ 138.84511920950851, -32.400371792039955 ], [ 138.787287642322411, -32.402948848853683 ] ] ] } },
{ "type": "Feature", "properties": { "species_id": "dusky-grasswren", "species_name": "Dusky Grasswren", "suitability": 0.85 }, "geometry": { "type": "Polygon", "coordinates": [ [ [ 138.00902106018836, -32.483852531447873 ], [ 138.010383235448018, -32.507979458314637 ], [ 138.03933674898812, -32.506840225465247 ], [ 138.037968031300636, -32.482713598288626 ], [ 138.00902106018836, -32.483852531447873 ] ] ] } },
{ "type": "Feature", "properties": { "species_id": "dusky-grasswren", "species_name": "Dusky Grasswren", "suitability": 0.55 }, "geometry": { "type": "Polygon", "coordinates": [ [ [ 138.035232454884323, -32.434462943885556 ], [ 137.981429104028877, -32.509113222314539 ], [ 138.037968031300636, -32.482713598288626 ], [ 138.040706086889628, -32.53096772593301 ], [ 138.069665524553727, -32.529822722952666 ], [ 138.064165730416789, -32.433319144607147 ], [ 138.035232454884323, -32.434462943885556 ] ] ] } },
{ "type": "Feature", "properties": { "species_id": "dusky-grasswren", "species_name": "Dusky Grasswren", "suitability": 0.65 }, "geometry": { "type": "Polygon", "coordinates": [ [ [ 137.981429104028877, -32.509113222314539 ], [ 137.982785350752181, -32.53324132148223 ], [ 138.011746027970332, -32.532107258844135 ], [ 138.010383235448018, -32.507979458314637 ], [ 137.981429104028877, -32.509113222314539 ] ] ] } },
{ "type": "Feature", "properties": { "species_id": "dusky-grasswren", "species_name": "Dusky Grasswren", "suitability": 0.95 }, "geometry": { "type": "Polygon", "coordinates": [ [ [ 138.010383235448018, -32.507979458314637 ], [ 138.011746027970332, -32.532107258844135 ], [ 138.040706086889628, -32.53096772593301 ], [ 138.03933674898812, -32.506840225465247 ], [ 138.010383235448018, -32.507979458314637 ] ] ] } },
{ "type": "Feature", "properties": { "species_id": "dusky-grasswren", "species_name": "Dusky Grasswren", "suitability": 0.65 }, "geometry": { "type": "Polygon", "coordinates": [ [ [ 138.040706086889628, -32.53096772593301 ], [ 138.042076045426484, -32.555096104679265 ], [ 138.071042031001042, -32.553950799840116 ], [ 138.069665524553727, -32.529822722952666 ], [ 138.040706086889628, -32.53096772593301 ] ] ] } },
{ "type": "Feature", "properties": { "species_id": "dusky-grasswren", "species_name": "Dusky Grasswren", "suitability": 0.85 }, "geometry": { "type": "Polygon", "coordinates": [ [ [ 138.011746027970332, -32.532107258844135 ], [ 138.014473466480609, -32.580365500847805 ], [ 138.043446625020437, -32.579225366696676 ], [ 138.040706086889628, -32.53096772593301 ], [ 138.011746027970332, -32.532107258844135 ] ] ] } },
{ "type": "Feature", "properties": { "species_id": "dusky-grasswren", "species_name": "Dusky Grasswren", "suitability": 0.75 }, "geometry": { "type": "Polygon", "coordinates": [ [ [ 138.665578321206198, -32.311574061630097 ], [ 138.612278888260477, -32.386431232563439 ], [ 138.555933765093613, -32.413038706567022 ], [ 138.560390969310703, -32.485399097477746 ], [ 138.589332182266617, -32.484155996232644 ], [ 138.566343336215994, -32.581891770237405 ], [ 138.595310714955076, -32.58064735835714 ], [ 138.592320094341176, -32.532399925574111 ], [ 138.651734693825404, -32.55401862797202 ], [ 138.645706566291295, -32.457533394371175 ], [ 138.674639207036563, -32.456274230888219 ], [ 138.671616178384966, -32.408037455223578 ], [ 138.700535078219445, -32.406773492604536 ], [ 138.697501740276095, -32.358540777795859 ], [ 138.726406909865773, -32.357272020264823 ], [ 138.723363283313006, -32.309043326230402 ], [ 138.665578321206198, -32.311574061630097 ] ] ] } },
{ "type": "Feature", "properties": { "species_id": "dusky-grasswren", "species_name": "Dusky Grasswren", "suitability": 0.75 }, "geometry": { "type": "Polygon", "coordinates": [ [ [ 138.042076045426484, -32.555096104679265 ], [ 138.043446625020437, -32.579225366696676 ], [ 138.014473466480609, -32.580365500847805 ], [ 138.015838113308405, -32.604495952313563 ], [ 138.072419161460431, -32.578079759624465 ], [ 138.071042031001042, -32.553950799840116 ], [ 138.042076045426484, -32.555096104679265 ] ] ] } },
{ "type": "Feature", "properties": { "species_id": "dusky-grasswren", "species_name": "Dusky Grasswren", "suitability": 0.65 }, "geometry": { "type": "Polygon", "coordinates": [ [ [ 138.043446625020437, -32.579225366696676 ], [ 138.044817826093606, -32.603355516983058 ], [ 138.073796916356059, -32.602209607303088 ], [ 138.072419161460431, -32.578079759624465 ], [ 138.043446625020437, -32.579225366696676 ] ] ] } },
{ "type": "Feature", "properties": { "species_id": "dusky-grasswren", "species_name": "Dusky Grasswren", "suitability": 0.65 }, "geometry": { "type": "Polygon", "coordinates": [ [ [ 138.017203379078495, -32.628627297425119 ], [ 138.018569264211806, -32.652759541191422 ], [ 138.047562094367862, -32.651618502381055 ], [ 138.046189649068481, -32.627486560541705 ], [ 138.017203379078495, -32.628627297425119 ] ] ] } },
{ "type": "Feature", "properties": { "species_id": "dusky-grasswren", "species_name": "Dusky Grasswren", "suitability": 0.55 }, "geometry": { "type": "Polygon", "coordinates": [ [ [ 138.044817826093606, -32.603355516983058 ], [ 138.048935162415063, -32.67575134751506 ], [ 138.077933931906841, -32.674604527757722 ], [ 138.073796916356059, -32.602209607303088 ], [ 138.044817826093606, -32.603355516983058 ] ] ] } },
{ "type": "Feature", "properties": { "species_id": "dusky-grasswren", "species_name": "Dusky Grasswren", "suitability": 0.75 }, "geometry": { "type": "Polygon", "coordinates": [ [ [ 138.018569264211806, -32.652759541191422 ], [ 138.019935769129518, -32.676892688626936 ], [ 138.048935162415063, -32.67575134751506 ], [ 138.047562094367862, -32.651618502381055 ], [ 138.018569264211806, -32.652759541191422 ] ] ] } },
{ "type": "Feature", "properties": { "species_id": "dusky-grasswren", "species_name": "Dusky Grasswren", "suitability": 0.65 }, "geometry": { "type": "Polygon", "coordinates": [ [ [ 139.842004315613366, -32.546075423807537 ], [ 139.847341539735993, -32.618409374039892 ], [ 139.876302389458715, -32.616922927232132 ], [ 139.872730366235828, -32.568700199900078 ], [ 139.90167733858982, -32.567209075194377 ], [ 139.899886011109828, -32.543099421157926 ], [ 139.842004315613366, -32.546075423807537 ] ] ] } },
{ "type": "Feature", "properties": { "species_id": "dusky-grasswren", "species_name": "Dusky Grasswren", "suitability": 0.55 }, "geometry": { "type": "Polygon", "coordinates": [ [ [ 139.81483399626768, -32.571666061988637 ], [ 139.818379882456782, -32.619890355403314 ], [ 139.847341539735993, -32.618409374039892 ], [ 139.843782584482227, -32.570185862253282 ], [ 139.81483399626768, -32.571666061988637 ] ] ] } },
{ "type": "Feature", "properties": { "species_id": "dusky-grasswren", "species_name": "Dusky Grasswren", "suitability": 0.55 }, "geometry": { "type": "Polygon", "coordinates": [ [ [ 139.872730366235828, -32.568700199900078 ], [ 139.876302389458715, -32.616922927232132 ], [ 139.905262428682448, -32.615431015245946 ], [ 139.90167733858982, -32.567209075194377 ], [ 139.872730366235828, -32.568700199900078 ] ] ] } },
{ "type": "Feature", "properties": { "species_id": "dusky-grasswren", "species_name": "Dusky Grasswren", "suitability": 0.55 }, "geometry": { "type": "Polygon", "coordinates": [ [ [ 138.425869429943475, -32.660415432455927 ], [ 138.427328441040999, -32.684545120583373 ], [ 138.456325391241421, -32.683326774831919 ], [ 138.454859820173709, -32.659197409450883 ], [ 138.425869429943475, -32.660415432455927 ] ] ] } },
{ "type": "Feature", "properties": { "species_id": "dusky-grasswren", "species_name": "Dusky Grasswren", "suitability": 0.55 }, "geometry": { "type": "Polygon", "coordinates": [ [ [ 138.108318896769902, -32.697585373349476 ], [ 138.10970634843207, -32.721719429719542 ], [ 138.138716994030034, -32.72056103894591 ], [ 138.137322974586084, -32.696427289939173 ], [ 138.108318896769902, -32.697585373349476 ] ] ] } },
{ "type": "Feature", "properties": { "species_id": "dusky-grasswren", "species_name": "Dusky Grasswren", "suitability": 0.65 }, "geometry": { "type": "Polygon", "coordinates": [ [ [ 138.379500222100859, -32.372136923009059 ], [ 138.383835910292959, -32.444497959531283 ], [ 138.44169953550778, -32.442073150182921 ], [ 138.451930671523712, -32.610941382307985 ], [ 138.509883233683212, -32.608490206676819 ], [ 138.514317291392018, -32.680873652256132 ], [ 138.543312235413879, -32.679638875873444 ], [ 138.517276684205967, -32.729133809731714 ], [ 138.546284754324915, -32.727898378053396 ], [ 138.54479815764978, -32.70376817111174 ], [ 138.5737989881261, -32.702527589418445 ], [ 138.567833114555071, -32.606017141567484 ], [ 138.625780290480321, -32.603522188754013 ], [ 138.651734693825404, -32.55401862797202 ], [ 138.592320094341176, -32.532399925574111 ], [ 138.589332182266617, -32.484155996232644 ], [ 138.560390969310703, -32.485399097477746 ], [ 138.561878049985324, -32.509520953760479 ], [ 138.503980529765954, -32.511991411415323 ], [ 138.49808851124024, -32.415506569654369 ], [ 138.44169953550778, -32.442073150182921 ], [ 138.438782305883166, -32.393832880165512 ], [ 138.379500222100859, -32.372136923009059 ] ], [ [ 138.563365804389321, -32.533643681324968 ], [ 138.592320094341176, -32.532399925574111 ], [ 138.595310714955076, -32.58064735835714 ], [ 138.566343336215994, -32.581891770237405 ], [ 138.563365804389321, -32.533643681324968 ] ] ] } },
{ "type": "Feature", "properties": { "species_id": "dusky-grasswren", "species_name": "Dusky Grasswren", "suitability": 0.65 }, "geometry": { "type": "Polygon", "coordinates": [ [ [ 138.019935769129518, -32.676892688626936 ], [ 138.022670640005146, -32.725161714589532 ], [ 138.079314188795905, -32.698737977093316 ], [ 138.111094430051764, -32.745854403700278 ], [ 138.140111646399674, -32.744695705182018 ], [ 138.077933931906841, -32.674604527757722 ], [ 138.019935769129518, -32.676892688626936 ] ] ] } },
{ "type": "Feature", "properties": { "species_id": "dusky-grasswren", "species_name": "Dusky Grasswren", "suitability": 0.55 }, "geometry": { "type": "Polygon", "coordinates": [ [ [ 138.022670640005146, -32.725161714589532 ], [ 138.025407995083043, -32.77343441553483 ], [ 138.054433670560513, -32.772291861461106 ], [ 138.051683168447852, -32.724019767748956 ], [ 138.022670640005146, -32.725161714589532 ] ] ] } },
{ "type": "Feature", "properties": { "species_id": "dusky-grasswren", "species_name": "Dusky Grasswren", "suitability": 0.65 }, "geometry": { "type": "Polygon", "coordinates": [ [ [ 138.141506932125964, -32.768831293681139 ], [ 138.142902851639946, -32.79296780948242 ], [ 138.171932583547886, -32.791803009114297 ], [ 138.170530087773415, -32.767666803263843 ], [ 138.141506932125964, -32.768831293681139 ] ] ] } },
{ "type": "Feature", "properties": { "species_id": "dusky-grasswren", "species_name": "Dusky Grasswren", "suitability": 0.75 }, "geometry": { "type": "Polygon", "coordinates": [ [ [ 138.050308853633737, -32.699885100962895 ], [ 138.053058107281856, -32.74815535290324 ], [ 138.082076582687961, -32.74700761967685 ], [ 138.086224880212541, -32.819419018854738 ], [ 138.115262458945921, -32.818264881676605 ], [ 138.112483142057783, -32.769990300326022 ], [ 138.141506932125964, -32.768831293681139 ], [ 138.140111646399674, -32.744695705182018 ], [ 138.050308853633737, -32.699885100962895 ] ] ] } },
{ "type": "Feature", "properties": { "species_id": "dusky-grasswren", "species_name": "Dusky Grasswren", "suitability": 0.85 }, "geometry": { "type": "Polygon", "coordinates": [ [ [ 138.086224880212541, -32.819419018854738 ], [ 138.087608902880419, -32.843558021505125 ], [ 138.116653064687625, -32.842403576496999 ], [ 138.115262458945921, -32.818264881676605 ], [ 138.086224880212541, -32.819419018854738 ] ] ] } },
{ "type": "Feature", "properties": { "species_id": "dusky-grasswren", "species_name": "Dusky Grasswren", "suitability": 0.95 }, "geometry": { "type": "Polygon", "coordinates": [ [ [ 138.113872484879295, -32.794127124636468 ], [ 138.11804430253477, -32.866543214153694 ], [ 138.147094417226612, -32.865382971172423 ], [ 138.142902851639946, -32.79296780948242 ], [ 138.113872484879295, -32.794127124636468 ] ] ] } },
{ "type": "Feature", "properties": { "species_id": "dusky-grasswren", "species_name": "Dusky Grasswren", "suitability": 0.55 }, "geometry": { "type": "Polygon", "coordinates": [ [ [ 138.173335716515624, -32.815940146926792 ], [ 138.176143895767211, -32.86421723864111 ], [ 138.205192735173739, -32.863046016771619 ], [ 138.202371389393818, -32.814769549776763 ], [ 138.173335716515624, -32.815940146926792 ] ] ] } },
{ "type": "Feature", "properties": { "species_id": "dusky-grasswren", "species_name": "Dusky Grasswren", "suitability": 0.75 }, "geometry": { "type": "Polygon", "coordinates": [ [ [ 138.087608902880419, -32.843558021505125 ], [ 138.088993554675056, -32.867697967373985 ], [ 138.11804430253477, -32.866543214153694 ], [ 138.116653064687625, -32.842403576496999 ], [ 138.087608902880419, -32.843558021505125 ] ] ] } },
{ "type": "Feature", "properties": { "species_id": "dusky-grasswren", "species_name": "Dusky Grasswren", "suitability": 0.85 }, "geometry": { "type": "Polygon", "coordinates": [ [ [ 138.112483142057783, -32.769990300326022 ], [ 138.113872484879295, -32.794127124636468 ], [ 138.142902851639946, -32.79296780948242 ], [ 138.147094417226612, -32.865382971172423 ], [ 138.11804430253477, -32.866543214153694 ], [ 138.119436172918114, -32.890683799708079 ], [ 138.148492876211606, -32.889523246682572 ], [ 138.147094417226612, -32.865382971172423 ], [ 138.176143895767211, -32.86421723864111 ], [ 138.171932583547886, -32.791803009114297 ], [ 138.112483142057783, -32.769990300326022 ] ] ] } },
{ "type": "Feature", "properties": { "species_id": "dusky-grasswren", "species_name": "Dusky Grasswren", "suitability": 0.65 }, "geometry": { "type": "Polygon", "coordinates": [ [ [ 138.088993554675056, -32.867697967373985 ], [ 138.090378836025167, -32.891838861523311 ], [ 138.119436172918114, -32.890683799708079 ], [ 138.11804430253477, -32.866543214153694 ], [ 138.088993554675056, -32.867697967373985 ] ] ] } },
{ "type": "Feature", "properties": { "species_id": "dusky-grasswren", "species_name": "Dusky Grasswren", "suitability": 0.75 }, "geometry": { "type": "Polygon", "coordinates": [ [ [ 138.147094417226612, -32.865382971172423 ], [ 138.148492876211606, -32.889523246682572 ], [ 138.177548942920282, -32.888357202658234 ], [ 138.176143895767211, -32.86421723864111 ], [ 138.147094417226612, -32.865382971172423 ] ] ] } },
{ "type": "Feature", "properties": { "species_id": "dusky-grasswren", "species_name": "Dusky Grasswren", "suitability": 0.55 }, "geometry": { "type": "Polygon", "coordinates": [ [ [ 138.119436172918114, -32.890683799708079 ], [ 138.120828676268815, -32.914825338227004 ], [ 138.149891971146275, -32.913664474772311 ], [ 138.148492876211606, -32.889523246682572 ], [ 138.119436172918114, -32.890683799708079 ] ] ] } },
{ "type": "Feature", "properties": { "species_id": "dusky-grasswren", "species_name": "Dusky Grasswren", "suitability": 0.75 }, "geometry": { "type": "Polygon", "coordinates": [ [ [ 138.488267941482462, -32.730363761887567 ], [ 138.434633437582022, -32.805207286180028 ], [ 138.524686933086969, -32.849800341463514 ], [ 138.526171003700966, -32.873936454664658 ], [ 138.584265364613969, -32.871456152034177 ], [ 138.585763280097638, -32.895592549779685 ], [ 138.614816024467245, -32.894343833179086 ], [ 138.617827076930183, -32.942618820248754 ], [ 138.646892313335627, -32.941363943371947 ], [ 138.611807708316803, -32.846072651067075 ], [ 138.553727870364384, -32.848563264417862 ], [ 138.547772025898155, -32.752029501724572 ], [ 138.488267941482462, -32.730363761887567 ] ] ] } },
{ "type": "Feature", "properties": { "species_id": "dusky-grasswren", "species_name": "Dusky Grasswren", "suitability": 0.75 }, "geometry": { "type": "Polygon", "coordinates": [ [ [ 138.778324745492597, -32.7178176887655 ], [ 138.781405034186605, -32.766075499121072 ], [ 138.752389321217379, -32.767355438761228 ], [ 138.753923944964015, -32.791486067205845 ], [ 138.782946227622034, -32.790205786989532 ], [ 138.786030715050458, -32.838469153297211 ], [ 138.815065444308971, -32.837182705996199 ], [ 138.8228218587453, -32.95785591512535 ], [ 138.851888801286123, -32.956562255463886 ], [ 138.848770943716119, -32.908290809271328 ], [ 138.877824001080029, -32.906992353543785 ], [ 138.873132785889254, -32.834593358336726 ], [ 138.902165392264806, -32.833290458447735 ], [ 138.897460853893421, -32.760900939394837 ], [ 138.837880730507891, -32.739370499239797 ], [ 138.836327809607127, -32.715242737044925 ], [ 138.778324745492597, -32.7178176887655 ] ] ] } },
{ "type": "Feature", "properties": { "species_id": "dusky-grasswren", "species_name": "Dusky Grasswren", "suitability": 0.55 }, "geometry": { "type": "Polygon", "coordinates": [ [ [ 139.200635875690949, -32.940610077274364 ], [ 139.20227494014091, -32.964742966945593 ], [ 139.231339005661653, -32.963377571894604 ], [ 139.229693355142359, -32.939245047919769 ], [ 139.200635875690949, -32.940610077274364 ] ] ] } },
{ "type": "Feature", "properties": { "species_id": "dusky-grasswren", "species_name": "Dusky Grasswren", "suitability": 0.55 }, "geometry": { "type": "Polygon", "coordinates": [ [ [ 138.155494719058936, -33.010239014446753 ], [ 138.158299920004652, -33.058532131892562 ], [ 138.187402187497185, -33.057363896554456 ], [ 138.184583771377362, -33.009071407143331 ], [ 138.155494719058936, -33.010239014446753 ] ] ] } },
{ "type": "Feature", "properties": { "species_id": "dusky-grasswren", "species_name": "Dusky Grasswren", "suitability": 0.55 }, "geometry": { "type": "Polygon", "coordinates": [ [ [ 138.760069415296499, -32.888017920768419 ], [ 138.763146342325115, -32.936289522167911 ], [ 138.705020717124142, -32.938837715048344 ], [ 138.706547047836835, -32.962975634873636 ], [ 138.677476599845818, -32.964241833918756 ], [ 138.709601793017015, -33.011254375212793 ], [ 138.622348794375341, -33.015038523921532 ], [ 138.620840869437245, -32.990897652846762 ], [ 138.591761757678455, -32.992147708003863 ], [ 138.594765092366316, -33.040431098564596 ], [ 138.711130208432138, -33.035395205899071 ], [ 138.709601793017015, -33.011254375212793 ], [ 138.796848527038861, -33.00742076705972 ], [ 138.8228218587453, -32.95785591512535 ], [ 138.793754209145931, -32.959144083131562 ], [ 138.789118006401878, -32.886736274015142 ], [ 138.760069415296499, -32.888017920768419 ] ], [ [ 138.764685855471811, -32.960426759247532 ], [ 138.793754209145931, -32.959144083131562 ], [ 138.795301016166405, -32.983281940591311 ], [ 138.766226069009463, -32.984564960680814 ], [ 138.764685855471811, -32.960426759247532 ] ] ] } },
{ "type": "Feature", "properties": { "species_id": "dusky-grasswren", "species_name": "Dusky Grasswren", "suitability": 0.65 }, "geometry": { "type": "Polygon", "coordinates": [ [ [ 139.20227494014091, -32.964742966945593 ], [ 139.205555306264387, -33.013011639882841 ], [ 139.234632552855516, -33.011645512076122 ], [ 139.231339005661653, -32.963377571894604 ], [ 139.20227494014091, -32.964742966945593 ] ] ] } },
{ "type": "Feature", "properties": { "species_id": "dusky-grasswren", "species_name": "Dusky Grasswren", "suitability": 0.55 }, "geometry": { "type": "Polygon", "coordinates": [ [ [ 139.176477312338847, -33.014372274834976 ], [ 139.178112019514515, -33.038508433873531 ], [ 139.236280450551192, -33.035780938444596 ], [ 139.234632552855516, -33.011645512076122 ], [ 139.176477312338847, -33.014372274834976 ] ] ] } },
{ "type": "Feature", "properties": { "species_id": "dusky-grasswren", "species_name": "Dusky Grasswren", "suitability": 0.65 }, "geometry": { "type": "Polygon", "coordinates": [ [ [ 139.160171055545817, -32.773063387302038 ], [ 139.161798349392541, -32.797190039946713 ], [ 139.105373490442616, -32.824016628272176 ], [ 139.108605479620877, -32.872276033440528 ], [ 139.079564781228726, -32.873618030206345 ], [ 139.056943477399528, -32.971487587888809 ], [ 139.027874978690221, -32.972820039492937 ], [ 139.034280410398253, -33.069369959513068 ], [ 139.063375295277552, -33.068036075401565 ], [ 139.056943477399528, -32.971487587888809 ], [ 139.113458974401254, -32.944672233276094 ], [ 139.111840407338661, -32.92053921430653 ], [ 139.16994591464811, -32.917837322412083 ], [ 139.168314920448211, -32.893705979856257 ], [ 139.197359981475358, -32.89234716616064 ], [ 139.189183257950162, -32.771706383601163 ], [ 139.160171055545817, -32.773063387302038 ] ] ] } },
{ "type": "Feature", "properties": { "species_id": "dusky-grasswren", "species_name": "Dusky Grasswren", "suitability": 0.65 }, "geometry": { "type": "Polygon", "coordinates": [ [ [ 139.178112019514515, -33.038508433873531 ], [ 139.179747470805097, -33.06264557145785 ], [ 139.208838658743417, -33.06128420483244 ], [ 139.207196608954888, -33.037147433311844 ], [ 139.178112019514515, -33.038508433873531 ] ] ] } },
{ "type": "Feature", "properties": { "species_id": "dusky-grasswren", "species_name": "Dusky Grasswren", "suitability": 0.65 }, "geometry": { "type": "Polygon", "coordinates": [ [ [ 138.158299920004652, -33.058532131892562 ], [ 138.162512514961719, -33.130979232344679 ], [ 138.191634627691371, -33.129810052023643 ], [ 138.187402187497185, -33.057363896554456 ], [ 138.158299920004652, -33.058532131892562 ] ] ] } },
{ "type": "Feature", "properties": { "species_id": "dusky-grasswren", "species_name": "Dusky Grasswren", "suitability": 0.55 }, "geometry": { "type": "Polygon", "coordinates": [ [ [ 139.150655537500597, -33.064001442075444 ], [ 139.124809583819939, -33.113630505881382 ], [ 139.153915467486655, -33.112279403851844 ], [ 139.152285131422104, -33.088139928365145 ], [ 139.210481456139604, -33.085421959540007 ], [ 139.208838658743417, -33.06128420483244 ], [ 139.150655537500597, -33.064001442075444 ] ] ] } },
{ "type": "Feature", "properties": { "species_id": "dusky-grasswren", "species_name": "Dusky Grasswren", "suitability": 0.55 }, "geometry": { "type": "Polygon", "coordinates": [ [ [ 138.931197285067157, -32.831982074833753 ], [ 138.93435036282429, -32.8802457317068 ], [ 138.994029080213551, -32.901743650124963 ], [ 138.968149441201945, -32.951332704998826 ], [ 139.02467663103829, -32.92455089298722 ], [ 139.027874978690221, -32.972820039492937 ], [ 138.998805751551572, -32.97414699966599 ], [ 139.00358894539778, -33.046559042947564 ], [ 138.945408740027858, -33.049198613683934 ], [ 138.94699138521085, -33.073338627432292 ], [ 139.005184795100064, -33.070698346384241 ], [ 139.006781371504673, -33.094838636154002 ], [ 138.97767842377749, -33.096161881867211 ], [ 138.980860539703116, -33.144446154813807 ], [ 139.009976706405155, -33.143122195119474 ], [ 139.008378675107537, -33.118979917362068 ], [ 139.037487502404502, -33.117650814480001 ], [ 139.027874978690221, -32.972820039492937 ], [ 139.056943477399528, -32.971487587888809 ], [ 139.060157922980636, -33.019759881139095 ], [ 139.089238876398667, -33.018421220082239 ], [ 139.086011244697147, -32.970149645096747 ], [ 139.11507827760127, -32.968806211360828 ], [ 139.113458974401254, -32.944672233276094 ], [ 139.056943477399528, -32.971487587888809 ], [ 139.053731954546578, -32.92321915497395 ], [ 139.08278654763933, -32.921881928665925 ], [ 139.081175298352633, -32.897749504722761 ], [ 139.052127287899054, -32.899086373454985 ], [ 139.050523350441495, -32.874954541806183 ], [ 139.079564781228726, -32.873618030206345 ], [ 139.076345941476177, -32.825357909222539 ], [ 139.047317661111094, -32.826693707885191 ], [ 139.050523350441495, -32.874954541806183 ], [ 139.021481190232947, -32.876285567997314 ], [ 139.01988455866092, -32.85215432590951 ], [ 138.96339469344943, -32.878931163187865 ], [ 138.960228461324306, -32.830668207731946 ], [ 138.931197285067157, -32.831982074833753 ] ], [ [ 138.992438303577387, -32.877611108538147 ], [ 139.021481190232947, -32.876285567997314 ], [ 139.023078547527291, -32.900417755336413 ], [ 138.994029080213551, -32.901743650124963 ], [ 138.992438303577387, -32.877611108538147 ] ], [ [ 139.023078547527291, -32.900417755336413 ], [ 139.052127287899054, -32.899086373454985 ], [ 139.053731954546578, -32.92321915497395 ], [ 139.02467663103829, -32.92455089298722 ], [ 139.023078547527291, -32.900417755336413 ] ] ] } },
{ "type": "Feature", "properties": { "species_id": "dusky-grasswren", "species_name": "Dusky Grasswren", "suitability": 0.55 }, "geometry": { "type": "Polygon", "coordinates": [ [ [ 138.162512514961719, -33.130979232344679 ], [ 138.165324112387168, -33.179282308526716 ], [ 138.194459470282681, -33.178112496256766 ], [ 138.191634627691371, -33.129810052023643 ], [ 138.162512514961719, -33.130979232344679 ] ] ] } },
{ "type": "Feature", "properties": { "species_id": "dusky-grasswren", "species_name": "Dusky Grasswren", "suitability": 0.75 }, "geometry": { "type": "Polygon", "coordinates": [ [ [ 138.682039966752143, -33.036662425069103 ], [ 138.685085674872113, -33.08494771514556 ], [ 138.655981527959995, -33.08621011641479 ], [ 138.65446493456875, -33.062066638528847 ], [ 138.596267785314922, -33.064574264521895 ], [ 138.599275224755502, -33.112863563302348 ], [ 138.570162400584508, -33.114109798778316 ], [ 138.567168181627295, -33.065819828637181 ], [ 138.538067895892851, -33.067059893193289 ], [ 138.541048893435004, -33.115350531772172 ], [ 138.570162400584508, -33.114109798778316 ], [ 138.544032608178412, -33.163645163587738 ], [ 138.600779972182266, -33.137009706347321 ], [ 138.632923514778753, -33.184052253042957 ], [ 138.692712095085028, -33.205678374122861 ], [ 138.628387362948615, -33.111611825573533 ], [ 138.686609569405334, -33.109091844278822 ], [ 138.685085674872113, -33.08494771514556 ], [ 138.744828995967765, -33.106549856747307 ], [ 138.74175546822795, -33.058263958590281 ], [ 138.682039966752143, -33.036662425069103 ] ] ] } },
{ "type": "Feature", "properties": { "species_id": "dusky-grasswren", "species_name": "Dusky Grasswren", "suitability": 0.75 }, "geometry": { "type": "Polygon", "coordinates": [ [ [ 138.905305314677548, -32.88155481385607 ], [ 138.91159372938921, -32.978094929182518 ], [ 138.882521618365104, -32.979399921219724 ], [ 138.856570908853286, -33.028976660479287 ], [ 138.796848527038861, -33.00742076705972 ], [ 138.7999456622602, -33.055701347376925 ], [ 138.770850916746781, -33.056985401953078 ], [ 138.775482085223416, -33.129414705703823 ], [ 138.746366810002854, -33.130694296309336 ], [ 138.752525078407245, -33.227282110562257 ], [ 138.781666831182093, -33.226001135323109 ], [ 138.777027214895696, -33.153559800228102 ], [ 138.836827945558127, -33.175128820290141 ], [ 138.832152871055058, -33.102695617848589 ], [ 138.861259413496299, -33.101399870465222 ], [ 138.864388643660277, -33.149686970124584 ], [ 138.893507696059658, -33.148385020300225 ], [ 138.858133032301595, -33.053116745350138 ], [ 138.917893596602795, -33.074650521124987 ], [ 138.91316762130046, -33.002232363526666 ], [ 138.942245609872089, -33.000921527436105 ], [ 138.93435036282429, -32.8802457317068 ], [ 138.905305314677548, -32.88155481385607 ] ] ] } },
{ "type": "Feature", "properties": { "species_id": "dusky-grasswren", "species_name": "Dusky Grasswren", "suitability": 0.85 }, "geometry": { "type": "Polygon", "coordinates": [ [ [ 138.522343247329871, -33.285637055386943 ], [ 138.525323225143808, -33.333946659896924 ], [ 138.554497061415361, -33.332708414240955 ], [ 138.551503807179046, -33.284399482733114 ], [ 138.522343247329871, -33.285637055386943 ] ] ] } },
{ "type": "Feature", "properties": { "species_id": "dusky-grasswren", "species_name": "Dusky Grasswren", "suitability": 0.75 }, "geometry": { "type": "Polygon", "coordinates": [ [ [ 138.520854277973427, -33.261483807744895 ], [ 138.522343247329871, -33.285637055386943 ], [ 138.493182007256593, -33.286869114811239 ], [ 138.496148707717055, -33.335179389366381 ], [ 138.555994713536762, -33.356864444307 ], [ 138.554497061415361, -33.332708414240955 ], [ 138.525323225143808, -33.333946659896924 ], [ 138.522343247329871, -33.285637055386943 ], [ 138.551503807179046, -33.284399482733114 ], [ 138.550008204129824, -33.26024657096481 ], [ 138.520854277973427, -33.261483807744895 ] ] ] } },
{ "type": "Feature", "properties": { "species_id": "dusky-grasswren", "species_name": "Dusky Grasswren", "suitability": 0.65 }, "geometry": { "type": "Polygon", "coordinates": [ [ [ 138.753923944964015, -32.791486067205845 ], [ 138.756995284111241, -32.839750115934379 ], [ 138.786030715050458, -32.838469153297211 ], [ 138.793754209145931, -32.959144083131562 ], [ 138.8228218587453, -32.95785591512535 ], [ 138.824375258768526, -32.981993427160909 ], [ 138.795301016166405, -32.983281940591311 ], [ 138.796848527038861, -33.00742076705972 ], [ 138.709601793017015, -33.011254375212793 ], [ 138.7126593196964, -33.059537017054083 ], [ 138.74175546822795, -33.058263958590281 ], [ 138.746366810002854, -33.130694296309336 ], [ 138.775482085223416, -33.129414705703823 ], [ 138.770850916746781, -33.056985401953078 ], [ 138.7999456622602, -33.055701347376925 ], [ 138.796848527038861, -33.00742076705972 ], [ 138.856570908853286, -33.028976660479287 ], [ 138.855009496190917, -33.004837553934777 ], [ 138.91159372938921, -32.978094929182518 ], [ 138.905305314677548, -32.88155481385607 ], [ 138.93435036282429, -32.8802457317068 ], [ 138.942245609872089, -33.000921527436105 ], [ 138.91316762130046, -33.002232363526666 ], [ 138.917893596602795, -33.074650521124987 ], [ 138.888795089541901, -33.075956916608945 ], [ 138.893507696059658, -33.148385020300225 ], [ 138.864388643660277, -33.149686970124584 ], [ 138.869087839239882, -33.222125161453114 ], [ 138.898226748483012, -33.220822154908234 ], [ 138.899801200665024, -33.244969897243152 ], [ 138.870655666472175, -33.246273256904757 ], [ 138.872224208871188, -33.270422376759861 ], [ 138.843071330353865, -33.271720579568353 ], [ 138.84150941639831, -33.247571107628822 ], [ 138.784763436247545, -33.274300452996904 ], [ 138.78631279848986, -33.298451655549457 ], [ 138.84463395695829, -33.29587108149763 ], [ 138.847761350063848, -33.344175195948615 ], [ 138.876934131960525, -33.342875934255979 ], [ 138.872224208871188, -33.270422376759861 ], [ 138.901376371018046, -33.269118663542223 ], [ 138.904528868201709, -33.317419288628841 ], [ 138.933693574913605, -33.316109353863268 ], [ 138.930527813785204, -33.267809440157002 ], [ 138.959678534163686, -33.266494706846579 ], [ 138.956502408772849, -33.21819962037938 ], [ 138.898226748483012, -33.220822154908234 ], [ 138.893507696059658, -33.148385020300225 ], [ 138.922626031532303, -33.147077567646363 ], [ 138.91947035652322, -33.09879187549965 ], [ 138.948574751119082, -33.097479628396378 ], [ 138.945408740027858, -33.049198613683934 ], [ 139.00358894539778, -33.046559042947564 ], [ 139.000399424118399, -32.998283374679801 ], [ 138.971322878473302, -32.999605197740316 ], [ 138.966563804688462, -32.927197903160931 ], [ 139.050523350441495, -32.874954541806183 ], [ 139.047317661111094, -32.826693707885191 ], [ 139.018288652317182, -32.82802402401817 ], [ 139.021481190232947, -32.876285567997314 ], [ 138.992438303577387, -32.877611108538147 ], [ 138.994029080213551, -32.901743650124963 ], [ 138.964978888934581, -32.90306405757962 ], [ 138.902165392264806, -32.833290458447735 ], [ 138.873132785889254, -32.834593358336726 ], [ 138.877824001080029, -32.906992353543785 ], [ 138.848770943716119, -32.908290809271328 ], [ 138.851888801286123, -32.956562255463886 ], [ 138.8228218587453, -32.95785591512535 ], [ 138.815065444308971, -32.837182705996199 ], [ 138.786030715050458, -32.838469153297211 ], [ 138.782946227622034, -32.790205786989532 ], [ 138.753923944964015, -32.791486067205845 ] ] ] } },
{ "type": "Feature", "properties": { "species_id": "dusky-grasswren", "species_name": "Dusky Grasswren", "suitability": 0.65 }, "geometry": { "type": "Polygon", "coordinates": [ [ [ 138.553000092785254, -33.308553428771717 ], [ 138.555994713536762, -33.356864444307 ], [ 138.585174507899808, -33.355620344084343 ], [ 138.582166605632779, -33.307310005348981 ], [ 138.553000092785254, -33.308553428771717 ] ] ] } },
{ "type": "Feature", "properties": { "species_id": "dusky-grasswren", "species_name": "Dusky Grasswren", "suitability": 0.65 }, "geometry": { "type": "Polygon", "coordinates": [ [ [ 138.496148707717055, -33.335179389366381 ], [ 138.497633073904922, -33.359336092210313 ], [ 138.526814234531571, -33.358103027092518 ], [ 138.525323225143808, -33.333946659896924 ], [ 138.496148707717055, -33.335179389366381 ] ] ] } },
{ "type": "Feature", "properties": { "species_id": "dusky-grasswren", "species_name": "Dusky Grasswren", "suitability": 0.55 }, "geometry": { "type": "Polygon", "coordinates": [ [ [ 138.51936598769791, -33.237331589635943 ], [ 138.520854277973427, -33.261483807744895 ], [ 138.464020089974298, -33.288095660777529 ], [ 138.469929632106584, -33.384721727464104 ], [ 138.55749304961725, -33.381021524141786 ], [ 138.555994713536762, -33.356864444307 ], [ 138.497633073904922, -33.359336092210313 ], [ 138.493182007256593, -33.286869114811239 ], [ 138.550008204129824, -33.26024657096481 ], [ 138.553000092785254, -33.308553428771717 ], [ 138.582166605632779, -33.307310005348981 ], [ 138.577659896339043, -33.234852276937467 ], [ 138.51936598769791, -33.237331589635943 ] ] ] } },
{ "type": "Feature", "properties": { "species_id": "dusky-grasswren", "species_name": "Dusky Grasswren", "suitability": 0.85 }, "geometry": { "type": "Polygon", "coordinates": [ [ [ 138.54479815764978, -32.70376817111174 ], [ 138.518757388284769, -32.753265261660545 ], [ 138.547772025898155, -32.752029501724572 ], [ 138.553727870364384, -32.848563264417862 ], [ 138.611807708316803, -32.846072651067075 ], [ 138.614816024467245, -32.894343833179086 ], [ 138.585763280097638, -32.895592549779685 ], [ 138.584265364613969, -32.871456152034177 ], [ 138.526171003700966, -32.873936454664658 ], [ 138.524686933086969, -32.849800341463514 ], [ 138.465132800550037, -32.828122208871306 ], [ 138.469545514629459, -32.900532522330749 ], [ 138.440489391174282, -32.901753790882147 ], [ 138.443421363385482, -32.950032745166794 ], [ 138.472490669180274, -32.9488108226601 ], [ 138.475438504121229, -32.997092976753912 ], [ 138.504520332509401, -32.995864902801131 ], [ 138.508966931107437, -33.068294457962708 ], [ 138.567168181627295, -33.065819828637181 ], [ 138.570162400584508, -33.114109798778316 ], [ 138.541048893435004, -33.115350531772172 ], [ 138.542540410924602, -33.139497345965857 ], [ 138.632923514778753, -33.184052253042957 ], [ 138.635951063720057, -33.232350924955789 ], [ 138.606805824191923, -33.233604355741733 ], [ 138.61435361460039, -33.354370726656128 ], [ 138.643532030618672, -33.353115592254959 ], [ 138.638981375238643, -33.280653687695299 ], [ 138.668139184050148, -33.279394064429042 ], [ 138.680341294618842, -33.472644099489983 ], [ 138.738761137938553, -33.470102782307841 ], [ 138.790965129856119, -33.37091149995458 ], [ 138.849326117541096, -33.368328818796563 ], [ 138.84463395695829, -33.29587108149763 ], [ 138.78631279848986, -33.298451655549457 ], [ 138.784763436247545, -33.274300452996904 ], [ 138.813917738475908, -33.273013271727194 ], [ 138.8123624534513, -33.24886344917519 ], [ 138.872224208871188, -33.270422376759861 ], [ 138.898226748483012, -33.220822154908234 ], [ 138.985639153810354, -33.216880092879975 ], [ 138.984045556418181, -33.192734436206024 ], [ 138.896653013981449, -33.196675431395882 ], [ 138.898226748483012, -33.220822154908234 ], [ 138.869087839239882, -33.222125161453114 ], [ 138.861259413496299, -33.101399870465222 ], [ 138.890365242984075, -33.100098622935896 ], [ 138.887225650846176, -33.05181619837321 ], [ 138.858133032301595, -33.053116745350138 ], [ 138.861259413496299, -33.101399870465222 ], [ 138.832152871055058, -33.102695617848589 ], [ 138.836827945558127, -33.175128820290141 ], [ 138.777027214895696, -33.153559800228102 ], [ 138.781666831182093, -33.226001135323109 ], [ 138.752525078407245, -33.227282110562257 ], [ 138.744828995967765, -33.106549856747307 ], [ 138.685085674872113, -33.08494771514556 ], [ 138.682039966752143, -33.036662425069103 ], [ 138.594765092366316, -33.040431098564596 ], [ 138.591761757678455, -32.992147708003863 ], [ 138.649919294565393, -32.989642102957454 ], [ 138.614816024467245, -32.894343833179086 ], [ 138.672919455942576, -32.891829933409092 ], [ 138.668368522333367, -32.819426586569975 ], [ 138.639336891932857, -32.820685272579837 ], [ 138.636319526215772, -32.772420389217956 ], [ 138.576785987479695, -32.750788261053358 ], [ 138.5737989881261, -32.702527589418445 ], [ 138.54479815764978, -32.70376817111174 ] ], [ [ 138.596267785314922, -33.064574264521895 ], [ 138.65446493456875, -33.062066638528847 ], [ 138.655981527959995, -33.08621011641479 ], [ 138.685085674872113, -33.08494771514556 ], [ 138.686609569405334, -33.109091844278822 ], [ 138.628387362948615, -33.111611825573533 ], [ 138.629898724642203, -33.135757630848204 ], [ 138.659016787654593, -33.134500051862851 ], [ 138.662054814378649, -33.182793994324072 ], [ 138.571660533275917, -33.138256278129674 ], [ 138.570162400584508, -33.114109798778316 ], [ 138.599275224755502, -33.112863563302348 ], [ 138.596267785314922, -33.064574264521895 ] ], [ [ 138.662054814378649, -33.182793994324072 ], [ 138.691185420583963, -33.18153022941874 ], [ 138.692712095085028, -33.205678374122861 ], [ 138.663574866558349, -33.206942480997725 ], [ 138.662054814378649, -33.182793994324072 ] ] ] } },
{ "type": "Feature", "properties": { "species_id": "dusky-grasswren", "species_name": "Dusky Grasswren", "suitability": 0.75 }, "geometry": { "type": "Polygon", "coordinates": [ [ [ 138.956502408772849, -33.21819962037938 ], [ 138.933693574913605, -33.316109353863268 ], [ 138.904528868201709, -33.317419288628841 ], [ 138.901376371018046, -33.269118663542223 ], [ 138.872224208871188, -33.270422376759861 ], [ 138.876934131960525, -33.342875934255979 ], [ 138.763329119243082, -33.396350292543509 ], [ 138.764875373934814, -33.420507077120206 ], [ 138.794070226142594, -33.419223311867157 ], [ 138.797178160591187, -33.467539371309186 ], [ 139.030817560200461, -33.457064827762281 ], [ 139.029210023488872, -33.432909127181496 ], [ 139.08759928099451, -33.430236006721159 ], [ 139.082741214311369, -33.357777451419246 ], [ 138.992020815193627, -33.313472945959056 ], [ 138.985639153810354, -33.216880092879975 ], [ 138.956502408772849, -33.21819962037938 ] ] ] } }
]
}
