{
"type": "FeatureCollection",
"name": "rufous-scrub-bird",
"crs": { "type": "name", "properties": { "name": "urn:ogc:def:crs:OGC:1.3:CRS84" } },
"features": [
{ "type": "Feature", "properties": { "species_id": "rufous-scrub-bird", "species_name": "Rufous Scrub-bird", "suitability": 0.65 }, "geometry": { "type": "Polygon", "coordinates": [ [ [ 152.386297628948228, -28.14260597541821 ], [ 152.39960178625023, -28.214062692905621 ], [ 152.37210896601178, -28.217887376029857 ], [ 152.376541734413678, -28.241706974984876 ], [ 152.404040332132013, -28.237881455986745 ], [ 152.408480793450792, -28.261700154458683 ], [ 152.46348382233495, -28.254032100676341 ], [ 152.459031805008038, -28.230215078857377 ], [ 152.486524675468957, -28.226374221770936 ], [ 152.482068804489955, -28.202557972023047 ], [ 152.454581707836326, -28.206397990380527 ], [ 152.441242924945726, -28.134946284436207 ], [ 152.386297628948228, -28.14260597541821 ] ] ] } },
{ "type": "Feature", "properties": { "species_id": "rufous-scrub-bird", "species_name": "Rufous Scrub-bird", "suitability": 0.65 }, "geometry": { "type": "Polygon", "coordinates": [ [ [ 151.692753785230906, -28.359521782798151 ], [ 151.697045431961669, -28.383361894191243 ], [ 151.724602554066337, -28.379662747229137 ], [ 151.720305094967188, -28.355823449646859 ], [ 151.692753785230906, -28.359521782798151 ] ] ] } },
{ "type": "Feature", "properties": { "species_id": "rufous-scrub-bird", "species_name": "Rufous Scrub-bird", "suitability": 0.55 }, "geometry": { "type": "Polygon", "coordinates": [ [ [ 151.684176055332784, -28.311841453017429 ], [ 151.692753785230906, -28.359521782798151 ], [ 151.641925647085401, -28.390744801924178 ], [ 151.65049123913181, -28.438428193555072 ], [ 151.705634294954876, -28.431042030456062 ], [ 151.701338934804738, -28.407201975378065 ], [ 151.72890187166692, -28.403502013609131 ], [ 151.724602554066337, -28.379662747229137 ], [ 151.697045431961669, -28.383361894191243 ], [ 151.692753785230906, -28.359521782798151 ], [ 151.720305094967188, -28.355823449646859 ], [ 151.711715747493798, -28.308144744503746 ], [ 151.684176055332784, -28.311841453017429 ] ] ] } },
{ "type": "Feature", "properties": { "species_id": "rufous-scrub-bird", "species_name": "Rufous Scrub-bird", "suitability": 0.55 }, "geometry": { "type": "Polygon", "coordinates": [ [ [ 152.232391413357306, -27.919636081932527 ], [ 152.236782175047551, -27.943459338520842 ], [ 152.18191786687936, -27.951042881407552 ], [ 152.190682038528251, -27.998692338975712 ], [ 152.300449165791264, -27.983498274128991 ], [ 152.304857115581655, -28.007319556644561 ], [ 152.332299936719693, -28.003507454809412 ], [ 152.341133050399947, -28.051148062108592 ], [ 152.368585494260174, -28.047329201561126 ], [ 152.377437745439153, -28.094967766348404 ], [ 152.240098957127515, -28.114019276080555 ], [ 152.235700706972807, -28.090195900837934 ], [ 152.208233046245169, -28.093990049519157 ], [ 152.212625526992326, -28.117814249783876 ], [ 152.240098957127515, -28.114019276080555 ], [ 152.22141617156106, -28.165462405812995 ], [ 152.303865426923778, -28.154057189979259 ], [ 152.299451838320692, -28.13023563534923 ], [ 152.326925366455356, -28.126424504005023 ], [ 152.335765990448863, -28.174065874673428 ], [ 152.280793951496037, -28.181686347058253 ], [ 152.285205571826367, -28.205508581155158 ], [ 152.340189162395887, -28.197886445863922 ], [ 152.335765990448863, -28.174065874673428 ], [ 152.363249163530099, -28.170247971117455 ], [ 152.37210896601178, -28.217887376029857 ], [ 152.289619095700317, -28.229330746599913 ], [ 152.298451858967155, -28.276974887783663 ], [ 152.325961946297241, -28.273163877537481 ], [ 152.362333670605324, -28.316988322743697 ], [ 152.417367467318115, -28.309337373829994 ], [ 152.421813682328661, -28.333155902863584 ], [ 152.449333501948189, -28.329321913092798 ], [ 152.444881501233709, -28.305504224987335 ], [ 152.495442186198773, -28.274006522274725 ], [ 152.486524675468957, -28.226374221770936 ], [ 152.514015632149011, -28.222528253034124 ], [ 152.477614854791142, -28.178741650534292 ], [ 152.450133529588612, -28.182580831187789 ], [ 152.454581707836326, -28.206397990380527 ], [ 152.482068804489955, -28.202557972023047 ], [ 152.486524675468957, -28.226374221770936 ], [ 152.459031805008038, -28.230215078857377 ], [ 152.467937761049285, -28.277849059898262 ], [ 152.412923171436006, -28.285518792384554 ], [ 152.404040332132013, -28.237881455986745 ], [ 152.376541734413678, -28.241706974984876 ], [ 152.37210896601178, -28.217887376029857 ], [ 152.39960178625023, -28.214062692905621 ], [ 152.386297628948228, -28.14260597541821 ], [ 152.441242924945726, -28.134946284436207 ], [ 152.427921379191758, -28.063493832644909 ], [ 152.400466973074913, -28.067323734572486 ], [ 152.382754688361445, -27.97204913348439 ], [ 152.410186074309792, -27.968222548004221 ], [ 152.405757017816001, -27.944404459055672 ], [ 152.378331381048127, -27.948230217958479 ], [ 152.342074437054777, -27.90441104969177 ], [ 152.314656509870559, -27.908224959010731 ], [ 152.319064519558566, -27.932045753191701 ], [ 152.291638956866649, -27.935855383753747 ], [ 152.28723669530504, -27.912033767830955 ], [ 152.232391413357306, -27.919636081932527 ] ] ] } },
{ "type": "Feature", "properties": { "species_id": "rufous-scrub-bird", "species_name": "Rufous Scrub-bird", "suitability": 0.55 }, "geometry": { "type": "Polygon", "coordinates": [ [ [ 152.600957881908187, -28.234772495699232 ], [ 152.605440700936754, -28.258585241493517 ], [ 152.57794395482631, -28.2624482301805 ], [ 152.586903843092387, -28.31007522704488 ], [ 152.614412143470986, -28.306210546083459 ], [ 152.605440700936754, -28.258585241493517 ], [ 152.660428413935136, -28.250843930295883 ], [ 152.655934051413539, -28.227032876523936 ], [ 152.600957881908187, -28.234772495699232 ] ] ] } },
{ "type": "Feature", "properties": { "species_id": "rufous-scrub-bird", "species_name": "Rufous Scrub-bird", "suitability": 0.65 }, "geometry": { "type": "Polygon", "coordinates": [ [ [ 152.605440700936754, -28.258585241493517 ], [ 152.614412143470986, -28.306210546083459 ], [ 152.669422957585795, -28.298465844631625 ], [ 152.660428413935136, -28.250843930295883 ], [ 152.605440700936754, -28.258585241493517 ] ] ] } },
{ "type": "Feature", "properties": { "species_id": "rufous-scrub-bird", "species_name": "Rufous Scrub-bird", "suitability": 0.55 }, "geometry": { "type": "Polygon", "coordinates": [ [ [ 152.499903828417899, -28.297822581152648 ], [ 152.50436739685378, -28.321638584533826 ], [ 152.559393616963632, -28.313934794125498 ], [ 152.554918485730923, -28.290120479287417 ], [ 152.499903828417899, -28.297822581152648 ] ] ] } },
{ "type": "Feature", "properties": { "species_id": "rufous-scrub-bird", "species_name": "Rufous Scrub-bird", "suitability": 0.55 }, "geometry": { "type": "Polygon", "coordinates": [ [ [ 152.664924715577854, -28.274654918312304 ], [ 152.669422957585795, -28.298465844631625 ], [ 152.6419185157512, -28.302340751769485 ], [ 152.646412921174601, -28.32615247004701 ], [ 152.701431427201356, -28.318395843336962 ], [ 152.692421450022209, -28.270775748386857 ], [ 152.664924715577854, -28.274654918312304 ] ] ] } },
{ "type": "Feature", "properties": { "species_id": "rufous-scrub-bird", "species_name": "Rufous Scrub-bird", "suitability": 0.55 }, "geometry": { "type": "Polygon", "coordinates": [ [ [ 153.246566157454993, -28.215912674171776 ], [ 153.251187394471486, -28.239705482799405 ], [ 153.306119670865655, -28.231724131697053 ], [ 153.301486933951821, -28.207933064696686 ], [ 153.246566157454993, -28.215912674171776 ] ] ] } },
{ "type": "Feature", "properties": { "species_id": "rufous-scrub-bird", "species_name": "Rufous Scrub-bird", "suitability": 0.55 }, "geometry": { "type": "Polygon", "coordinates": [ [ [ 152.339242763059929, -28.34462716784066 ], [ 152.348106205151595, -28.39226912827683 ], [ 152.375643338487862, -28.388448812012502 ], [ 152.366768310528471, -28.340808530761976 ], [ 152.339242763059929, -28.34462716784066 ] ] ] } },
{ "type": "Feature", "properties": { "species_id": "rufous-scrub-bird", "species_name": "Rufous Scrub-bird", "suitability": 0.55 }, "geometry": { "type": "Polygon", "coordinates": [ [ [ 151.902914518798525, -28.428863170346883 ], [ 151.911596009973408, -28.476531689602488 ], [ 151.939169187582024, -28.47279253890412 ], [ 151.930476066924825, -28.42512566992033 ], [ 151.902914518798525, -28.428863170346883 ] ] ] } },
{ "type": "Feature", "properties": { "species_id": "rufous-scrub-bird", "species_name": "Rufous Scrub-bird", "suitability": 0.55 }, "geometry": { "type": "Polygon", "coordinates": [ [ [ 152.815976194542287, -28.326627789259813 ], [ 152.820509161017412, -28.350434282215147 ], [ 152.848019290195708, -28.346526140257058 ], [ 152.84348054828456, -28.322720504684114 ], [ 152.815976194542287, -28.326627789259813 ] ] ] } },
{ "type": "Feature", "properties": { "species_id": "rufous-scrub-bird", "species_name": "Rufous Scrub-bird", "suitability": 0.55 }, "geometry": { "type": "Polygon", "coordinates": [ [ [ 152.462701045389991, -28.400774697490682 ], [ 152.467160744423609, -28.424592212569557 ], [ 152.439617758322044, -28.428429576347114 ], [ 152.44407358748407, -28.452247904446583 ], [ 152.499169234624617, -28.444566363416985 ], [ 152.490236318633634, -28.396933059371289 ], [ 152.462701045389991, -28.400774697490682 ] ] ] } },
{ "type": "Feature", "properties": { "species_id": "rufous-scrub-bird", "species_name": "Rufous Scrub-bird", "suitability": 0.55 }, "geometry": { "type": "Polygon", "coordinates": [ [ [ 152.76548306024884, -28.358235228137211 ], [ 152.774531742500443, -28.40585149625003 ], [ 152.80205732877792, -28.401951865697995 ], [ 152.792997083586755, -28.35433731168655 ], [ 152.76548306024884, -28.358235228137211 ] ] ] } },
{ "type": "Feature", "properties": { "species_id": "rufous-scrub-bird", "species_name": "Rufous Scrub-bird", "suitability": 0.65 }, "geometry": { "type": "Polygon", "coordinates": [ [ [ 153.136700841250132, -28.23181067602895 ], [ 153.145899268033645, -28.279403165936515 ], [ 153.045116557423427, -28.342825590187001 ], [ 153.05428471195907, -28.3904245258062 ], [ 153.081796481074832, -28.386472902038104 ], [ 153.08638930212291, -28.410271428295871 ], [ 153.113904871652323, -28.406313823901403 ], [ 153.123012912942528, -28.307163651759037 ], [ 153.177988024494283, -28.29922985787886 ], [ 153.168774112543844, -28.251639243102112 ], [ 153.196247185730471, -28.247666425901787 ], [ 153.19163745368914, -28.223871879387723 ], [ 153.136700841250132, -28.23181067602895 ] ] ] } },
{ "type": "Feature", "properties": { "species_id": "rufous-scrub-bird", "species_name": "Rufous Scrub-bird", "suitability": 0.55 }, "geometry": { "type": "Polygon", "coordinates": [ [ [ 151.894240533351962, -28.381194551391271 ], [ 151.898576588462703, -28.405028875379571 ], [ 151.953686193311142, -28.397550395370295 ], [ 151.966740492497621, -28.469048258883252 ], [ 152.021877474741785, -28.461544312946707 ], [ 152.026244304053705, -28.48537523298684 ], [ 151.971095691195671, -28.492880837095758 ], [ 151.975452774731934, -28.51671340066283 ], [ 152.058190324928603, -28.505444809368878 ], [ 152.066945075413457, -28.553104916321892 ], [ 152.094532129237734, -28.54933679202065 ], [ 152.090147987334859, -28.525507577857223 ], [ 152.117727333506906, -28.521735158482979 ], [ 152.104568843512624, -28.45024993709163 ], [ 152.045072395298007, -28.433954536787422 ], [ 151.97688471190628, -28.369971613050005 ], [ 151.894240533351962, -28.381194551391271 ] ] ] } },
{ "type": "Feature", "properties": { "species_id": "rufous-scrub-bird", "species_name": "Rufous Scrub-bird", "suitability": 0.55 }, "geometry": { "type": "Polygon", "coordinates": [ [ [ 152.700965086593101, -28.465140942828089 ], [ 152.705478896436972, -28.488951522002573 ], [ 152.760574532849773, -28.481172696660064 ], [ 152.756049137287164, -28.457363834138263 ], [ 152.700965086593101, -28.465140942828089 ] ] ] } },
{ "type": "Feature", "properties": { "species_id": "rufous-scrub-bird", "species_name": "Rufous Scrub-bird", "suitability": 0.55 }, "geometry": { "type": "Polygon", "coordinates": [ [ [ 151.988535346512151, -28.588211044550803 ], [ 151.992899981548561, -28.612043590609943 ], [ 152.020504342716919, -28.60828919496716 ], [ 152.0161338798126, -28.584457482584849 ], [ 151.988535346512151, -28.588211044550803 ] ] ] } },
{ "type": "Feature", "properties": { "species_id": "rufous-scrub-bird", "species_name": "Rufous Scrub-bird", "suitability": 0.55 }, "geometry": { "type": "Polygon", "coordinates": [ [ [ 153.100050581192477, -28.188177899951185 ], [ 153.118416485702028, -28.283366642078057 ], [ 153.063445005230676, -28.291278276909225 ], [ 153.068029905479335, -28.315077019323624 ], [ 153.017614362586926, -28.34677036962087 ], [ 153.031352242298112, -28.418171302222593 ], [ 153.090984106548291, -28.434069910668356 ], [ 153.100179670624726, -28.481666760028585 ], [ 153.155243498482236, -28.473741203936431 ], [ 153.136814097659624, -28.378554323564586 ], [ 153.08638930212291, -28.410271428295871 ], [ 153.081796481074832, -28.386472902038104 ], [ 153.05428471195907, -28.3904245258062 ], [ 153.045116557423427, -28.342825590187001 ], [ 153.072616784023495, -28.338875701612128 ], [ 153.068029905479335, -28.315077019323624 ], [ 153.182597961337194, -28.323025066697713 ], [ 153.177988024494283, -28.29922985787886 ], [ 153.123012912942528, -28.307163651759037 ], [ 153.118416485702028, -28.283366642078057 ], [ 153.145899268033645, -28.279403165936515 ], [ 153.136700841250132, -28.23181067602895 ], [ 153.19163745368914, -28.223871879387723 ], [ 153.173380075320921, -28.275434584696558 ], [ 153.228335755443908, -28.267482109080806 ], [ 153.214489298681173, -28.196101070923586 ], [ 153.100050581192477, -28.188177899951185 ] ] ] } },
{ "type": "Feature", "properties": { "species_id": "rufous-scrub-bird", "species_name": "Rufous Scrub-bird", "suitability": 0.55 }, "geometry": { "type": "Polygon", "coordinates": [ [ [ 152.130902916424333, -28.593220276188383 ], [ 152.135298581533476, -28.617048644877041 ], [ 152.162899319483415, -28.613267744161504 ], [ 152.167302715270722, -28.637095277146621 ], [ 152.13969615075348, -28.640877018478939 ], [ 152.148497006435321, -28.688533796889804 ], [ 152.203731554586284, -28.680961810158802 ], [ 152.222510144724481, -28.629516394581689 ], [ 152.194907380721503, -28.633308402338315 ], [ 152.186090847351664, -28.585655022417583 ], [ 152.130902916424333, -28.593220276188383 ] ] ] } },
{ "type": "Feature", "properties": { "species_id": "rufous-scrub-bird", "species_name": "Rufous Scrub-bird", "suitability": 0.55 }, "geometry": { "type": "Polygon", "coordinates": [ [ [ 152.001634925591446, -28.659708704565031 ], [ 152.006005237036703, -28.683541280701778 ], [ 152.033627096188212, -28.679784377910735 ], [ 152.04238508135046, -28.727447912584939 ], [ 152.097646479508484, -28.719915337269647 ], [ 152.088865147020812, -28.672255161585252 ], [ 152.033627096188212, -28.679784377910735 ], [ 152.029250949683899, -28.655952638510858 ], [ 152.001634925591446, -28.659708704565031 ] ] ] } },
{ "type": "Feature", "properties": { "species_id": "rufous-scrub-bird", "species_name": "Rufous Scrub-bird", "suitability": 0.65 }, "geometry": { "type": "Polygon", "coordinates": [ [ [ 152.272244093894471, -28.744844436807153 ], [ 152.276676469998023, -28.768669533339768 ], [ 152.304310404189437, -28.764862172423836 ], [ 152.299872192062622, -28.741037926622187 ], [ 152.272244093894471, -28.744844436807153 ] ] ] } },
{ "type": "Feature", "properties": { "species_id": "rufous-scrub-bird", "species_name": "Rufous Scrub-bird", "suitability": 0.55 }, "geometry": { "type": "Polygon", "coordinates": [ [ [ 152.267813638875396, -28.721019365790507 ], [ 152.272244093894471, -28.744844436807153 ], [ 152.244614083367225, -28.748645810205076 ], [ 152.257899460921095, -28.820123745229257 ], [ 152.285546990416123, -28.816319819472788 ], [ 152.272244093894471, -28.744844436807153 ], [ 152.331942422401482, -28.761049674272261 ], [ 152.3274983754863, -28.737226280183474 ], [ 152.267813638875396, -28.721019365790507 ] ] ] } },
{ "type": "Feature", "properties": { "species_id": "rufous-scrub-bird", "species_name": "Rufous Scrub-bird", "suitability": 0.55 }, "geometry": { "type": "Polygon", "coordinates": [ [ [ 152.102040001479281, -28.74374545822727 ], [ 152.106435428905627, -28.767575606767828 ], [ 152.023505440810908, -28.778871809256739 ], [ 152.027885237370583, -28.802704518058192 ], [ 152.055536307844989, -28.798943416225427 ], [ 152.064313305652092, -28.846607267985377 ], [ 152.119633156217247, -28.839066259233032 ], [ 152.128441190936883, -28.886726907977749 ], [ 152.100770509204011, -28.890501678985938 ], [ 152.105171538551247, -28.914332928924047 ], [ 152.156109968509838, -28.88294699204712 ], [ 152.147290230144137, -28.835288040181297 ], [ 152.119633156217247, -28.839066259233032 ], [ 152.115232005043566, -28.815236003133158 ], [ 152.166121621190456, -28.783847593976468 ], [ 152.12967369698481, -28.73997062053596 ], [ 152.102040001479281, -28.74374545822727 ] ] ] } },
{ "type": "Feature", "properties": { "species_id": "rufous-scrub-bird", "species_name": "Rufous Scrub-bird", "suitability": 0.55 }, "geometry": { "type": "Polygon", "coordinates": [ [ [ 151.623392625277063, -28.759442451435469 ], [ 151.627684841869836, -28.78328670733152 ], [ 151.576642125691308, -28.814490366456642 ], [ 151.589500361994794, -28.886028501044123 ], [ 151.617187286109356, -28.882348916201682 ], [ 151.598081833758016, -28.933720880784623 ], [ 151.657782597182688, -28.95019787221565 ], [ 151.662089753733909, -28.974042570476229 ], [ 151.717501281607923, -28.966650989867453 ], [ 151.72182206704889, -28.990494093104477 ], [ 151.749530904466184, -28.986789735698039 ], [ 151.768574678520309, -28.935397433584104 ], [ 151.740879461472701, -28.939105272274695 ], [ 151.704550187173169, -28.895122095465336 ], [ 151.676862974219148, -28.898817963979301 ], [ 151.685483418389026, -28.946505492115797 ], [ 151.657782597182688, -28.95019787221565 ], [ 151.62148296104391, -28.906194246338284 ], [ 151.649173898038271, -28.902508681111239 ], [ 151.644872353026017, -28.878664179934972 ], [ 151.700236905614389, -28.87127925521597 ], [ 151.695925496996438, -28.847436470307425 ], [ 151.640572676109457, -28.854819736125943 ], [ 151.636274866081692, -28.830975345525633 ], [ 151.746949606032643, -28.816191536204425 ], [ 151.742630222456881, -28.792350508355092 ], [ 151.687308293744451, -28.799751049890439 ], [ 151.683002496693888, -28.775908406078262 ], [ 151.623392625277063, -28.759442451435469 ] ], [ [ 151.612893476846409, -28.858503644443864 ], [ 151.640572676109457, -28.854819736125943 ], [ 151.644872353026017, -28.878664179934972 ], [ 151.617187286109356, -28.882348916201682 ], [ 151.612893476846409, -28.858503644443864 ] ] ] } },
{ "type": "Feature", "properties": { "species_id": "rufous-scrub-bird", "species_name": "Rufous Scrub-bird", "suitability": 0.55 }, "geometry": { "type": "Polygon", "coordinates": [ [ [ 152.298867210188689, -28.887795543367709 ], [ 152.303311138857254, -28.911620879812595 ], [ 152.275640217109412, -28.915428223275615 ], [ 152.280080221480318, -28.939254471237842 ], [ 152.335431850875722, -28.931632925561573 ], [ 152.326530360490267, -28.883983913194839 ], [ 152.298867210188689, -28.887795543367709 ] ] ] } },
{ "type": "Feature", "properties": { "species_id": "rufous-scrub-bird", "species_name": "Rufous Scrub-bird", "suitability": 0.55 }, "geometry": { "type": "Polygon", "coordinates": [ [ [ 151.796966211540422, -28.467599446806645 ], [ 151.801284620188881, -28.49143698882807 ], [ 151.773702114809282, -28.495150485161464 ], [ 151.778016568407935, -28.518988836247622 ], [ 151.727138997196619, -28.550242057824388 ], [ 151.731445526334568, -28.574082042455739 ], [ 151.676232542692418, -28.581478019558499 ], [ 151.712446945863007, -28.625464225472058 ], [ 151.767679560333733, -28.618054683760914 ], [ 151.771997528903796, -28.64189386388751 ], [ 151.744376312751399, -28.645602028754105 ], [ 151.753006181573198, -28.693282087863782 ], [ 151.725371417528379, -28.696986764085693 ], [ 151.738312713027682, -28.768509521362159 ], [ 151.8212640482989, -28.757372609408421 ], [ 151.82559911726122, -28.781211103714519 ], [ 151.853251673047481, -28.77748767963466 ], [ 151.866285739881874, -28.849000901246054 ], [ 151.838615617332806, -28.852726830079789 ], [ 151.874984552998541, -28.896676621573786 ], [ 151.823959491560487, -28.92796630129353 ], [ 151.841340402736989, -29.023325466039765 ], [ 151.869053484004837, -29.019598811232896 ], [ 151.855997346954382, -28.948081854872477 ], [ 151.883690925682231, -28.944352572068045 ], [ 151.874984552998541, -28.896676621573786 ], [ 151.958018792929153, -28.885462920149983 ], [ 151.95365086082785, -28.861627553217108 ], [ 151.898308304978457, -28.869106821219503 ], [ 151.885251009078047, -28.797595975153953 ], [ 151.940558435128139, -28.79012173769712 ], [ 151.931839614605423, -28.742451390296445 ], [ 151.987116120003037, -28.73495993166474 ], [ 151.982747859260002, -28.711126477060411 ], [ 151.955116390664529, -28.71487393988529 ], [ 151.974017016742607, -28.663459633987706 ], [ 151.918775554331319, -28.670946080843024 ], [ 151.927483039664793, -28.718616263059726 ], [ 151.899847808654357, -28.72235344605927 ], [ 151.904198538873288, -28.746189408130196 ], [ 151.876555584313309, -28.749922284276092 ], [ 151.867867699518769, -28.702248719942652 ], [ 151.895498964618383, -28.698517510469692 ], [ 151.89115200554923, -28.67468159722916 ], [ 151.808270117600642, -28.685857311954077 ], [ 151.803942562057699, -28.662018927504782 ], [ 151.8591873449719, -28.654575249074163 ], [ 151.854849988507596, -28.630738538364874 ], [ 151.882463737451303, -28.627009821280854 ], [ 151.886806930231558, -28.650845702208365 ], [ 151.942040476399455, -28.643371195781519 ], [ 151.924632341125431, -28.54803435330474 ], [ 151.841849187813722, -28.559228455649908 ], [ 151.884020962049988, -28.480265710460781 ], [ 151.856444046191086, -28.48399460096206 ], [ 151.852113997262336, -28.460158703392118 ], [ 151.796966211540422, -28.467599446806645 ] ], [ [ 151.814251066641816, -28.562949555135297 ], [ 151.841849187813722, -28.559228455649908 ], [ 151.850514510966718, -28.606901838638368 ], [ 151.822904726753819, -28.610624590662439 ], [ 151.814251066641816, -28.562949555135297 ] ] ] } },
{ "type": "Feature", "properties": { "species_id": "rufous-scrub-bird", "species_name": "Rufous Scrub-bird", "suitability": 0.65 }, "geometry": { "type": "Polygon", "coordinates": [ [ [ 151.885251009078047, -28.797595975153953 ], [ 151.898308304978457, -28.869106821219503 ], [ 151.95365086082785, -28.861627553217108 ], [ 151.966760349782049, -28.933133821562627 ], [ 151.939072429505103, -28.93687855488319 ], [ 151.947809849444923, -28.984551396547197 ], [ 152.030903133504665, -28.973296676368232 ], [ 152.035292302463688, -28.997130661965848 ], [ 152.118386101564028, -28.985827041044598 ], [ 152.113979333495394, -28.961995605796535 ], [ 152.22472091265206, -28.94685543603666 ], [ 152.215866250210951, -28.899199575536429 ], [ 152.24353515265355, -28.895403375075478 ], [ 152.239104852286687, -28.871576380061104 ], [ 152.211441801581998, -28.875371727554246 ], [ 152.193763195420871, -28.780060787337035 ], [ 152.138478142925095, -28.787629260715995 ], [ 152.142883230758429, -28.81145863096944 ], [ 152.115232005043566, -28.815236003133158 ], [ 152.119633156217247, -28.839066259233032 ], [ 152.147290230144137, -28.835288040181297 ], [ 152.156109968509838, -28.88294699204712 ], [ 152.105171538551247, -28.914332928924047 ], [ 152.091974180587556, -28.842839335344941 ], [ 152.064313305652092, -28.846607267985377 ], [ 152.055536307844989, -28.798943416225427 ], [ 152.000232274831774, -28.806460477340227 ], [ 151.995858326565724, -28.782626927668414 ], [ 151.885251009078047, -28.797595975153953 ] ] ] } },
{ "type": "Feature", "properties": { "species_id": "rufous-scrub-bird", "species_name": "Rufous Scrub-bird", "suitability": 0.65 }, "geometry": { "type": "Polygon", "coordinates": [ [ [ 151.691615960109402, -28.823593736583415 ], [ 151.700236905614389, -28.87127925521597 ], [ 151.644872353026017, -28.878664179934972 ], [ 151.625780502856571, -28.93003963901652 ], [ 151.685483418389026, -28.946505492115797 ], [ 151.676862974219148, -28.898817963979301 ], [ 151.704550187173169, -28.895122095465336 ], [ 151.708865342883541, -28.918964995214893 ], [ 151.768574678520309, -28.935397433584104 ], [ 151.772905332436125, -28.959238793786383 ], [ 151.74520424286078, -28.962947468497852 ], [ 151.75385944750542, -29.01063207804566 ], [ 151.781572289414981, -29.006921728228765 ], [ 151.785908594914957, -29.030763310810435 ], [ 151.841340402736989, -29.023325466039765 ], [ 151.823959491560487, -28.92796630129353 ], [ 151.851649082729494, -28.924243008747496 ], [ 151.870634202104753, -28.87283873471727 ], [ 151.787600622553896, -28.884003586869856 ], [ 151.783269745219343, -28.860163245515743 ], [ 151.75559400046771, -28.863873731067436 ], [ 151.746949606032643, -28.816191536204425 ], [ 151.691615960109402, -28.823593736583415 ] ] ] } },
{ "type": "Feature", "properties": { "species_id": "rufous-scrub-bird", "species_name": "Rufous Scrub-bird", "suitability": 0.55 }, "geometry": { "type": "Polygon", "coordinates": [ [ [ 152.312204786782019, -28.959271720300109 ], [ 152.316654508532281, -28.983097232645836 ], [ 152.344341075000727, -28.97928216827453 ], [ 152.339885495596405, -28.955457516049183 ], [ 152.312204786782019, -28.959271720300109 ] ] ] } },
{ "type": "Feature", "properties": { "species_id": "rufous-scrub-bird", "species_name": "Rufous Scrub-bird", "suitability": 0.55 }, "geometry": { "type": "Polygon", "coordinates": [ [ [ 151.418973917632684, -29.201518258638259 ], [ 151.423238927075147, -29.225372139709588 ], [ 151.451017262959652, -29.221723047737658 ], [ 151.446746343368488, -29.197869998669322 ], [ 151.418973917632684, -29.201518258638259 ] ] ] } },
{ "type": "Feature", "properties": { "species_id": "rufous-scrub-bird", "species_name": "Rufous Scrub-bird", "suitability": 0.65 }, "geometry": { "type": "Polygon", "coordinates": [ [ [ 152.280080221480318, -28.939254471237842 ], [ 152.284522154469386, -28.963080778878322 ], [ 152.229151128947564, -28.970683456858936 ], [ 152.269109851975827, -29.18513911058384 ], [ 152.296849163511581, -29.181332592978581 ], [ 152.292395696236355, -29.15750469438316 ], [ 152.343393486796344, -29.126051858177586 ], [ 152.321106163805666, -29.006922811933464 ], [ 152.29341181128737, -29.010733589814116 ], [ 152.284522154469386, -28.963080778878322 ], [ 152.339885495596405, -28.955457516049183 ], [ 152.335431850875722, -28.931632925561573 ], [ 152.280080221480318, -28.939254471237842 ] ] ] } },
{ "type": "Feature", "properties": { "species_id": "rufous-scrub-bird", "species_name": "Rufous Scrub-bird", "suitability": 0.55 }, "geometry": { "type": "Polygon", "coordinates": [ [ [ 151.790246786715016, -29.054604975865306 ], [ 151.798928834100593, -29.102288570111746 ], [ 151.854395938999602, -29.094845669441014 ], [ 151.858751572450842, -29.118685917583523 ], [ 151.886488182650311, -29.114955884069463 ], [ 151.890851600472502, -29.138795382100906 ], [ 151.863109101961612, -29.142526262870312 ], [ 151.867468528760099, -29.166366709489932 ], [ 151.895216918016843, -29.162634980431488 ], [ 151.903953257195582, -29.210314494755295 ], [ 152.019369601474011, -29.219165670643289 ], [ 152.010582306571109, -29.171492762059199 ], [ 151.982835612859475, -29.175245982432084 ], [ 151.978450722180327, -29.151408833656518 ], [ 151.922963414954751, -29.158898091082357 ], [ 151.941955731019476, -29.10748034276855 ], [ 151.9696866643487, -29.103734836051256 ], [ 151.960930229657322, -29.056061210476063 ], [ 151.909855498994744, -29.087382137598233 ], [ 151.905489994703572, -29.063543673805032 ], [ 151.790246786715016, -29.054604975865306 ] ] ] } },
{ "type": "Feature", "properties": { "species_id": "rufous-scrub-bird", "species_name": "Rufous Scrub-bird", "suitability": 0.65 }, "geometry": { "type": "Polygon", "coordinates": [ [ [ 151.600434097874256, -29.104328474153153 ], [ 151.60473483072019, -29.128176190581232 ], [ 151.632482443818759, -29.124493442553689 ], [ 151.641101325515137, -29.172187510932211 ], [ 151.585580640338975, -29.17955119285952 ], [ 151.581282060945597, -29.155702430748999 ], [ 151.470241951466988, -29.170364470571513 ], [ 151.483072438290094, -29.241921122905083 ], [ 151.455290044405359, -29.245576217710553 ], [ 151.459564688913815, -29.269429512800475 ], [ 151.487352996649918, -29.265773582933566 ], [ 151.523717996902406, -29.309816116733831 ], [ 151.579308969422954, -29.302475050926926 ], [ 151.647845369469081, -29.366659668567042 ], [ 151.70345687325522, -29.359272165871566 ], [ 151.699125520142559, -29.335424932084841 ], [ 151.810302272890368, -29.320591270158342 ], [ 151.797248625128617, -29.249060554333045 ], [ 151.825020374665968, -29.245341767413016 ], [ 151.820667048418898, -29.221499291884903 ], [ 151.792901200615233, -29.225217230457009 ], [ 151.788555669757926, -29.201374023603236 ], [ 151.728698282597065, -29.184947931702762 ], [ 151.720040258209906, -29.137258692452086 ], [ 151.664542588270507, -29.144651675873245 ], [ 151.628175816593483, -29.100646562212333 ], [ 151.600434097874256, -29.104328474153153 ] ] ] } },
{ "type": "Feature", "properties": { "species_id": "rufous-scrub-bird", "species_name": "Rufous Scrub-bird", "suitability": 0.55 }, "geometry": { "type": "Polygon", "coordinates": [ [ [ 152.394361993614609, -29.094581969157733 ], [ 152.412266012635712, -29.189879495155541 ], [ 152.384528557019081, -29.193707503076023 ], [ 152.389003552190729, -29.217533001706435 ], [ 152.278010835154731, -29.232796953448648 ], [ 152.28246423429681, -29.256626040559219 ], [ 152.365729335775484, -29.245183203152344 ], [ 152.370202342519207, -29.26900979398404 ], [ 152.342443356022301, -29.272830103301978 ], [ 152.35585639446947, -29.344313216649329 ], [ 152.304760355808497, -29.375773300742701 ], [ 152.313692419965832, -29.423433134788997 ], [ 152.341490672431604, -29.419617903575187 ], [ 152.354921118115101, -29.491106121528517 ], [ 152.382735154145223, -29.487283086564812 ], [ 152.392596630360714, -29.388144587962362 ], [ 152.42038314694949, -29.384314740041553 ], [ 152.411407780704224, -29.336662192855655 ], [ 152.383633059343737, -29.340490285604904 ], [ 152.370202342519207, -29.26900979398404 ], [ 152.39795938927611, -29.265184325990255 ], [ 152.393480495855755, -29.241358607948222 ], [ 152.448976990902793, -29.233693946732728 ], [ 152.435516724473956, -29.162222679689116 ], [ 152.463244420445051, -29.158385235807973 ], [ 152.449784098951312, -29.086917454346739 ], [ 152.394361993614609, -29.094581969157733 ] ], [ [ 152.35585639446947, -29.344313216649329 ], [ 152.383633059343737, -29.340490285604904 ], [ 152.392596630360714, -29.388144587962362 ], [ 152.341490672431604, -29.419617903575187 ], [ 152.332546800615376, -29.371959820750732 ], [ 152.360331305497027, -29.36814117693676 ], [ 152.35585639446947, -29.344313216649329 ] ] ] } },
{ "type": "Feature", "properties": { "species_id": "rufous-scrub-bird", "species_name": "Rufous Scrub-bird", "suitability": 0.65 }, "geometry": { "type": "Polygon", "coordinates": [ [ [ 151.433874330607381, -29.443714509331659 ], [ 151.442431643532416, -29.491426937463029 ], [ 151.470277017468334, -29.48777380683099 ], [ 151.474564419606509, -29.511629429757114 ], [ 151.418859926977262, -29.518932195241913 ], [ 151.423137315133829, -29.542789678341361 ], [ 151.363147992275401, -29.526214229635908 ], [ 151.367413487656535, -29.550073396044052 ], [ 151.315937691070161, -29.581197402869346 ], [ 151.332978150854302, -29.676643433913554 ], [ 151.388768967950881, -29.669372029288631 ], [ 151.380221170293197, -29.621651998689803 ], [ 151.491732779867249, -29.607053690983754 ], [ 151.500328228116985, -29.654766942930252 ], [ 151.556096631655635, -29.647433269816297 ], [ 151.551786059680921, -29.62357824882276 ], [ 151.579661494096541, -29.619904484228343 ], [ 151.588296430919769, -29.667613016252503 ], [ 151.616181890606612, -29.663932358120203 ], [ 151.607535049597033, -29.616225534337147 ], [ 151.579661494096541, -29.619904484228343 ], [ 151.543170569541616, -29.575868778337391 ], [ 151.48314484695527, -29.559341197955558 ], [ 151.474564419606509, -29.511629429757114 ], [ 151.502413868991567, -29.507970274192072 ], [ 151.538865648925281, -29.552014320321614 ], [ 151.59457895973128, -29.544666711847142 ], [ 151.603214464651415, -29.592372409343763 ], [ 151.714666066981067, -29.577608188297717 ], [ 151.719010433195194, -29.60145789263629 ], [ 151.74687455718967, -29.597753024389956 ], [ 151.710323599382292, -29.553758665376176 ], [ 151.650284759697399, -29.537298376840212 ], [ 151.645957959000071, -29.513447497837085 ], [ 151.59026403730121, -29.5208141308314 ], [ 151.585950999922403, -29.496961722634634 ], [ 151.502413868991567, -29.507970274192072 ], [ 151.498120527177122, -29.484115495534525 ], [ 151.470277017468334, -29.48777380683099 ], [ 151.461707830173651, -29.440063062077833 ], [ 151.433874330607381, -29.443714509331659 ] ] ] } },
{ "type": "Feature", "properties": { "species_id": "rufous-scrub-bird", "species_name": "Rufous Scrub-bird", "suitability": 0.55 }, "geometry": { "type": "Polygon", "coordinates": [ [ [ 151.908324281294568, -29.234154419138992 ], [ 151.889294165128888, -29.285570609402164 ], [ 151.833732720372922, -29.293027083252468 ], [ 151.842452665239051, -29.340712913530485 ], [ 151.898037743795157, -29.333253025650844 ], [ 151.902412393236801, -29.357094434101253 ], [ 151.985793493436091, -29.345863271180541 ], [ 151.990187785724402, -29.369702242798013 ], [ 151.938974849452535, -29.401037403672014 ], [ 151.943361145398853, -29.424878382565193 ], [ 151.971172588081714, -29.421132082262694 ], [ 151.979962765020986, -29.468812771986975 ], [ 151.952139482216097, -29.472560796966313 ], [ 151.956531525575002, -29.496402240935357 ], [ 151.900867386184814, -29.503884494449448 ], [ 151.905249491723168, -29.527727828758149 ], [ 151.933088443663166, -29.523988426653695 ], [ 151.93747839496109, -29.547831066837237 ], [ 151.993162429816834, -29.540335003701671 ], [ 152.001971820500074, -29.588017339034813 ], [ 152.02982282957737, -29.584259805784011 ], [ 152.034236347701665, -29.608100370213599 ], [ 152.089944470882301, -29.600568027909365 ], [ 152.085519086932038, -29.57672920702991 ], [ 152.113364330314482, -29.572956142629387 ], [ 152.100081993820652, -29.50144333398045 ], [ 152.151295733390469, -29.470051383226188 ], [ 152.146862249964471, -29.446216008215213 ], [ 152.119050468467634, -29.44999506299764 ], [ 152.10135950487512, -29.354651569722506 ], [ 152.04577747156597, -29.362187240804541 ], [ 152.050185502503183, -29.386024628132727 ], [ 152.077983385917861, -29.382258512153744 ], [ 152.059007334954401, -29.433699834119356 ], [ 152.031195709387333, -29.437462510524785 ], [ 152.026789746095488, -29.413623969350176 ], [ 151.971172588081714, -29.421132082262694 ], [ 151.96678037575154, -29.39729196413332 ], [ 151.994583994984367, -29.393541354667608 ], [ 152.013583382693895, -29.342109214803124 ], [ 152.069157430395279, -29.334585602201052 ], [ 152.064747337845489, -29.310749348662448 ], [ 152.092525588575455, -29.306980656242359 ], [ 152.083699369283465, -29.259310253273263 ], [ 152.111463908600342, -29.255538121017342 ], [ 152.107047787919356, -29.231703961043845 ], [ 152.055932916936143, -29.263077223410779 ], [ 152.064747337845489, -29.310749348662448 ], [ 152.009185099565627, -29.318271238883757 ], [ 152.00478873336661, -29.294433393739304 ], [ 151.977010654802683, -29.298185731838185 ], [ 151.981401116876214, -29.322024435598468 ], [ 151.925827436557569, -29.329515329523694 ], [ 151.921448786439782, -29.305674911587353 ], [ 151.893665001504701, -29.309411752155828 ], [ 151.889294165128888, -29.285570609402164 ], [ 151.944848025773439, -29.278093471932749 ], [ 151.936088461409042, -29.230414975666811 ], [ 151.908324281294568, -29.234154419138992 ] ], [ [ 152.091236763988974, -29.453768947516419 ], [ 152.119050468467634, -29.44999506299764 ], [ 152.123478035622895, -29.473831308077237 ], [ 152.09565841362479, -29.47760606164103 ], [ 152.091236763988974, -29.453768947516419 ] ] ] } },
{ "type": "Feature", "properties": { "species_id": "rufous-scrub-bird", "species_name": "Rufous Scrub-bird", "suitability": 0.55 }, "geometry": { "type": "Polygon", "coordinates": [ [ [ 151.427505795919728, -29.249226142701069 ], [ 151.440317570938277, -29.320788925349728 ], [ 151.468119571956834, -29.317136495197619 ], [ 151.463841197694222, -29.29328293722315 ], [ 151.523717996902406, -29.309816116733831 ], [ 151.532304034096398, -29.357520293634664 ], [ 151.504493909475173, -29.361184748376832 ], [ 151.513075590509288, -29.408891185423503 ], [ 151.485251748070993, -29.412552147103845 ], [ 151.489539467934918, -29.436406436233693 ], [ 151.517369241436512, -29.432744632332639 ], [ 151.513075590509288, -29.408891185423503 ], [ 151.596535915016148, -29.397877243581455 ], [ 151.600847351852423, -29.421728157628884 ], [ 151.573023185847291, -29.42540549249556 ], [ 151.58163984636974, -29.473109483008997 ], [ 151.498120527177122, -29.484115495534525 ], [ 151.493829060564451, -29.460260884296726 ], [ 151.442431643532416, -29.491426937463029 ], [ 151.433874330607381, -29.443714509331659 ], [ 151.461707830173651, -29.440063062077833 ], [ 151.448868073444913, -29.368498134052995 ], [ 151.421052366935243, -29.372147063924551 ], [ 151.429598476501468, -29.419858538864741 ], [ 151.322521763421292, -29.458268501799708 ], [ 151.326775729481938, -29.482127987574536 ], [ 151.354622592479018, -29.478496422980459 ], [ 151.363147992275401, -29.526214229635908 ], [ 151.335289240303439, -29.529847471339718 ], [ 151.339548787484603, -29.553707477837669 ], [ 151.288063331605343, -29.584821952320382 ], [ 151.305079954208225, -29.680271349706519 ], [ 151.332978150854302, -29.676643433913554 ], [ 151.315937691070161, -29.581197402869346 ], [ 151.343810197461238, -29.577567666422848 ], [ 151.363147992275401, -29.526214229635908 ], [ 151.391004888654436, -29.522575804092263 ], [ 151.395276331027873, -29.546434129367285 ], [ 151.423137315133829, -29.542789678341361 ], [ 151.418859926977262, -29.518932195241913 ], [ 151.474564419606509, -29.511629429757114 ], [ 151.48314484695527, -29.559341197955558 ], [ 151.538865648925281, -29.552014320321614 ], [ 151.502413868991567, -29.507970274192072 ], [ 151.585950999922403, -29.496961722634634 ], [ 151.59026403730121, -29.5208141308314 ], [ 151.645957959000071, -29.513447497837085 ], [ 151.650284759697399, -29.537298376840212 ], [ 151.710323599382292, -29.553758665376176 ], [ 151.714666066981067, -29.577608188297717 ], [ 151.686805995240974, -29.581307017234728 ], [ 151.69548473809715, -29.62900832607771 ], [ 151.779094941768335, -29.617891145457513 ], [ 151.783455002060322, -29.641739504650573 ], [ 151.899318219307617, -29.650685683349469 ], [ 151.894932470422987, -29.626840590242676 ], [ 151.867065959844666, -29.630573092292103 ], [ 151.858312091802333, -29.582881736440825 ], [ 151.774736787504253, -29.594042974102358 ], [ 151.770380538028604, -29.570194986327891 ], [ 151.742524248729183, -29.57390417781437 ], [ 151.705983029164543, -29.52990931961855 ], [ 151.645957959000071, -29.513447497837085 ], [ 151.641633048288298, -29.489596789579739 ], [ 151.585950999922403, -29.496961722634634 ], [ 151.58163984636974, -29.473109483008997 ], [ 151.637310026333864, -29.465746247822718 ], [ 151.632988891909662, -29.441895868323833 ], [ 151.660815234775299, -29.43820733374146 ], [ 151.656490059209602, -29.414357960677169 ], [ 151.68430859566385, -29.410665099664893 ], [ 151.726922534721439, -29.331724271295386 ], [ 151.699125520142559, -29.335424932084841 ], [ 151.70345687325522, -29.359272165871566 ], [ 151.647845369469081, -29.366659668567042 ], [ 151.579308969422954, -29.302475050926926 ], [ 151.523717996902406, -29.309816116733831 ], [ 151.519427786323831, -29.285964233989176 ], [ 151.491635421736078, -29.289626171275568 ], [ 151.487352996649918, -29.265773582933566 ], [ 151.427505795919728, -29.249226142701069 ] ], [ [ 151.470277017468334, -29.48777380683099 ], [ 151.498120527177122, -29.484115495534525 ], [ 151.502413868991567, -29.507970274192072 ], [ 151.474564419606509, -29.511629429757114 ], [ 151.470277017468334, -29.48777380683099 ] ], [ [ 151.714666066981067, -29.577608188297717 ], [ 151.742524248729183, -29.57390417781437 ], [ 151.74687455718967, -29.597753024389956 ], [ 151.719010433195194, -29.60145789263629 ], [ 151.714666066981067, -29.577608188297717 ] ] ] } },
{ "type": "Feature", "properties": { "species_id": "rufous-scrub-bird", "species_name": "Rufous Scrub-bird", "suitability": 0.55 }, "geometry": { "type": "Polygon", "coordinates": [ [ [ 151.485330618956709, -29.729999927883011 ], [ 151.489630849925675, -29.753858323131247 ], [ 151.517541709812548, -29.750195860200456 ], [ 151.513235513173385, -29.72633831852233 ], [ 151.485330618956709, -29.729999927883011 ] ] ] } },
{ "type": "Feature", "properties": { "species_id": "rufous-scrub-bird", "species_name": "Rufous Scrub-bird", "suitability": 0.65 }, "geometry": { "type": "Polygon", "coordinates": [ [ [ 152.131617903009186, -29.057321783981429 ], [ 152.144866976355644, -29.128817270257027 ], [ 152.093810958587, -29.160202148178509 ], [ 152.111463908600342, -29.255538121017342 ], [ 152.083699369283465, -29.259310253273263 ], [ 152.092525588575455, -29.306980656242359 ], [ 152.064747337845489, -29.310749348662448 ], [ 152.069157430395279, -29.334585602201052 ], [ 152.013583382693895, -29.342109214803124 ], [ 151.994583994984367, -29.393541354667608 ], [ 151.96678037575154, -29.39729196413332 ], [ 151.971172588081714, -29.421132082262694 ], [ 152.026789746095488, -29.413623969350176 ], [ 152.031195709387333, -29.437462510524785 ], [ 152.059007334954401, -29.433699834119356 ], [ 152.04577747156597, -29.362187240804541 ], [ 152.10135950487512, -29.354651569722506 ], [ 152.119050468467634, -29.44999506299764 ], [ 152.146862249964471, -29.446216008215213 ], [ 152.151295733390469, -29.470051383226188 ], [ 152.123478035622895, -29.473831308077237 ], [ 152.13233897021928, -29.521504273934809 ], [ 152.192441332305947, -29.537770746519726 ], [ 152.201337590511912, -29.585441217373159 ], [ 152.173492207562276, -29.589230684364658 ], [ 152.177937322618931, -29.61306705946604 ], [ 152.122228897130043, -29.620632217154483 ], [ 152.131101216348412, -29.66830902632223 ], [ 152.158968266827344, -29.664527282168542 ], [ 152.195737225657211, -29.708414417644626 ], [ 152.247020623759767, -29.676986144839937 ], [ 152.233638011340446, -29.605481194182218 ], [ 152.205788635298518, -29.609276714995897 ], [ 152.224726011487718, -29.557812131095041 ], [ 152.280395242459832, -29.550209080721103 ], [ 152.317174495200305, -29.594063579243389 ], [ 152.368369159770396, -29.562595753277424 ], [ 152.405187941610848, -29.606428896703154 ], [ 152.433029614875181, -29.60259627031671 ], [ 152.419534301968355, -29.531110943656753 ], [ 152.391710387577035, -29.53494091297139 ], [ 152.382735154145223, -29.487283086564812 ], [ 152.354921118115101, -29.491106121528517 ], [ 152.341490672431604, -29.419617903575187 ], [ 152.392596630360714, -29.388144587962362 ], [ 152.383633059343737, -29.340490285604904 ], [ 152.35585639446947, -29.344313216649329 ], [ 152.342443356022301, -29.272830103301978 ], [ 152.370202342519207, -29.26900979398404 ], [ 152.365729335775484, -29.245183203152344 ], [ 152.254705334783409, -29.260430001798547 ], [ 152.281431127913095, -29.403412336809829 ], [ 152.25363490541244, -29.407216360548933 ], [ 152.262547233414836, -29.454879981961984 ], [ 152.234737256937052, -29.458680586454491 ], [ 152.208059006468972, -29.315686180337412 ], [ 152.23583355199824, -29.311890804841774 ], [ 152.218063201640291, -29.21656727414376 ], [ 152.190312228006491, -29.220359184812047 ], [ 152.177022416117183, -29.148865116490185 ], [ 152.204755736349767, -29.145075793383118 ], [ 152.191465631391083, -29.073585187504527 ], [ 152.131617903009186, -29.057321783981429 ] ], [ [ 152.328077788503776, -29.348130985436743 ], [ 152.35585639446947, -29.344313216649329 ], [ 152.360331305497027, -29.36814117693676 ], [ 152.332546800615376, -29.371959820750732 ], [ 152.328077788503776, -29.348130985436743 ] ], [ [ 152.304760355808497, -29.375773300742701 ], [ 152.332546800615376, -29.371959820750732 ], [ 152.341490672431604, -29.419617903575187 ], [ 152.313692419965832, -29.423433134788997 ], [ 152.304760355808497, -29.375773300742701 ] ] ] } },
{ "type": "Feature", "properties": { "species_id": "rufous-scrub-bird", "species_name": "Rufous Scrub-bird", "suitability": 0.55 }, "geometry": { "type": "Polygon", "coordinates": [ [ [ 152.164607801451893, -29.541558461755567 ], [ 152.173492207562276, -29.589230684364658 ], [ 152.145644891677165, -29.593014975487158 ], [ 152.150084075747202, -29.61685222703726 ], [ 152.177937322618931, -29.61306705946604 ], [ 152.173492207562276, -29.589230684364658 ], [ 152.233638011340446, -29.605481194182218 ], [ 152.247020623759767, -29.676986144839937 ], [ 152.219153447562576, -29.680784307602906 ], [ 152.22361228183874, -29.704620552558346 ], [ 152.163413276362462, -29.688365094255619 ], [ 152.200192068445205, -29.732251742907387 ], [ 152.228073066655156, -29.728456994985404 ], [ 152.270417101661707, -29.649348515930406 ], [ 152.298274456360048, -29.645540879751717 ], [ 152.2893309437342, -29.597874625749096 ], [ 152.317174495200305, -29.594063579243389 ], [ 152.321651201600787, -29.617895732836331 ], [ 152.372855756464645, -29.586425964442316 ], [ 152.409684385754048, -29.630258573322795 ], [ 152.353983323823712, -29.637910077760573 ], [ 152.358469875400829, -29.661741710580724 ], [ 152.414182795089545, -29.654088431366368 ], [ 152.451050900510381, -29.697912524442817 ], [ 152.506775782603711, -29.690224625428172 ], [ 152.469887884626331, -29.646414450082055 ], [ 152.525585124484991, -29.638719771228939 ], [ 152.521063014904428, -29.614893475059223 ], [ 152.460869330705094, -29.598758471026756 ], [ 152.447356262734786, -29.527275804507052 ], [ 152.419534301968355, -29.531110943656753 ], [ 152.433029614875181, -29.60259627031671 ], [ 152.405187941610848, -29.606428896703154 ], [ 152.368369159770396, -29.562595753277424 ], [ 152.340535425722067, -29.566416263814734 ], [ 152.345016100257197, -29.590247358621696 ], [ 152.317174495200305, -29.594063579243389 ], [ 152.312699744089826, -29.570231601819604 ], [ 152.284862117312343, -29.57404176673451 ], [ 152.280395242459832, -29.550209080721103 ], [ 152.224726011487718, -29.557812131095041 ], [ 152.229181038081975, -29.581646575067364 ], [ 152.201337590511912, -29.585441217373159 ], [ 152.192441332305947, -29.537770746519726 ], [ 152.164607801451893, -29.541558461755567 ] ], [ [ 152.25702254782945, -29.577846758002551 ], [ 152.284862117312343, -29.57404176673451 ], [ 152.2893309437342, -29.597874625749096 ], [ 152.261485448300135, -29.601680497581107 ], [ 152.25702254782945, -29.577846758002551 ] ], [ [ 152.437531983539799, -29.626425059087861 ], [ 152.465377622619116, -29.622586370924111 ], [ 152.469887884626331, -29.646414450082055 ], [ 152.442036319847716, -29.650254028201857 ], [ 152.437531983539799, -29.626425059087861 ] ] ] } },
{ "type": "Feature", "properties": { "species_id": "rufous-scrub-bird", "species_name": "Rufous Scrub-bird", "suitability": 0.55 }, "geometry": { "type": "Polygon", "coordinates": [ [ [ 150.111777367979585, -30.049852303622423 ], [ 150.115788355157207, -30.073753686424894 ], [ 150.143826121573539, -30.070346690306515 ], [ 150.139809094259448, -30.046446113418998 ], [ 150.111777367979585, -30.049852303622423 ] ] ] } },
{ "type": "Feature", "properties": { "species_id": "rufous-scrub-bird", "species_name": "Rufous Scrub-bird", "suitability": 0.55 }, "geometry": { "type": "Polygon", "coordinates": [ [ [ 152.376435710086781, -29.757070162717515 ], [ 152.3809320822389, -29.780902777253225 ], [ 152.408819204051866, -29.777074275090406 ], [ 152.404316890097448, -29.753242552841211 ], [ 152.376435710086781, -29.757070162717515 ] ] ] } },
{ "type": "Feature", "properties": { "species_id": "rufous-scrub-bird", "species_name": "Rufous Scrub-bird", "suitability": 0.55 }, "geometry": { "type": "Polygon", "coordinates": [ [ [ 152.302749145103888, -29.669374283232948 ], [ 152.311704393811311, -29.717041664413617 ], [ 152.283829231789525, -29.720851955178254 ], [ 152.273838579695735, -29.820001349013854 ], [ 152.329638411777552, -29.812378842904199 ], [ 152.320667479301449, -29.764709839601604 ], [ 152.348552572337951, -29.760892591825595 ], [ 152.330610485356232, -29.665560585507517 ], [ 152.302749145103888, -29.669374283232948 ] ] ] } },
{ "type": "Feature", "properties": { "species_id": "rufous-scrub-bird", "species_name": "Rufous Scrub-bird", "suitability": 0.55 }, "geometry": { "type": "Polygon", "coordinates": [ [ [ 150.059707553945714, -30.080552001222923 ], [ 150.067710641679383, -30.12835887312875 ], [ 150.095764012025541, -30.124960718423708 ], [ 150.087748831769119, -30.077155456902421 ], [ 150.059707553945714, -30.080552001222923 ] ] ] } },
{ "type": "Feature", "properties": { "species_id": "rufous-scrub-bird", "species_name": "Rufous Scrub-bird", "suitability": 0.55 }, "geometry": { "type": "Polygon", "coordinates": [ [ [ 151.44238573652288, -29.808888528576237 ], [ 151.446679672349035, -29.832749296164501 ], [ 151.39080899929985, -29.840042979978165 ], [ 151.395092857715923, -29.863905687015894 ], [ 151.506850623129537, -29.849294111183848 ], [ 151.511160284911654, -29.87315363142589 ], [ 151.539101010475747, -29.869486885008961 ], [ 151.543418542724964, -29.893345783307261 ], [ 151.459572779183304, -29.904333004384121 ], [ 151.468177612166443, -29.952056690790645 ], [ 151.580016076653664, -29.93738977797161 ], [ 151.571363363916078, -29.889672978562682 ], [ 151.627247341413948, -29.882311775781861 ], [ 151.581999717572103, -29.790567665325224 ], [ 151.526159762891922, -29.797911593970731 ], [ 151.530471621792685, -29.82176979463912 ], [ 151.474612199329329, -29.829094658552822 ], [ 151.470312287921217, -29.805234745548219 ], [ 151.44238573652288, -29.808888528576237 ] ] ] } },
{ "type": "Feature", "properties": { "species_id": "rufous-scrub-bird", "species_name": "Rufous Scrub-bird", "suitability": 0.55 }, "geometry": { "type": "Polygon", "coordinates": [ [ [ 150.007608315070456, -30.111234301721669 ], [ 150.011598640938359, -30.135139495398246 ], [ 150.039655517136453, -30.13175179895908 ], [ 150.03565914143357, -30.107847408762204 ], [ 150.007608315070456, -30.111234301721669 ] ] ] } },
{ "type": "Feature", "properties": { "species_id": "rufous-scrub-bird", "species_name": "Rufous Scrub-bird", "suitability": 0.55 }, "geometry": { "type": "Polygon", "coordinates": [ [ [ 150.87635856081431, -30.003811803576305 ], [ 150.884715056097406, -30.051571631269518 ], [ 150.944921090584728, -30.068344261604075 ], [ 150.964534590813003, -30.017027247585759 ], [ 150.936536855709534, -30.020587237826017 ], [ 150.9323475001448, -29.996709136988041 ], [ 150.87635856081431, -30.003811803576305 ] ] ] } },
{ "type": "Feature", "properties": { "species_id": "rufous-scrub-bird", "species_name": "Rufous Scrub-bird", "suitability": 0.55 }, "geometry": { "type": "Polygon", "coordinates": [ [ [ 150.296140828599732, -30.124924675658011 ], [ 150.30425129093112, -30.17272039080019 ], [ 150.332308666439758, -30.169277974381036 ], [ 150.324186114819838, -30.12148389315777 ], [ 150.296140828599732, -30.124924675658011 ] ] ] } },
{ "type": "Feature", "properties": { "species_id": "rufous-scrub-bird", "species_name": "Rufous Scrub-bird", "suitability": 0.55 }, "geometry": { "type": "Polygon", "coordinates": [ [ [ 151.756449138197269, -29.962940792643693 ], [ 151.760818067811897, -29.986794854400252 ], [ 151.78877951564769, -29.983081318267637 ], [ 151.784404602849605, -29.959228130094953 ], [ 151.756449138197269, -29.962940792643693 ] ] ] } },
{ "type": "Feature", "properties": { "species_id": "rufous-scrub-bird", "species_name": "Rufous Scrub-bird", "suitability": 0.65 }, "geometry": { "type": "Polygon", "coordinates": [ [ [ 152.04306917359213, -29.655782051122902 ], [ 152.024029019737611, -29.707226391466712 ], [ 151.996146388852168, -29.710983103133749 ], [ 151.991737035879055, -29.68714003486517 ], [ 151.935977909734163, -29.694636162234296 ], [ 151.944774749226355, -29.742325990166609 ], [ 151.972667170091455, -29.738578774404509 ], [ 151.968261837178233, -29.714734630915331 ], [ 152.028446250624597, -29.731068786994332 ], [ 152.037286513494053, -29.778754197210848 ], [ 152.009386030111671, -29.782513535578257 ], [ 152.013803108836299, -29.806357436513249 ], [ 152.074044987448787, -29.822674178085425 ], [ 152.078477856800021, -29.846516760287397 ], [ 152.050561429436641, -29.850283924553704 ], [ 152.081604177840546, -30.01719474440193 ], [ 152.133066195955138, -29.985799467038238 ], [ 152.12416711921486, -29.938113492999388 ], [ 152.207970520010406, -29.926754663989005 ], [ 152.212436987148379, -29.950594859933048 ], [ 152.240373526578225, -29.946797309402427 ], [ 152.194582855798217, -29.855235487729036 ], [ 152.250406293304337, -29.847642318488923 ], [ 152.241467137044168, -29.799967549734983 ], [ 152.213568297958147, -29.803764952619968 ], [ 152.194582855798217, -29.855235487729036 ], [ 152.110833123022019, -29.866586331468561 ], [ 152.106392350923272, -29.842744406992562 ], [ 152.16221552959334, -29.835184135557114 ], [ 152.148869152364711, -29.763664984771307 ], [ 152.12097639176551, -29.767445065611909 ], [ 152.112100431546622, -29.719764924484622 ], [ 152.028446250624597, -29.731068786994332 ], [ 152.024029019737611, -29.707226391466712 ], [ 152.075361322417166, -29.675856973848841 ], [ 152.070936071215698, -29.652016723307632 ], [ 152.04306917359213, -29.655782051122902 ] ] ] } },
{ "type": "Feature", "properties": { "species_id": "rufous-scrub-bird", "species_name": "Rufous Scrub-bird", "suitability": 0.55 }, "geometry": { "type": "Polygon", "coordinates": [ [ [ 151.569363544803622, -30.036504388035553 ], [ 151.578027073742078, -30.084226013191074 ], [ 151.606019819914849, -30.080546283430316 ], [ 151.59734429472195, -30.032826395860155 ], [ 151.569363544803622, -30.036504388035553 ] ] ] } },
{ "type": "Feature", "properties": { "species_id": "rufous-scrub-bird", "species_name": "Rufous Scrub-bird", "suitability": 0.55 }, "geometry": { "type": "Polygon", "coordinates": [ [ [ 150.649084370565873, -30.17884364602639 ], [ 150.657354292166218, -30.226622019197464 ], [ 150.685414286838693, -30.223113575145145 ], [ 150.677132283847271, -30.175336870270417 ], [ 150.649084370565873, -30.17884364602639 ] ] ] } },
{ "type": "Feature", "properties": { "species_id": "rufous-scrub-bird", "species_name": "Rufous Scrub-bird", "suitability": 0.55 }, "geometry": { "type": "Polygon", "coordinates": [ [ [ 150.456790160194998, -30.227139614660295 ], [ 150.460883704143441, -30.25103476809608 ], [ 150.488956337400623, -30.247562917639748 ], [ 150.48485674320068, -30.223668591174722 ], [ 150.456790160194998, -30.227139614660295 ] ] ] } },
{ "type": "Feature", "properties": { "species_id": "rufous-scrub-bird", "species_name": "Rufous Scrub-bird", "suitability": 0.65 }, "geometry": { "type": "Polygon", "coordinates": [ [ [ 151.328337250681756, -29.970273276859292 ], [ 151.341168716231891, -30.041873594642798 ], [ 151.313177030147784, -30.045503865550565 ], [ 151.293723153082112, -30.0968672515416 ], [ 151.265715713852444, -30.100488816321075 ], [ 151.257188054428809, -30.052748780577964 ], [ 151.229190769797441, -30.056363423606459 ], [ 151.237706408503072, -30.104105169110991 ], [ 151.265715713852444, -30.100488816321075 ], [ 151.274250871813848, -30.148229983772548 ], [ 151.246229535675155, -30.15184805049584 ], [ 151.259028288763545, -30.22346457846653 ], [ 151.287067689996746, -30.219843932998597 ], [ 151.306546751341159, -30.168476862271799 ], [ 151.334570364572102, -30.164847507111968 ], [ 151.33028793589321, -30.140978208437126 ], [ 151.302270339389338, -30.144606702903477 ], [ 151.293723153082112, -30.0968672515416 ], [ 151.377734249004618, -30.085971290737071 ], [ 151.369158531131859, -30.038238115534217 ], [ 151.420835502675516, -30.00708707300425 ], [ 151.384279015289621, -29.963002253587216 ], [ 151.328337250681756, -29.970273276859292 ] ] ] } },
{ "type": "Feature", "properties": { "species_id": "rufous-scrub-bird", "species_name": "Rufous Scrub-bird", "suitability": 0.65 }, "geometry": { "type": "Polygon", "coordinates": [ [ [ 150.071714828269393, -30.152262762442156 ], [ 150.079728492676736, -30.200071469682808 ], [ 150.051655206748649, -30.20346681516153 ], [ 150.055658627972605, -30.227372450377636 ], [ 150.111815558839851, -30.220574909084327 ], [ 150.115832866117159, -30.244479246398065 ], [ 150.087749219773457, -30.247881444308604 ], [ 150.067679481910801, -30.299091306942984 ], [ 150.095777018837225, -30.295692721450923 ], [ 150.131919812375259, -30.340099886010488 ], [ 150.188130334810495, -30.333273270979525 ], [ 150.196208745211379, -30.381082355636433 ], [ 150.252436459994357, -30.374231511602424 ], [ 150.248384220796765, -30.350328437896422 ], [ 150.220277323011942, -30.353755658368506 ], [ 150.212190337741561, -30.305948895458716 ], [ 150.240285101141097, -30.302523314048244 ], [ 150.196037738628348, -30.210339352638826 ], [ 150.224108263974102, -30.206917037373479 ], [ 150.220068506638086, -30.183016269870635 ], [ 150.163937794365552, -30.189854042198913 ], [ 150.159911917776242, -30.165951961582405 ], [ 150.103786251293741, -30.172767190806379 ], [ 150.099774248704421, -30.148863801069115 ], [ 150.071714828269393, -30.152262762442156 ] ] ] } },
{ "type": "Feature", "properties": { "species_id": "rufous-scrub-bird", "species_name": "Rufous Scrub-bird", "suitability": 0.65 }, "geometry": { "type": "Polygon", "coordinates": [ [ [ 152.137518661923878, -30.009642826861146 ], [ 152.146429455427921, -30.057330313645505 ], [ 152.062518935240576, -30.068655735102762 ], [ 152.108288221361022, -30.160271107059842 ], [ 152.136282347753934, -30.156492393176094 ], [ 152.155348072859596, -30.105018852031133 ], [ 152.18332632137836, -30.101231526286007 ], [ 152.187794554003545, -30.125075304659894 ], [ 152.243757161857872, -30.117483260239187 ], [ 152.239276959573715, -30.093641276966583 ], [ 152.267249344294299, -30.089838354532425 ], [ 152.253802594531948, -30.018316687893286 ], [ 152.202360070862312, -30.049754042122657 ], [ 152.193425367775376, -30.002070126072017 ], [ 152.137518661923878, -30.009642826861146 ] ] ] } },
{ "type": "Feature", "properties": { "species_id": "rufous-scrub-bird", "species_name": "Rufous Scrub-bird", "suitability": 0.55 }, "geometry": { "type": "Polygon", "coordinates": [ [ [ 152.094371789215103, -29.624407029263544 ], [ 152.075361322417166, -29.675856973848841 ], [ 152.047488483869387, -29.679623176111672 ], [ 152.04306917359213, -29.655782051122902 ], [ 152.01520035277008, -29.659542198235069 ], [ 151.972667170091455, -29.738578774404509 ], [ 151.944774749226355, -29.742325990166609 ], [ 151.935977909734163, -29.694636162234296 ], [ 151.963858431347518, -29.69089069024913 ], [ 151.959456951345544, -29.667046948139202 ], [ 151.908095473497212, -29.698376450268743 ], [ 151.916880411243426, -29.746068019895297 ], [ 151.944774749226355, -29.742325990166609 ], [ 151.962391548633121, -29.837708178123432 ], [ 151.99030779768222, -29.833957462042168 ], [ 152.007979359174243, -29.929339737062801 ], [ 152.035917546450321, -29.925580309721365 ], [ 152.049209489692942, -29.997116882949598 ], [ 152.02125337923772, -30.000878962768351 ], [ 152.025681935327611, -30.024725874173313 ], [ 151.969751954204639, -30.032236211663491 ], [ 151.965335360632821, -30.008387530800196 ], [ 151.993295335391821, -30.004635845572622 ], [ 151.984456002373747, -29.95694101403766 ], [ 151.956507983925036, -29.960690934089133 ], [ 151.943281426012703, -29.889147886956675 ], [ 151.915349401225967, -29.892889974419671 ], [ 151.910950380343337, -29.869041890904935 ], [ 151.855092514395835, -29.876508734717145 ], [ 151.859479595077119, -29.900358568510473 ], [ 151.887415456756344, -29.896626868456426 ], [ 151.885842516024411, -30.043462722524733 ], [ 151.825506609932376, -30.027067973646623 ], [ 151.838672385069145, -30.09862803429758 ], [ 151.810682901161385, -30.102351159027918 ], [ 151.815069351359256, -30.126205937411093 ], [ 151.759072636556141, -30.133638331160682 ], [ 151.763449011447591, -30.157495150775397 ], [ 151.819457728857401, -30.15006099597181 ], [ 151.862263437453208, -30.071046963933036 ], [ 151.890243087396556, -30.067314313620855 ], [ 151.903456400235314, -30.138870714016047 ], [ 151.847459209107626, -30.146336108057714 ], [ 151.86065393130832, -30.217900355344501 ], [ 151.888671498788398, -30.214167605126544 ], [ 151.879861075718765, -30.166459589485175 ], [ 151.907864708300934, -30.162723404278459 ], [ 151.903456400235314, -30.138870714016047 ], [ 151.959445882260724, -30.131384499444572 ], [ 151.95502752022449, -30.107533862184209 ], [ 152.00656888601128, -30.076180018914105 ], [ 152.002142427303625, -30.052331698576896 ], [ 152.05808050657518, -30.044809190654174 ], [ 152.062518935240576, -30.068655735102762 ], [ 152.146429455427921, -30.057330313645505 ], [ 152.137518661923878, -30.009642826861146 ], [ 152.193425367775376, -30.002070126072017 ], [ 152.202360070862312, -30.049754042122657 ], [ 152.253802594531948, -30.018316687893286 ], [ 152.262765127591308, -30.065997537567039 ], [ 152.290729573611344, -30.062190316474869 ], [ 152.299711936292226, -30.109870418288505 ], [ 152.327686379782989, -30.106056199669332 ], [ 152.318692058882618, -30.058377899252754 ], [ 152.346652580932414, -30.054560286472086 ], [ 152.342152405291557, -30.030722429531203 ], [ 152.290729573611344, -30.062190316474869 ], [ 152.27278847431981, -29.966833219546459 ], [ 152.244847920052365, -29.970636855168443 ], [ 152.240373526578225, -29.946797309402427 ], [ 152.268308114108834, -29.942994567424886 ], [ 152.250406293304337, -29.847642318488923 ], [ 152.194582855798217, -29.855235487729036 ], [ 152.237000492986937, -29.776130489306571 ], [ 152.185667514587777, -29.80755717032212 ], [ 152.139981298058046, -29.71598660416555 ], [ 152.112100431546622, -29.719764924484622 ], [ 152.12097639176551, -29.767445065611909 ], [ 152.148869152364711, -29.763664984771307 ], [ 152.157764789391564, -29.811344202280161 ], [ 152.185667514587777, -29.80755717032212 ], [ 152.190124209214787, -29.83139621853784 ], [ 152.106392350923272, -29.842744406992562 ], [ 152.110833123022019, -29.866586331468561 ], [ 152.194582855798217, -29.855235487729036 ], [ 152.240373526578225, -29.946797309402427 ], [ 152.212436987148379, -29.950594859933048 ], [ 152.207970520010406, -29.926754663989005 ], [ 152.12416711921486, -29.938113492999388 ], [ 152.133066195955138, -29.985799467038238 ], [ 152.081604177840546, -30.01719474440193 ], [ 152.050561429436641, -29.850283924553704 ], [ 152.078477856800021, -29.846516760287397 ], [ 152.074044987448787, -29.822674178085425 ], [ 152.013803108836299, -29.806357436513249 ], [ 152.009386030111671, -29.782513535578257 ], [ 152.037286513494053, -29.778754197210848 ], [ 152.028446250624597, -29.731068786994332 ], [ 152.084217633166531, -29.723538062099976 ], [ 152.075361322417166, -29.675856973848841 ], [ 152.131101216348412, -29.66830902632223 ], [ 152.122228897130043, -29.620632217154483 ], [ 152.094371789215103, -29.624407029263544 ] ], [ [ 152.019613720871689, -29.683384196635021 ], [ 152.047488483869387, -29.679623176111672 ], [ 152.051909727377137, -29.703464496468097 ], [ 152.024029019737611, -29.707226391466712 ], [ 152.019613720871689, -29.683384196635021 ] ], [ [ 151.996146388852168, -29.710983103133749 ], [ 152.024029019737611, -29.707226391466712 ], [ 152.028446250624597, -29.731068786994332 ], [ 152.00055767137755, -29.734826373162338 ], [ 151.996146388852168, -29.710983103133749 ] ], [ [ 151.977074431342004, -29.762423124986615 ], [ 152.004970884711611, -29.75866984921975 ], [ 152.009386030111671, -29.782513535578257 ], [ 151.981483622185834, -29.786267686935133 ], [ 151.977074431342004, -29.762423124986615 ] ], [ [ 151.985894743879868, -29.810112464526913 ], [ 152.013803108836299, -29.806357436513249 ], [ 152.018222122145033, -29.830201556303813 ], [ 151.99030779768222, -29.833957462042168 ], [ 151.985894743879868, -29.810112464526913 ] ], [ [ 152.184498498286757, -29.954387218450648 ], [ 152.212436987148379, -29.950594859933048 ], [ 152.249324275610292, -29.994476646565019 ], [ 152.193425367775376, -30.002070126072017 ], [ 152.184498498286757, -29.954387218450648 ] ] ] } },
{ "type": "Feature", "properties": { "species_id": "rufous-scrub-bird", "species_name": "Rufous Scrub-bird", "suitability": 0.55 }, "geometry": { "type": "Polygon", "coordinates": [ [ [ 150.841207131616756, -30.130303669692871 ], [ 150.801803986680682, -30.232913015631777 ], [ 150.885969284774177, -30.222291122033504 ], [ 150.890157142605773, -30.246174372378267 ], [ 150.862097835733493, -30.249721071510294 ], [ 150.87465434749231, -30.321375268648211 ], [ 150.81849396327064, -30.328458061601339 ], [ 150.831030762694525, -30.400120307593518 ], [ 150.85913003334548, -30.396578983296148 ], [ 150.850758215193991, -30.348805511333332 ], [ 150.906927027190932, -30.341710566415578 ], [ 150.890157142605773, -30.246174372378267 ], [ 150.950472027370267, -30.262947173994284 ], [ 150.93787223142985, -30.191302494587003 ], [ 150.965913955909542, -30.187741819490217 ], [ 150.897263579562946, -30.123213476000291 ], [ 150.841207131616756, -30.130303669692871 ] ] ] } },
{ "type": "Feature", "properties": { "species_id": "rufous-scrub-bird", "species_name": "Rufous Scrub-bird", "suitability": 0.65 }, "geometry": { "type": "Polygon", "coordinates": [ [ [ 150.93787223142985, -30.191302494587003 ], [ 150.950472027370267, -30.262947173994284 ], [ 150.922410355697679, -30.266505168048884 ], [ 150.885969284774177, -30.222291122033504 ], [ 150.829860916372525, -30.229377608182844 ], [ 150.834036695648194, -30.253262546158496 ], [ 150.890157142605773, -30.246174372378267 ], [ 150.906927027190932, -30.341710566415578 ], [ 150.850758215193991, -30.348805511333332 ], [ 150.85913003334548, -30.396578983296148 ], [ 150.887227466091502, -30.393032427385485 ], [ 150.883034579335771, -30.369146371423149 ], [ 150.967297666604367, -30.358477874445708 ], [ 150.958881141325236, -30.310711872300629 ], [ 150.98695305381213, -30.30714695384783 ], [ 150.965913955909542, -30.187741819490217 ], [ 150.93787223142985, -30.191302494587003 ] ], [ [ 150.926607945522051, -30.290388205025973 ], [ 150.9546756585396, -30.286829362359345 ], [ 150.958881141325236, -30.310711872300629 ], [ 150.930807384422934, -30.314271564614437 ], [ 150.926607945522051, -30.290388205025973 ] ] ] } },
{ "type": "Feature", "properties": { "species_id": "rufous-scrub-bird", "species_name": "Rufous Scrub-bird", "suitability": 0.55 }, "geometry": { "type": "Polygon", "coordinates": [ [ [ 150.200073219900247, -30.234241251460908 ], [ 150.236238218337689, -30.278621255098074 ], [ 150.292410290822147, -30.271756026850056 ], [ 150.272432820192819, -30.322994070182322 ], [ 150.212190337741561, -30.305948895458716 ], [ 150.220277323011942, -30.353755658368506 ], [ 150.248384220796765, -30.350328437896422 ], [ 150.252436459994357, -30.374231511602424 ], [ 150.196208745211379, -30.381082355636433 ], [ 150.188130334810495, -30.333273270979525 ], [ 150.131919812375259, -30.340099886010488 ], [ 150.095777018837225, -30.295692721450923 ], [ 150.067679481910801, -30.299091306942984 ], [ 150.071689967177747, -30.322998257430985 ], [ 150.099793573260399, -30.319598859460584 ], [ 150.079716245611394, -30.370813182284589 ], [ 150.131919812375259, -30.340099886010488 ], [ 150.13594598404859, -30.364005890509691 ], [ 150.196208745211379, -30.381082355636433 ], [ 150.204294286332185, -30.428892836577429 ], [ 150.26054630300024, -30.422038704626242 ], [ 150.264603909160002, -30.445942832774588 ], [ 150.292733323290918, -30.44250708036089 ], [ 150.288669639564006, -30.41860377737266 ], [ 150.344910956370796, -30.411718202959513 ], [ 150.357143860707396, -30.483424227219771 ], [ 150.41341447483876, -30.476512716030953 ], [ 150.409322883054415, -30.452612009879413 ], [ 150.38119455187848, -30.456069554776825 ], [ 150.373028931504876, -30.408267556861968 ], [ 150.344910956370796, -30.411718202959513 ], [ 150.336764678101417, -30.363915958522561 ], [ 150.364870512844021, -30.360466966404186 ], [ 150.344505911665834, -30.240971416487046 ], [ 150.316430383104034, -30.244416291273875 ], [ 150.312368897660178, -30.220517341573348 ], [ 150.200073219900247, -30.234241251460908 ] ] ] } },
{ "type": "Feature", "properties": { "species_id": "rufous-scrub-bird", "species_name": "Rufous Scrub-bird", "suitability": 0.65 }, "geometry": { "type": "Polygon", "coordinates": [ [ [ 152.28727399192374, -29.891511832891485 ], [ 152.309705626699099, -30.010700641514767 ], [ 152.337654203024755, -30.006884827855774 ], [ 152.346652580932414, -30.054560286472086 ], [ 152.318692058882618, -30.058377899252754 ], [ 152.33218650172094, -30.12989575166587 ], [ 152.383629366933491, -30.098412170008114 ], [ 152.392655515479731, -30.146087929714973 ], [ 152.420636014644401, -30.142256307705228 ], [ 152.425158045693394, -30.1660936912929 ], [ 152.397171562573135, -30.169926221014549 ], [ 152.406209608874235, -30.217603648127209 ], [ 152.46220454621124, -30.209929749986348 ], [ 152.46673852956701, -30.2337670713401 ], [ 152.494739015105807, -30.229921407872929 ], [ 152.476591083149884, -30.134577470112792 ], [ 152.448614538025851, -30.138419487645553 ], [ 152.435042415398669, -30.066911687095118 ], [ 152.407081825105934, -30.070745787474934 ], [ 152.393545463817304, -29.999237622449439 ], [ 152.44942885235389, -29.991569650067458 ], [ 152.48642565639372, -30.035394309226728 ], [ 152.514374347250708, -30.031545535124817 ], [ 152.509838353964312, -30.00771310086937 ], [ 152.481895629496648, -30.011560968570986 ], [ 152.41246186174024, -29.947737173891507 ], [ 152.356598393416704, -29.955391163387283 ], [ 152.343109545952927, -29.883883975316014 ], [ 152.28727399192374, -29.891511832891485 ] ] ] } },
{ "type": "Feature", "properties": { "species_id": "rufous-scrub-bird", "species_name": "Rufous Scrub-bird", "suitability": 0.55 }, "geometry": { "type": "Polygon", "coordinates": [ [ [ 150.807106215584582, -30.427545346122283 ], [ 150.811284616890447, -30.451434642266275 ], [ 150.839397845664479, -30.447896852510407 ], [ 150.835213381703824, -30.424008405691886 ], [ 150.807106215584582, -30.427545346122283 ] ] ] } },
{ "type": "Feature", "properties": { "species_id": "rufous-scrub-bird", "species_name": "Rufous Scrub-bird", "suitability": 0.55 }, "geometry": { "type": "Polygon", "coordinates": [ [ [ 152.634711604597186, -30.210615085410634 ], [ 152.639283508892163, -30.234447196192704 ], [ 152.667278025336373, -30.23056941415587 ], [ 152.662700137524865, -30.206738223970692 ], [ 152.634711604597186, -30.210615085410634 ] ] ] } },
{ "type": "Feature", "properties": { "species_id": "rufous-scrub-bird", "species_name": "Rufous Scrub-bird", "suitability": 0.55 }, "geometry": { "type": "Polygon", "coordinates": [ [ [ 151.556670054317067, -30.282481686954782 ], [ 151.574032894743425, -30.377944968428189 ], [ 151.602101646505304, -30.374265164238629 ], [ 151.610806614160794, -30.421997005021435 ], [ 151.666962529217528, -30.414618202962046 ], [ 151.658233425665031, -30.36688989493393 ], [ 151.714357555580847, -30.359493748152996 ], [ 151.709983830628175, -30.335631854148886 ], [ 151.681928750135484, -30.339331652657528 ], [ 151.677562974536784, -30.315469195810358 ], [ 151.62145912817445, -30.322851375924365 ], [ 151.625812850951831, -30.346715595943877 ], [ 151.597752037283726, -30.350399739594831 ], [ 151.584714692986267, -30.278805396145216 ], [ 151.556670054317067, -30.282481686954782 ] ] ] } },
{ "type": "Feature", "properties": { "species_id": "rufous-scrub-bird", "species_name": "Rufous Scrub-bird", "suitability": 0.65 }, "geometry": { "type": "Polygon", "coordinates": [ [ [ 150.510147248349654, -30.537802937989195 ], [ 150.514264331182261, -30.561702613283067 ], [ 150.542415850335885, -30.558219919894377 ], [ 150.538292683978312, -30.534321084790822 ], [ 150.510147248349654, -30.537802937989195 ] ] ] } },
{ "type": "Feature", "properties": { "species_id": "rufous-scrub-bird", "species_name": "Rufous Scrub-bird", "suitability": 0.55 }, "geometry": { "type": "Polygon", "coordinates": [ [ [ 151.690666069494426, -30.38705753504809 ], [ 151.695037615775163, -30.410920969340797 ], [ 151.723110784997914, -30.407218514746365 ], [ 151.718733206616662, -30.383355966893809 ], [ 151.690666069494426, -30.38705753504809 ] ] ] } },
{ "type": "Feature", "properties": { "species_id": "rufous-scrub-bird", "species_name": "Rufous Scrub-bird", "suitability": 0.55 }, "geometry": { "type": "Polygon", "coordinates": [ [ [ 151.733659171632837, -30.30806614913136 ], [ 151.738036995041369, -30.331926838482058 ], [ 151.794137565595349, -30.324501157933899 ], [ 151.802923096387872, -30.372219948762925 ], [ 151.830982544077443, -30.368497506720196 ], [ 151.839787871161548, -30.41621581839836 ], [ 151.867857444333083, -30.412486374512191 ], [ 151.854634283097283, -30.340912071916371 ], [ 151.82658278731796, -30.344638840244833 ], [ 151.789747699400721, -30.300642240397409 ], [ 151.733659171632837, -30.30806614913136 ] ] ] } },
{ "type": "Feature", "properties": { "species_id": "rufous-scrub-bird", "species_name": "Rufous Scrub-bird", "suitability": 0.55 }, "geometry": { "type": "Polygon", "coordinates": [ [ [ 150.361225096732881, -30.507326961681468 ], [ 150.377568078678564, -30.60294164952581 ], [ 150.405734718090315, -30.59948434700031 ], [ 150.389367383438042, -30.503872995491946 ], [ 150.361225096732881, -30.507326961681468 ] ] ] } },
{ "type": "Feature", "properties": { "species_id": "rufous-scrub-bird", "species_name": "Rufous Scrub-bird", "suitability": 0.55 }, "geometry": { "type": "Polygon", "coordinates": [ [ [ 150.506031983348549, -30.513903637027589 ], [ 150.510147248349654, -30.537802937989195 ], [ 150.538292683978312, -30.534321084790822 ], [ 150.518383233042556, -30.585602667343107 ], [ 150.578829527248871, -30.602529104997775 ], [ 150.562308881752841, -30.506936367520346 ], [ 150.506031983348549, -30.513903637027589 ] ] ] } },
{ "type": "Feature", "properties": { "species_id": "rufous-scrub-bird", "species_name": "Rufous Scrub-bird", "suitability": 0.55 }, "geometry": { "type": "Polygon", "coordinates": [ [ [ 151.731871728851388, -30.45494461530609 ], [ 151.736255096853682, -30.478808176782145 ], [ 151.764344453910638, -30.475097832716418 ], [ 151.7599550474865, -30.451235162012047 ], [ 151.731871728851388, -30.45494461530609 ] ] ] } },
{ "type": "Feature", "properties": { "species_id": "rufous-scrub-bird", "species_name": "Rufous Scrub-bird", "suitability": 0.55 }, "geometry": { "type": "Polygon", "coordinates": [ [ [ 151.158785380495942, -29.821271477419302 ], [ 151.163017637348986, -29.845140495145269 ], [ 151.051218520636979, -29.859495675643736 ], [ 151.05964066819638, -29.907241162243832 ], [ 151.007907937974892, -29.938265685147645 ], [ 151.033157804735112, -30.081520003645092 ], [ 151.117183044549222, -30.070769886449092 ], [ 151.121415879892083, -30.0946440260633 ], [ 151.177435481561389, -30.087449516400582 ], [ 151.173190619507579, -30.063577077969317 ], [ 151.201191623988905, -30.059972856251619 ], [ 151.209695239540309, -30.107716309364957 ], [ 151.237706408503072, -30.104105169110991 ], [ 151.241967035418298, -30.1279764656454 ], [ 151.293723153082112, -30.0968672515416 ], [ 151.302270339389338, -30.144606702903477 ], [ 151.33028793589321, -30.140978208437126 ], [ 151.334570364572102, -30.164847507111968 ], [ 151.306546751341159, -30.168476862271799 ], [ 151.287067689996746, -30.219843932998597 ], [ 151.259028288763545, -30.22346457846653 ], [ 151.263298294660416, -30.247337360122312 ], [ 151.291343722640761, -30.243715852975857 ], [ 151.304183117571313, -30.315333484706091 ], [ 151.276119594180983, -30.318957583196106 ], [ 151.312752140702173, -30.363080176077968 ], [ 151.284676541049208, -30.366706007400033 ], [ 151.288957842344217, -30.390580715287495 ], [ 151.349414520559975, -30.407195396688323 ], [ 151.353711689650964, -30.4310690403798 ], [ 151.297526106840763, -30.438331144569212 ], [ 151.301813072519479, -30.462206874748848 ], [ 151.418513942749541, -30.47153085275475 ], [ 151.422828901967648, -30.495403786646062 ], [ 151.450933228009319, -30.491751812869769 ], [ 151.455256142695532, -30.515624222097621 ], [ 151.515808128989477, -30.5321738333013 ], [ 151.507136186132243, -30.484432181178164 ], [ 151.479035656906603, -30.488094610859502 ], [ 151.466060204991123, -30.416482116897583 ], [ 151.494142600291838, -30.41282232364318 ], [ 151.51355817013436, -30.361420851831568 ], [ 151.461738865193695, -30.392611968979587 ], [ 151.425035717983548, -30.348524617236933 ], [ 151.45310189436816, -30.344872671920864 ], [ 151.448786260846447, -30.321003514017494 ], [ 151.476844513035445, -30.317347221047019 ], [ 151.481166178540974, -30.341215505477454 ], [ 151.532955334436224, -30.310018977214483 ], [ 151.519965595261169, -30.238421265385913 ], [ 151.491929205920314, -30.242085376226097 ], [ 151.483290935357928, -30.194353358707318 ], [ 151.431542710325004, -30.225530051187459 ], [ 151.422932307812374, -30.177795159923519 ], [ 151.362592102997723, -30.161212937825518 ], [ 151.354017099283709, -30.113476352496463 ], [ 151.457421646234479, -30.051164302485475 ], [ 151.4445125467916, -29.979573494915869 ], [ 151.416540353984459, -29.983222874753519 ], [ 151.412247090079006, -29.959358935827467 ], [ 151.384279015289621, -29.963002253587216 ], [ 151.379993626678072, -29.93913771305305 ], [ 151.216431331204433, -29.984752859164697 ], [ 151.235901647691719, -29.933403414720917 ], [ 151.347752154012198, -29.918909828057284 ], [ 151.367148734874746, -29.867545584579396 ], [ 151.283305170558464, -29.878434077234989 ], [ 151.279045246401608, -29.85456796677612 ], [ 151.223152206335698, -29.861799261101467 ], [ 151.21466189291661, -29.814064364205237 ], [ 151.158785380495942, -29.821271477419302 ] ], [ [ 151.09604673752591, -29.951403293143933 ], [ 151.124021419779211, -29.947813729666379 ], [ 151.128250970655472, -29.971685670590194 ], [ 151.184206788968396, -29.964489231256174 ], [ 151.188450201262583, -29.988359738187903 ], [ 151.16046721628976, -29.991961409505453 ], [ 151.168947622090201, -30.039704916901552 ], [ 151.056949115750655, -30.054066289725526 ], [ 151.052732019868728, -30.030191011905256 ], [ 151.104495691255465, -29.99914912685934 ], [ 151.09604673752591, -29.951403293143933 ] ], [ [ 151.328337250681756, -29.970273276859292 ], [ 151.384279015289621, -29.963002253587216 ], [ 151.420835502675516, -30.00708707300425 ], [ 151.369158531131859, -30.038238115534217 ], [ 151.377734249004618, -30.085971290737071 ], [ 151.293723153082112, -30.0968672515416 ], [ 151.289452376269054, -30.072997950855683 ], [ 151.341168716231891, -30.041873594642798 ], [ 151.328337250681756, -29.970273276859292 ] ], [ [ 151.220682609769142, -30.008622779250249 ], [ 151.248667883741433, -30.005009841821103 ], [ 151.252927033605033, -30.028879176244175 ], [ 151.224935755559812, -30.032492965953299 ], [ 151.220682609769142, -30.008622779250249 ] ], [ [ 151.229190769797441, -30.056363423606459 ], [ 151.257188054428809, -30.052748780577964 ], [ 151.265715713852444, -30.100488816321075 ], [ 151.237706408503072, -30.104105169110991 ], [ 151.229190769797441, -30.056363423606459 ] ], [ [ 151.343140873241083, -30.212586990445281 ], [ 151.40350667479359, -30.229177645177671 ], [ 151.407808694254214, -30.253046412450697 ], [ 151.379764750853468, -30.256689657242159 ], [ 151.388362414774321, -30.304429861059845 ], [ 151.332244763812895, -30.311704164483917 ], [ 151.327957048332678, -30.28783217015976 ], [ 151.356010783034321, -30.284198495767672 ], [ 151.343140873241083, -30.212586990445281 ] ], [ [ 151.388362414774321, -30.304429861059845 ], [ 151.416418414459059, -30.30078487896759 ], [ 151.425035717983548, -30.348524617236933 ], [ 151.368897698651779, -30.355812842256011 ], [ 151.388362414774321, -30.304429861059845 ] ] ] } },
{ "type": "Feature", "properties": { "species_id": "rufous-scrub-bird", "species_name": "Rufous Scrub-bird", "suitability": 0.55 }, "geometry": { "type": "Polygon", "coordinates": [ [ [ 151.226045712144099, -30.520821165383651 ], [ 151.234596523397158, -30.568580348469613 ], [ 151.262726182912161, -30.56496324484193 ], [ 151.258443770508677, -30.54108434244619 ], [ 151.314685318163185, -30.533836180234204 ], [ 151.310392676938903, -30.509959388177393 ], [ 151.226045712144099, -30.520821165383651 ] ] ] } },
{ "type": "Feature", "properties": { "species_id": "rufous-scrub-bird", "species_name": "Rufous Scrub-bird", "suitability": 0.55 }, "geometry": { "type": "Polygon", "coordinates": [ [ [ 152.07140163937774, -30.116349626778533 ], [ 152.061180456054672, -30.215510837956579 ], [ 152.089190470550932, -30.211740742350905 ], [ 152.084740331706087, -30.187892536103771 ], [ 152.140742521544695, -30.180338520648117 ], [ 152.158602828345664, -30.275725930030017 ], [ 152.186624995038613, -30.271937517060422 ], [ 152.182150971027653, -30.248091122573303 ], [ 152.238177424025224, -30.240500480907841 ], [ 152.219127198900566, -30.291989689356825 ], [ 152.163072814369684, -30.299573528956188 ], [ 152.172018686601888, -30.347269653146114 ], [ 152.228097105606878, -30.33968219457639 ], [ 152.232585019145063, -30.363528915762334 ], [ 152.092344206884803, -30.382463000244261 ], [ 152.087886364854768, -30.358611755127544 ], [ 151.971250802909537, -30.349807052099823 ], [ 151.966820942417314, -30.325952850239243 ], [ 151.938777181164369, -30.329700476774523 ], [ 151.943201023444516, -30.353555573712189 ], [ 152.003736471178684, -30.369906940248885 ], [ 152.012617993806117, -30.417615160411103 ], [ 152.152918252566735, -30.398754764860676 ], [ 152.161867844945988, -30.446455267369263 ], [ 152.189934067870809, -30.442665728920865 ], [ 152.180972434330158, -30.394967041498784 ], [ 152.265123194634441, -30.383572593306379 ], [ 152.260627292961544, -30.359726463032203 ], [ 152.288667598074966, -30.355918799706863 ], [ 152.302179283852837, -30.427455425389077 ], [ 152.274120936216406, -30.431265822571245 ], [ 152.27862277871813, -30.455112930295304 ], [ 152.306687145546675, -30.451301619608426 ], [ 152.302179283852837, -30.427455425389077 ], [ 152.330235656418097, -30.423639814976841 ], [ 152.316705931991493, -30.352105926365621 ], [ 152.372776676263186, -30.344464551956349 ], [ 152.354716777903349, -30.249097702426532 ], [ 152.471274505404097, -30.257604683531497 ], [ 152.46220454621124, -30.209929749986348 ], [ 152.406209608874235, -30.217603648127209 ], [ 152.397171562573135, -30.169926221014549 ], [ 152.425158045693394, -30.1660936912929 ], [ 152.420636014644401, -30.142256307705228 ], [ 152.392655515479731, -30.146087929714973 ], [ 152.383629366933491, -30.098412170008114 ], [ 152.355658857488237, -30.102236783384729 ], [ 152.360164960981933, -30.126075431982635 ], [ 152.27622368446859, -30.137520794296325 ], [ 152.267249344294299, -30.089838354532425 ], [ 152.239276959573715, -30.093641276966583 ], [ 152.248239331432615, -30.141325516096501 ], [ 152.220253018762179, -30.145125037456381 ], [ 152.215776835868894, -30.121281882426491 ], [ 152.155348072859596, -30.105018852031133 ], [ 152.159810318741933, -30.128863526368885 ], [ 152.108288221361022, -30.160271107059842 ], [ 152.099385729378014, -30.112577902845722 ], [ 152.07140163937774, -30.116349626778533 ] ], [ [ 152.364673043007144, -30.149914353098378 ], [ 152.392655515479731, -30.146087929714973 ], [ 152.397171562573135, -30.169926221014549 ], [ 152.369183104856063, -30.173753551053824 ], [ 152.364673043007144, -30.149914353098378 ] ], [ [ 152.223611165955703, -30.315835787226312 ], [ 152.251641421378594, -30.312035149394678 ], [ 152.256133368974105, -30.335880649847518 ], [ 152.228097105606878, -30.33968219457639 ], [ 152.223611165955703, -30.315835787226312 ] ] ] } },
{ "type": "Feature", "properties": { "species_id": "rufous-scrub-bird", "species_name": "Rufous Scrub-bird", "suitability": 0.55 }, "geometry": { "type": "Polygon", "coordinates": [ [ [ 152.699856423420442, -30.250516988219616 ], [ 152.709034237161319, -30.298178973807705 ], [ 152.737042704603397, -30.294288020159978 ], [ 152.732446801218828, -30.270457805989217 ], [ 152.788445728013301, -30.262662152600836 ], [ 152.797663505414107, -30.310319166169549 ], [ 152.769653074132862, -30.314221449871535 ], [ 152.750842540783935, -30.365780468694176 ], [ 152.778866973324739, -30.361881526222245 ], [ 152.783476962127338, -30.38571202723303 ], [ 152.839531762638615, -30.377896666665279 ], [ 152.834909783804392, -30.354068032127945 ], [ 152.862928156787774, -30.350153481690995 ], [ 152.853678313857699, -30.302498997733078 ], [ 152.825671919480442, -30.306411681926296 ], [ 152.811830336466926, -30.234929388738941 ], [ 152.699856423420442, -30.250516988219616 ] ] ] } },
{ "type": "Feature", "properties": { "species_id": "rufous-scrub-bird", "species_name": "Rufous Scrub-bird", "suitability": 0.55 }, "geometry": { "type": "Polygon", "coordinates": [ [ [ 150.587100804612589, -30.650327769521589 ], [ 150.591239186156201, -30.674227691276581 ], [ 150.619417520355114, -30.670730283508007 ], [ 150.615273044814472, -30.646831209330848 ], [ 150.587100804612589, -30.650327769521589 ] ] ] } },
{ "type": "Feature", "properties": { "species_id": "rufous-scrub-bird", "species_name": "Rufous Scrub-bird", "suitability": 0.65 }, "geometry": { "type": "Polygon", "coordinates": [ [ [ 152.260627292961544, -30.359726463032203 ], [ 152.265123194634441, -30.383572593306379 ], [ 152.180972434330158, -30.394967041498784 ], [ 152.170825323414221, -30.494157108334601 ], [ 152.255054240400568, -30.482767381916229 ], [ 152.259554024432219, -30.506616077781043 ], [ 152.315708826381837, -30.498995012754726 ], [ 152.306687145546675, -30.451301619608426 ], [ 152.27862277871813, -30.455112930295304 ], [ 152.274120936216406, -30.431265822571245 ], [ 152.302179283852837, -30.427455425389077 ], [ 152.288667598074966, -30.355918799706863 ], [ 152.260627292961544, -30.359726463032203 ] ] ] } },
{ "type": "Feature", "properties": { "species_id": "rufous-scrub-bird", "species_name": "Rufous Scrub-bird", "suitability": 0.55 }, "geometry": { "type": "Polygon", "coordinates": [ [ [ 152.338617201460295, -29.860048708482843 ], [ 152.356598393416704, -29.955391163387283 ], [ 152.41246186174024, -29.947737173891507 ], [ 152.416974013430121, -29.971571581178981 ], [ 152.444908758419558, -29.967735901511045 ], [ 152.44942885235389, -29.991569650067458 ], [ 152.393545463817304, -29.999237622449439 ], [ 152.407081825105934, -30.070745787474934 ], [ 152.435042415398669, -30.066911687095118 ], [ 152.448614538025851, -30.138419487645553 ], [ 152.476591083149884, -30.134577470112792 ], [ 152.499280982268743, -30.253758105806426 ], [ 152.527285471924898, -30.249906325905236 ], [ 152.531835427882129, -30.273742401469782 ], [ 152.475812475024696, -30.281442590896383 ], [ 152.489438359627229, -30.352958127445437 ], [ 152.545497301420426, -30.345252429234975 ], [ 152.540941341321826, -30.321415448792354 ], [ 152.56896182242005, -30.317555711480203 ], [ 152.57808774650411, -30.365228139878642 ], [ 152.409862967318645, -30.388319505337265 ], [ 152.390868377848932, -30.439836404057669 ], [ 152.418924824229236, -30.436004239657134 ], [ 152.414392898718376, -30.412161710187664 ], [ 152.526574752740942, -30.396784620654373 ], [ 152.535688695240225, -30.444462640340056 ], [ 152.596363698867577, -30.460576794088343 ], [ 152.587221701815622, -30.412901822466523 ], [ 152.61526419137553, -30.409033186617108 ], [ 152.57808774650411, -30.365228139878642 ], [ 152.634146709930604, -30.357489361292515 ], [ 152.620424851806007, -30.285986712749935 ], [ 152.592414358932785, -30.289855936011381 ], [ 152.583288479695028, -30.242187161904081 ], [ 152.522737514733876, -30.226070543288259 ], [ 152.513647591430527, -30.17839983956743 ], [ 152.54163213267546, -30.174545603855819 ], [ 152.546182080002694, -30.19837989942539 ], [ 152.606721073380186, -30.214486748645843 ], [ 152.602157158828931, -30.190654003591391 ], [ 152.658124259603824, -30.182907316819854 ], [ 152.648978528187627, -30.13524633433325 ], [ 152.588477431626558, -30.119157436809818 ], [ 152.583921523688304, -30.095325789614922 ], [ 152.611882168038164, -30.091458707360598 ], [ 152.598208526972542, -30.019968065864266 ], [ 152.542321057608575, -30.027691569479664 ], [ 152.533239131551028, -29.980028763432436 ], [ 152.505304348916724, -29.983880915287994 ], [ 152.500772330812424, -29.960048974084195 ], [ 152.444908758419558, -29.967735901511045 ], [ 152.440390645189524, -29.943902395236091 ], [ 152.380026895929888, -29.927731696388616 ], [ 152.366526086684956, -29.85622789333528 ], [ 152.338617201460295, -29.860048708482843 ] ], [ [ 152.44942885235389, -29.991569650067458 ], [ 152.477367588363705, -29.987727877690915 ], [ 152.481895629496648, -30.011560968570986 ], [ 152.45395092828403, -30.015403645200784 ], [ 152.44942885235389, -29.991569650067458 ] ], [ [ 152.481895629496648, -30.011560968570986 ], [ 152.509838353964312, -30.00771310086937 ], [ 152.523452303727709, -30.079211166861118 ], [ 152.472059077830181, -30.110742177538217 ], [ 152.463001031302923, -30.063072392398265 ], [ 152.435042415398669, -30.066911687095118 ], [ 152.430522343043009, -30.043076280500415 ], [ 152.48642565639372, -30.035394309226728 ], [ 152.481895629496648, -30.011560968570986 ] ], [ [ 152.564401868808005, -30.293719956729305 ], [ 152.592414358932785, -30.289855936011381 ], [ 152.596980307442777, -30.313690769978908 ], [ 152.56896182242005, -30.317555711480203 ], [ 152.564401868808005, -30.293719956729305 ] ] ] } },
{ "type": "Feature", "properties": { "species_id": "rufous-scrub-bird", "species_name": "Rufous Scrub-bird", "suitability": 0.55 }, "geometry": { "type": "Polygon", "coordinates": [ [ [ 151.472566884484678, -30.611117477405863 ], [ 151.476899346962767, -30.634991717895261 ], [ 151.505038119767335, -30.631329220632676 ], [ 151.500699593610278, -30.607455865374934 ], [ 151.472566884484678, -30.611117477405863 ] ] ] } },
{ "type": "Feature", "properties": { "species_id": "rufous-scrub-bird", "species_name": "Rufous Scrub-bird", "suitability": 0.55 }, "geometry": { "type": "Polygon", "coordinates": [ [ [ 152.563078726734176, -30.587504732145167 ], [ 152.567650775555819, -30.611346298168208 ], [ 152.628424169462733, -30.627449850357824 ], [ 152.61925394326704, -30.579770091864464 ], [ 152.563078726734176, -30.587504732145167 ] ] ] } },
{ "type": "Feature", "properties": { "species_id": "rufous-scrub-bird", "species_name": "Rufous Scrub-bird", "suitability": 0.55 }, "geometry": { "type": "Polygon", "coordinates": [ [ [ 151.63941687172499, -30.735981611160028 ], [ 151.643791215383345, -30.759853725427519 ], [ 151.67195682484811, -30.756159695320768 ], [ 151.667576408509774, -30.732288478316779 ], [ 151.63941687172499, -30.735981611160028 ] ] ] } },
{ "type": "Feature", "properties": { "species_id": "rufous-scrub-bird", "species_name": "Rufous Scrub-bird", "suitability": 0.55 }, "geometry": { "type": "Polygon", "coordinates": [ [ [ 152.446979284255747, -30.432166863289662 ], [ 152.45151922039804, -30.456008801759769 ], [ 152.423458745156893, -30.459847098111339 ], [ 152.437072493513625, -30.531377691091915 ], [ 152.380909449453526, -30.539044167769198 ], [ 152.385439310706431, -30.562890231599336 ], [ 152.357348778421368, -30.566716565311392 ], [ 152.319228746554273, -30.669752480740101 ], [ 152.375464064006593, -30.662108091867324 ], [ 152.361874604924509, -30.590563904613315 ], [ 152.418065743692125, -30.582904172876759 ], [ 152.436237318649034, -30.678289754657914 ], [ 152.464354043247312, -30.674448350654227 ], [ 152.455252173229439, -30.626756686341245 ], [ 152.511455477999618, -30.619061931037056 ], [ 152.516017478719903, -30.642905719936305 ], [ 152.544122162343683, -30.639049581762013 ], [ 152.530424101147617, -30.567522086045326 ], [ 152.558508692559343, -30.563663521251407 ], [ 152.5539406717117, -30.539822661100953 ], [ 152.610091795750549, -30.532091744826545 ], [ 152.605513748191015, -30.508253089647202 ], [ 152.549374662872765, -30.515982147311366 ], [ 152.544810664725134, -30.492141975503998 ], [ 152.493227571319835, -30.523690349367694 ], [ 152.47957770548868, -30.452165292955815 ], [ 152.50763419793401, -30.448316572286654 ], [ 152.503082235270853, -30.424476476996869 ], [ 152.446979284255747, -30.432166863289662 ] ], [ [ 152.413527855129757, -30.559058679370523 ], [ 152.441614409187167, -30.555221909213639 ], [ 152.446158326822513, -30.579066478203249 ], [ 152.418065743692125, -30.582904172876759 ], [ 152.413527855129757, -30.559058679370523 ] ] ] } },
{ "type": "Feature", "properties": { "species_id": "rufous-scrub-bird", "species_name": "Rufous Scrub-bird", "suitability": 0.55 }, "geometry": { "type": "Polygon", "coordinates": [ [ [ 151.277464054384922, -30.807399195413431 ], [ 151.281761239017726, -30.831283287924698 ], [ 151.309957764958227, -30.827656520410954 ], [ 151.305654488752168, -30.803773311797354 ], [ 151.277464054384922, -30.807399195413431 ] ] ] } },
{ "type": "Feature", "properties": { "species_id": "rufous-scrub-bird", "species_name": "Rufous Scrub-bird", "suitability": 0.65 }, "geometry": { "type": "Polygon", "coordinates": [ [ [ 152.414392898718376, -30.412161710187664 ], [ 152.418924824229236, -30.436004239657134 ], [ 152.390868377848932, -30.439836404057669 ], [ 152.40445807503707, -30.511368743946925 ], [ 152.264055791418457, -30.530465118070953 ], [ 152.268559542659233, -30.554314507170677 ], [ 152.160659602891485, -30.593354733499307 ], [ 152.165143171257455, -30.617208499002842 ], [ 152.137030784312628, -30.620993977148107 ], [ 152.141510286160184, -30.644849023902456 ], [ 152.08973690265131, -30.676263378602901 ], [ 152.070539096238633, -30.727752467968713 ], [ 152.042394644001831, -30.731520691540126 ], [ 152.046857829208278, -30.755380918759577 ], [ 152.075008341322956, -30.75161178030276 ], [ 152.070539096238633, -30.727752467968713 ], [ 152.098681584315301, -30.723979013400744 ], [ 152.10315688798687, -30.747837409753217 ], [ 152.159448074855874, -30.740272974722821 ], [ 152.202238750447634, -30.661124598430675 ], [ 152.230359283237107, -30.65732683721772 ], [ 152.234860885082838, -30.68117987795598 ], [ 152.34282162225665, -30.642083545297833 ], [ 152.333776054299904, -30.594385940497848 ], [ 152.361874604924509, -30.590563904613315 ], [ 152.357348778421368, -30.566716565311392 ], [ 152.385439310706431, -30.562890231599336 ], [ 152.380909449453526, -30.539044167769198 ], [ 152.437072493513625, -30.531377691091915 ], [ 152.423458745156893, -30.459847098111339 ], [ 152.45151922039804, -30.456008801759769 ], [ 152.446979284255747, -30.432166863289662 ], [ 152.531130721273883, -30.420623468244809 ], [ 152.526574752740942, -30.396784620654373 ], [ 152.414392898718376, -30.412161710187664 ] ] ] } },
{ "type": "Feature", "properties": { "species_id": "rufous-scrub-bird", "species_name": "Rufous Scrub-bird", "suitability": 0.55 }, "geometry": { "type": "Polygon", "coordinates": [ [ [ 152.633012315375538, -30.651290269870575 ], [ 152.6376024849327, -30.675131055418998 ], [ 152.665711193432628, -30.671252166992346 ], [ 152.661114991423631, -30.647412319172094 ], [ 152.633012315375538, -30.651290269870575 ] ] ] } },
{ "type": "Feature", "properties": { "species_id": "rufous-scrub-bird", "species_name": "Rufous Scrub-bird", "suitability": 0.55 }, "geometry": { "type": "Polygon", "coordinates": [ [ [ 151.962394525444836, -30.766656935717631 ], [ 151.966841487542524, -30.790520298439304 ], [ 151.995003947120892, -30.786765947071611 ], [ 151.990550918739558, -30.76290349705204 ], [ 151.962394525444836, -30.766656935717631 ] ] ] } },
{ "type": "Feature", "properties": { "species_id": "rufous-scrub-bird", "species_name": "Rufous Scrub-bird", "suitability": 0.55 }, "geometry": { "type": "Polygon", "coordinates": [ [ [ 151.387951070912322, -30.939800762643166 ], [ 151.392278001444396, -30.963684763019661 ], [ 151.420505413907847, -30.960036911237687 ], [ 151.416172380139557, -30.936153804618275 ], [ 151.387951070912322, -30.939800762643166 ] ] ] } },
{ "type": "Feature", "properties": { "species_id": "rufous-scrub-bird", "species_name": "Rufous Scrub-bird", "suitability": 0.55 }, "geometry": { "type": "Polygon", "coordinates": [ [ [ 150.970118072037309, -30.21162222278134 ], [ 150.98695305381213, -30.30714695384783 ], [ 150.926607945522051, -30.290388205025973 ], [ 150.995381672064866, -30.354911251395272 ], [ 150.883034579335771, -30.369146371423149 ], [ 150.891422201686964, -30.41691882559304 ], [ 150.943416807719842, -30.385923622904439 ], [ 150.947623655067218, -30.409808316813216 ], [ 151.008038536042818, -30.426560211416707 ], [ 151.0164857506646, -30.474327911852527 ], [ 150.932137347189411, -30.485024918104529 ], [ 150.927930993651529, -30.461138321458677 ], [ 150.867509236660311, -30.444353828388667 ], [ 150.880091910046787, -30.51601874773699 ], [ 150.823830887308958, -30.523104673334576 ], [ 150.804058880129389, -30.574423335242312 ], [ 150.832204301800118, -30.57088652374901 ], [ 150.836393782953252, -30.594778011138562 ], [ 150.892691254712815, -30.587686955089193 ], [ 150.884289837614347, -30.539907778960153 ], [ 150.940555624255154, -30.532799192300338 ], [ 150.953196983142789, -30.604463372135935 ], [ 151.009491803972224, -30.597328673501913 ], [ 151.022186405467181, -30.668991099549981 ], [ 150.994021684464343, -30.672563661648006 ], [ 150.957414492540295, -30.628352188060749 ], [ 150.905307303567525, -30.659358569923988 ], [ 150.91372729919911, -30.707141598669004 ], [ 150.941903681312681, -30.703583905007967 ], [ 150.950343310001983, -30.751366807771291 ], [ 150.978530017947435, -30.747802137153013 ], [ 150.99122176016914, -30.819476962297912 ], [ 151.019424895585132, -30.815904436014307 ], [ 151.023665322931009, -30.83979600880371 ], [ 150.939032016634627, -30.850500446943826 ], [ 150.947481865399482, -30.898290102701562 ], [ 150.91925481996077, -30.901849483580261 ], [ 150.936152524317833, -30.997437561514637 ], [ 150.964404036529942, -30.993874688555699 ], [ 150.955939202070141, -30.946081504610092 ], [ 150.984176609788989, -30.942515122513274 ], [ 151.020901453185218, -30.98673316447908 ], [ 151.105633520107943, -30.97598144144737 ], [ 151.114167069764733, -31.023767647132324 ], [ 151.170670177949518, -31.016570012749348 ], [ 151.166390222167678, -30.992678451348525 ], [ 151.251112367482165, -30.981845228053736 ], [ 151.24681597195945, -30.95795677575893 ], [ 151.218583259553299, -30.961572218973458 ], [ 151.210008389312549, -30.913794870383043 ], [ 151.097107529871352, -30.928197032324555 ], [ 151.092847366421097, -30.904305490253577 ], [ 151.121069297894707, -30.900713709344327 ], [ 151.084332696636977, -30.856523708686563 ], [ 151.168956230806288, -30.845737880846034 ], [ 151.188604401207016, -30.794359048321077 ], [ 151.244982534268303, -30.787135273551684 ], [ 151.236409834749765, -30.739367384349709 ], [ 151.29275607285129, -30.732126150278237 ], [ 151.297053643950392, -30.756008131183744 ], [ 151.325230011049001, -30.752378768904709 ], [ 151.320926357314875, -30.728497669784641 ], [ 151.377261244323932, -30.721224984710293 ], [ 151.364325234787344, -30.649589352990279 ], [ 151.336176964200234, -30.653225670444666 ], [ 151.331874838850297, -30.629347020348479 ], [ 151.303730747489425, -30.632977221539743 ], [ 151.316624605341843, -30.704616969927802 ], [ 151.260294307232584, -30.711866928486774 ], [ 151.271296680403879, -30.612722162005298 ], [ 151.355710746121474, -30.601834191600354 ], [ 151.351406353344828, -30.577957175550136 ], [ 151.267010485796419, -30.588842516555033 ], [ 151.247436902858681, -30.640221912016237 ], [ 151.191135525971134, -30.647445649537858 ], [ 151.178331568840804, -30.575798850405803 ], [ 151.150196278880429, -30.579400247597157 ], [ 151.158718223488904, -30.627166141283819 ], [ 151.130568917411949, -30.630764040475238 ], [ 151.134826637188212, -30.654648429617357 ], [ 151.191135525971134, -30.647445649537858 ], [ 151.199680928039811, -30.695212103844611 ], [ 151.143347722252884, -30.702418376074387 ], [ 151.160412509128832, -30.797963066076576 ], [ 151.075825561394481, -30.808743634058221 ], [ 151.071574816125349, -30.78485422567552 ], [ 151.099766246277824, -30.781266825047329 ], [ 151.063078964098736, -30.737076644466296 ], [ 151.115178305066365, -30.706013648411549 ], [ 151.098167974798798, -30.610471825915102 ], [ 151.070021003901417, -30.614058378202436 ], [ 151.057301175118056, -30.542403421495898 ], [ 151.029170555011831, -30.545982141248277 ], [ 151.024940420940993, -30.522097035067898 ], [ 151.081187666870761, -30.514936085184711 ], [ 151.068472090663676, -30.443288100515645 ], [ 151.120428636566061, -30.412231155091877 ], [ 151.11194045919882, -30.364471707536513 ], [ 151.055773324536148, -30.371643258598588 ], [ 151.04731680305369, -30.323881717983859 ], [ 150.991166434644413, -30.331028937968522 ], [ 150.98695305381213, -30.30714695384783 ], [ 151.071157699498826, -30.296420847108568 ], [ 151.062700268826234, -30.248662963699541 ], [ 151.006589842194728, -30.255815514574319 ], [ 150.998163986939289, -30.208055479854334 ], [ 150.970118072037309, -30.21162222278134 ] ], [ [ 151.036138847030031, -30.422985792583408 ], [ 151.064237302469024, -30.419406143217955 ], [ 151.068472090663676, -30.443288100515645 ], [ 151.040367579719572, -30.446868609069856 ], [ 151.036138847030031, -30.422985792583408 ] ], [ [ 151.023665322931009, -30.83979600880371 ], [ 151.051872691015575, -30.836217359794592 ], [ 151.056121098336376, -30.860108483172279 ], [ 151.027907627520648, -30.863688005988212 ], [ 151.023665322931009, -30.83979600880371 ] ] ] } },
{ "type": "Feature", "properties": { "species_id": "rufous-scrub-bird", "species_name": "Rufous Scrub-bird", "suitability": 0.55 }, "geometry": { "type": "Polygon", "coordinates": [ [ [ 150.577014649973592, -31.091095361472529 ], [ 150.581167730933771, -31.115005741015271 ], [ 150.641921092957091, -31.131915537783886 ], [ 150.637753875240378, -31.10800640452026 ], [ 150.577014649973592, -31.091095361472529 ] ] ] } },
{ "type": "Feature", "properties": { "species_id": "rufous-scrub-bird", "species_name": "Rufous Scrub-bird", "suitability": 0.55 }, "geometry": { "type": "Polygon", "coordinates": [ [ [ 151.198918899973165, -31.012963308469065 ], [ 151.203206871694675, -31.036854438935634 ], [ 151.259710871830123, -31.02962348184343 ], [ 151.264012983168925, -31.053513292323451 ], [ 151.324837882612059, -31.070148008313506 ], [ 151.316207280487816, -31.022371495612756 ], [ 151.198918899973165, -31.012963308469065 ] ] ] } },
{ "type": "Feature", "properties": { "species_id": "rufous-scrub-bird", "species_name": "Rufous Scrub-bird", "suitability": 0.55 }, "geometry": { "type": "Polygon", "coordinates": [ [ [ 151.066173049341131, -31.078735817600759 ], [ 151.070434194609504, -31.102632305347747 ], [ 151.098708834760771, -31.099043985616365 ], [ 151.094441560914817, -31.075148382395636 ], [ 151.066173049341131, -31.078735817600759 ] ] ] } },
{ "type": "Feature", "properties": { "species_id": "rufous-scrub-bird", "species_name": "Rufous Scrub-bird", "suitability": 0.65 }, "geometry": { "type": "Polygon", "coordinates": [ [ [ 151.070434194609504, -31.102632305347747 ], [ 151.074697230793703, -31.126529266900711 ], [ 151.102978002116032, -31.122940061563703 ], [ 151.098708834760771, -31.099043985616365 ], [ 151.070434194609504, -31.102632305347747 ] ] ] } },
{ "type": "Feature", "properties": { "species_id": "rufous-scrub-bird", "species_name": "Rufous Scrub-bird", "suitability": 0.55 }, "geometry": { "type": "Polygon", "coordinates": [ [ [ 149.010808519003518, -31.227343688498603 ], [ 149.014618446959901, -31.251298674664 ], [ 149.04299711049552, -31.248093944763024 ], [ 149.050634472724198, -31.29600391415665 ], [ 149.022243394700354, -31.299210240213505 ], [ 149.026058416739716, -31.323166828786935 ], [ 148.997659434913203, -31.326368652692217 ], [ 148.99385062523848, -31.302411265768253 ], [ 148.908662194767885, -31.311982534227287 ], [ 148.912452360621387, -31.335942309034444 ], [ 148.969258763180136, -31.329565174381489 ], [ 148.976869041527408, -31.377483183008803 ], [ 149.005282148241918, -31.374285064077025 ], [ 149.009096054153815, -31.398244097755402 ], [ 149.065929628079772, -31.391830342815442 ], [ 149.054455706004234, -31.319959703186068 ], [ 149.139637391885373, -31.310306521423957 ], [ 149.131959381211914, -31.262400289748062 ], [ 149.160337462898042, -31.259173570220021 ], [ 149.124288205237377, -31.21449617895561 ], [ 149.095920825051593, -31.217715999921307 ], [ 149.099749359390785, -31.241668592679012 ], [ 149.04299711049552, -31.248093944763024 ], [ 149.039180979288318, -31.224139755211887 ], [ 149.010808519003518, -31.227343688498603 ] ] ] } },
{ "type": "Feature", "properties": { "species_id": "rufous-scrub-bird", "species_name": "Rufous Scrub-bird", "suitability": 0.55 }, "geometry": { "type": "Polygon", "coordinates": [ [ [ 151.348773090910726, -31.042624750937048 ], [ 151.353095465772157, -31.066512342323705 ], [ 151.381351140837182, -31.062871418512586 ], [ 151.390013882104398, -31.110646199636321 ], [ 151.44654396984501, -31.10334498404929 ], [ 151.437856756399981, -31.055573799735676 ], [ 151.381351140837182, -31.062871418512586 ], [ 151.377022649912362, -31.038984722992112 ], [ 151.348773090910726, -31.042624750937048 ] ] ] } },
{ "type": "Feature", "properties": { "species_id": "rufous-scrub-bird", "species_name": "Rufous Scrub-bird", "suitability": 0.55 }, "geometry": { "type": "Polygon", "coordinates": [ [ [ 151.074697230793703, -31.126529266900711 ], [ 151.078962159143174, -31.150426706775935 ], [ 151.135534081919047, -31.143241257463153 ], [ 151.131256887283854, -31.119345592100803 ], [ 151.074697230793703, -31.126529266900711 ] ] ] } },
{ "type": "Feature", "properties": { "species_id": "rufous-scrub-bird", "species_name": "Rufous Scrub-bird", "suitability": 0.55 }, "geometry": { "type": "Polygon", "coordinates": [ [ [ 151.676982803223694, -31.097808875271578 ], [ 151.681380173506824, -31.121688380536295 ], [ 151.709639124276606, -31.117986014860548 ], [ 151.705235641587592, -31.094107422277055 ], [ 151.676982803223694, -31.097808875271578 ] ] ] } },
{ "type": "Feature", "properties": { "species_id": "rufous-scrub-bird", "species_name": "Rufous Scrub-bird", "suitability": 0.55 }, "geometry": { "type": "Polygon", "coordinates": [ [ [ 151.459589246346241, -31.175005286841081 ], [ 151.463941531961893, -31.198893012829732 ], [ 151.492228195209378, -31.195230900432019 ], [ 151.487869781816556, -31.171344080295295 ], [ 151.459589246346241, -31.175005286841081 ] ] ] } },
{ "type": "Feature", "properties": { "species_id": "rufous-scrub-bird", "species_name": "Rufous Scrub-bird", "suitability": 0.55 }, "geometry": { "type": "Polygon", "coordinates": [ [ [ 150.732015118587412, -31.316170360282484 ], [ 150.736211371126103, -31.340082271868017 ], [ 150.7645595306399, -31.336555427025694 ], [ 150.760357112588451, -31.312644393635107 ], [ 150.732015118587412, -31.316170360282484 ] ] ] } },
{ "type": "Feature", "properties": { "species_id": "rufous-scrub-bird", "species_name": "Rufous Scrub-bird", "suitability": 0.55 }, "geometry": { "type": "Polygon", "coordinates": [ [ [ 152.224736382381991, -30.780398227933201 ], [ 152.229241872679523, -30.804254124867235 ], [ 152.290073198819783, -30.820496751067097 ], [ 152.299118401374017, -30.868206853305786 ], [ 152.327289469443201, -30.864390309118541 ], [ 152.331821137365978, -30.888245044080829 ], [ 152.303644002041608, -30.892062519798355 ], [ 152.312701208734467, -30.939775105748421 ], [ 152.284509936394954, -30.943589210085854 ], [ 152.298092543360582, -31.015164093109806 ], [ 152.269881038506185, -31.018975760602448 ], [ 152.25179921564407, -30.923539708403066 ], [ 152.190915563487579, -30.907280060291846 ], [ 152.195418873226515, -30.931139862600745 ], [ 152.223610037418752, -30.927342404767568 ], [ 152.228121417215164, -30.951201702837796 ], [ 152.199924175446228, -30.955000090058522 ], [ 152.20443147145815, -30.978860747122329 ], [ 152.232634793352759, -30.975061429382432 ], [ 152.250708287614543, -31.070504709559636 ], [ 152.222480619696796, -31.0743077607213 ], [ 152.208940762574912, -31.002721838253443 ], [ 152.180729370653211, -31.00651684519978 ], [ 152.19425096049801, -31.078105566106153 ], [ 152.222480619696796, -31.0743077607213 ], [ 152.259757047014176, -31.11822903663758 ], [ 152.316230767629008, -31.110603445635515 ], [ 152.298092543360582, -31.015164093109806 ], [ 152.326302051932487, -31.011347183859723 ], [ 152.321766431353211, -30.987489391989111 ], [ 152.378167290858642, -30.979841726152124 ], [ 152.382715070075619, -31.0036976424892 ], [ 152.354509561683329, -31.007525033452549 ], [ 152.363598995590053, -31.055240059158486 ], [ 152.335379318236164, -31.059064087418943 ], [ 152.349010300405268, -31.130642809374876 ], [ 152.410044065600744, -31.146842456416948 ], [ 152.40548418825324, -31.122983856029446 ], [ 152.377248248308661, -31.126815955751756 ], [ 152.363598995590053, -31.055240059158486 ], [ 152.448245993523841, -31.043736520173947 ], [ 152.439120072640463, -30.996027141301266 ], [ 152.41091857457306, -30.99986501157138 ], [ 152.406364718013691, -30.976010034657321 ], [ 152.378167290858642, -30.979841726152124 ], [ 152.373621523355354, -30.955986241521128 ], [ 152.31723281739383, -30.963632034105178 ], [ 152.312701208734467, -30.939775105748421 ], [ 152.340890486194695, -30.935955763566902 ], [ 152.331821137365978, -30.888245044080829 ], [ 152.359996277903491, -30.884422333318152 ], [ 152.36907776624281, -30.932131184139671 ], [ 152.397263046347149, -30.928301368065718 ], [ 152.388169421125525, -30.880594388107681 ], [ 152.327289469443201, -30.864390309118541 ], [ 152.318232139996269, -30.816682066544068 ], [ 152.290073198819783, -30.820496751067097 ], [ 152.285553594305867, -30.796642306445282 ], [ 152.224736382381991, -30.780398227933201 ] ], [ [ 152.382715070075619, -31.0036976424892 ], [ 152.41091857457306, -30.99986501157138 ], [ 152.415474446717127, -31.023720423508642 ], [ 152.387264862330539, -31.027553994993141 ], [ 152.382715070075619, -31.0036976424892 ] ], [ [ 152.250708287614543, -31.070504709559636 ], [ 152.278933961706144, -31.066696413221312 ], [ 152.283463430864259, -31.09055741180309 ], [ 152.255231665192809, -31.094366645452165 ], [ 152.250708287614543, -31.070504709559636 ] ] ] } },
{ "type": "Feature", "properties": { "species_id": "rufous-scrub-bird", "species_name": "Rufous Scrub-bird", "suitability": 0.55 }, "geometry": { "type": "Polygon", "coordinates": [ [ [ 151.183521435438706, -31.088247450786849 ], [ 151.192098444757278, -31.136034749378034 ], [ 151.252958848197494, -31.15269976611177 ], [ 151.257264379634535, -31.176592825957854 ], [ 151.200683069260208, -31.183823961999231 ], [ 151.213574306515341, -31.255511448874056 ], [ 151.241884329271414, -31.251895826675348 ], [ 151.250500327122836, -31.299688186083472 ], [ 151.307139233051771, -31.292437536025897 ], [ 151.298498660166246, -31.244648776830779 ], [ 151.326802963131399, -31.241017350344997 ], [ 151.335455819746102, -31.288804306000596 ], [ 151.396424847600485, -31.305414462898884 ], [ 151.392083247652607, -31.281522038870392 ], [ 151.420394083691406, -31.277873002932829 ], [ 151.403022411570703, -31.182311914109651 ], [ 151.431306788738794, -31.17866123164 ], [ 151.422620259285509, -31.130885415635063 ], [ 151.36607409622539, -31.138177912217042 ], [ 151.32915605436898, -31.094036958480469 ], [ 151.300890444522082, -31.097668260767197 ], [ 151.31815778848383, -31.193232381725814 ], [ 151.289865758859975, -31.196862009064795 ], [ 151.2769307689492, -31.125185512099751 ], [ 151.24865522700091, -31.128807187112457 ], [ 151.240053710285366, -31.081023453592998 ], [ 151.183521435438706, -31.088247450786849 ] ] ] } },
{ "type": "Feature", "properties": { "species_id": "rufous-scrub-bird", "species_name": "Rufous Scrub-bird", "suitability": 0.55 }, "geometry": { "type": "Polygon", "coordinates": [ [ [ 150.740409490625979, -31.363994707554554 ], [ 150.744609478324207, -31.387907671909346 ], [ 150.772969976726387, -31.384379067458077 ], [ 150.76876381827293, -31.360466983444784 ], [ 150.740409490625979, -31.363994707554554 ] ] ] } },
{ "type": "Feature", "properties": { "species_id": "rufous-scrub-bird", "species_name": "Rufous Scrub-bird", "suitability": 0.55 }, "geometry": { "type": "Polygon", "coordinates": [ [ [ 152.170825323414221, -30.494157108334601 ], [ 152.207881033743803, -30.53806714089492 ], [ 152.15169839516048, -30.545648284236503 ], [ 152.160659602891485, -30.593354733499307 ], [ 152.07633467491496, -30.604692754918212 ], [ 152.085267522066005, -30.652406131319612 ], [ 152.057143194535996, -30.656176844621378 ], [ 152.043765015989692, -30.584604599009925 ], [ 152.071871205763074, -30.580836616985113 ], [ 152.034856059273466, -30.536891586350311 ], [ 152.006759994822545, -30.540652530782317 ], [ 152.015656869776933, -30.588367356588503 ], [ 151.959434718103211, -30.595877196086938 ], [ 151.95499738798253, -30.572017792806896 ], [ 151.898779534017081, -30.579504920941144 ], [ 151.894356248571313, -30.555644074220123 ], [ 151.866250452481268, -30.559378898622352 ], [ 151.879508018780911, -30.630965237775712 ], [ 151.851382134487267, -30.634697538196519 ], [ 151.846967048315236, -30.610834156244547 ], [ 151.790721570556201, -30.61828126766579 ], [ 151.799529469727474, -30.666012008117125 ], [ 151.771391714107637, -30.669729517532783 ], [ 151.766992851300557, -30.645863059621558 ], [ 151.710723662533155, -30.653280584947829 ], [ 151.719499083222701, -30.701017476233904 ], [ 151.803936336355491, -30.689877947348741 ], [ 151.808345149382234, -30.713744271813557 ], [ 151.864639091649167, -30.706289946912857 ], [ 151.869061981189333, -30.730154852172479 ], [ 151.840909916958282, -30.733885536334643 ], [ 151.849749424273824, -30.781618340220739 ], [ 151.821583279653538, -30.785345600893915 ], [ 151.812755910087049, -30.737610985938293 ], [ 151.784599963109343, -30.741331200403867 ], [ 151.789006603895842, -30.765199212500356 ], [ 151.732676758187324, -30.772625738155163 ], [ 151.728282258975213, -30.748755921606801 ], [ 151.700120506891835, -30.752460427188424 ], [ 151.680723467444125, -30.803903332500351 ], [ 151.652545704961909, -30.807599160415609 ], [ 151.656925853427538, -30.831472490025199 ], [ 151.769649627175028, -30.816654130395381 ], [ 151.774056037078878, -30.840524260775194 ], [ 151.802238217532619, -30.836805664309725 ], [ 151.806652656777885, -30.860675301564939 ], [ 151.867451898047534, -30.877088805862343 ], [ 151.871882411318126, -30.900957460262742 ], [ 151.787286965831498, -30.912137154096158 ], [ 151.782874705123703, -30.888265768170776 ], [ 151.754678418713496, -30.891980937174377 ], [ 151.735282311745749, -30.943437695069623 ], [ 151.763492716909781, -30.939725954135003 ], [ 151.767902792708156, -30.963599109888591 ], [ 151.824329954849361, -30.956158069245181 ], [ 151.828754171075929, -30.980029838136744 ], [ 151.9133985615629, -30.968826191084549 ], [ 151.894064411136725, -31.020307183085237 ], [ 151.80937758766126, -31.031500584547057 ], [ 151.804955549896874, -31.007627016778148 ], [ 151.776728804134279, -31.011346738292364 ], [ 151.785562637250962, -31.059096152405377 ], [ 151.757321740688724, -31.062812451363509 ], [ 151.766151191274304, -31.110565518053949 ], [ 151.737896131053702, -31.114278393837054 ], [ 151.742307680304663, -31.138156539224113 ], [ 151.798828075170263, -31.130723700268405 ], [ 151.789982490166778, -31.08297154031046 ], [ 151.846470641517357, -31.075521355727705 ], [ 151.85090466697568, -31.099395368038032 ], [ 151.879151915354413, -31.095661479110614 ], [ 151.888038081847185, -31.143409052445175 ], [ 151.859778616375507, -31.147144783579474 ], [ 151.864218542911715, -31.171020195805458 ], [ 151.89248412078868, -31.167283541883538 ], [ 151.888038081847185, -31.143409052445175 ], [ 151.944551124395673, -31.135921828606978 ], [ 151.949009384261956, -31.159794469097747 ], [ 151.920747735426005, -31.16354163278282 ], [ 151.929657961145438, -31.211290188509516 ], [ 151.95793183732863, -31.207541171369993 ], [ 151.977269064735793, -31.156042051423324 ], [ 152.005526774287944, -31.152284380355397 ], [ 152.014473674248677, -31.200027368972265 ], [ 152.042741629861268, -31.196262584909523 ], [ 152.047224170467132, -31.220133863680523 ], [ 152.103766366531232, -31.212586665851287 ], [ 152.112761878119898, -31.26032693428655 ], [ 152.1410422269457, -31.256543579762877 ], [ 152.132034488234467, -31.208805185084714 ], [ 152.160300622306636, -31.205018450551943 ], [ 152.15579364026533, -31.181150910209713 ], [ 152.240561773822861, -31.169762005629092 ], [ 152.231517190750708, -31.12203396133684 ], [ 152.203275340580433, -31.12583363803224 ], [ 152.198762150976506, -31.101969373283286 ], [ 152.170524407526187, -31.105762866263785 ], [ 152.161516212852376, -31.058033838190713 ], [ 152.133288672997253, -31.061820218501083 ], [ 152.115320551875072, -30.966363807949808 ], [ 152.176226163520397, -30.982654823524125 ], [ 152.171724948940692, -30.958793237047541 ], [ 152.1435237402371, -30.962581143209555 ], [ 152.162728492197886, -30.911071351845163 ], [ 152.101865320075973, -30.894776062130532 ], [ 152.097384208992651, -30.870914325372354 ], [ 152.041020540351667, -30.878456546434595 ], [ 152.04548949986264, -30.902320125269153 ], [ 152.017298636272358, -30.906084297316781 ], [ 152.030699134251478, -30.977680347701806 ], [ 152.091598348854035, -30.994005598741833 ], [ 152.100570229753203, -31.041735655107885 ], [ 152.072344822097932, -31.045510613539406 ], [ 152.053072884447232, -31.097015885412898 ], [ 151.968342306579245, -31.108299089394535 ], [ 151.963881894110159, -31.08442830384006 ], [ 152.020358715739917, -31.076913269179808 ], [ 152.015888081537867, -31.053044790192892 ], [ 152.044117438509858, -31.049280325432751 ], [ 152.035169922124879, -31.001546564615584 ], [ 151.978733612253023, -31.009066550865573 ], [ 151.974275004154151, -30.985198489551816 ], [ 152.002488052674522, -30.981442040819882 ], [ 151.993564581859516, -30.933709069488248 ], [ 151.965363706737008, -30.937463678295305 ], [ 151.960911014821903, -30.913596919419824 ], [ 152.012835754489799, -30.882219799101886 ], [ 151.999458943591804, -30.810628797846412 ], [ 151.943119928874438, -30.818134091573729 ], [ 151.934236176817905, -30.77040513995048 ], [ 151.906075875391195, -30.774148109167058 ], [ 151.901643008880711, -30.750283323992491 ], [ 151.929797243999133, -30.746541264167885 ], [ 151.92092525833641, -30.698814690496 ], [ 151.949065419513317, -30.69506921441879 ], [ 151.957949527600817, -30.742793970427382 ], [ 152.014248230131358, -30.735283683529929 ], [ 152.032088547498461, -30.830730636553938 ], [ 152.088427928278719, -30.823192092925247 ], [ 152.079479560825803, -30.775471485619523 ], [ 152.107634168615249, -30.771696197973061 ], [ 152.098681584315301, -30.723979013400744 ], [ 152.070539096238633, -30.727752467968713 ], [ 152.066071824276094, -30.703893544191327 ], [ 152.094208256302466, -30.700121004490942 ], [ 152.137030784312628, -30.620993977148107 ], [ 152.165143171257455, -30.617208499002842 ], [ 152.160659602891485, -30.593354733499307 ], [ 152.216866386798188, -30.58576993555684 ], [ 152.212372720013576, -30.561918360512607 ], [ 152.268559542659233, -30.554314507170677 ], [ 152.264055791418457, -30.530465118070953 ], [ 152.40445807503707, -30.511368743946925 ], [ 152.395396282261146, -30.463680181424053 ], [ 152.367331834207903, -30.467508051111849 ], [ 152.371855712510836, -30.491353081906659 ], [ 152.259554024432219, -30.506616077781043 ], [ 152.255054240400568, -30.482767381916229 ], [ 152.170825323414221, -30.494157108334601 ] ], [ [ 152.23147366128299, -30.510418784150321 ], [ 152.259554024432219, -30.506616077781043 ], [ 152.264055791418457, -30.530465118070953 ], [ 152.235969398948811, -30.53426873912656 ], [ 152.23147366128299, -30.510418784150321 ] ], [ [ 151.88393110875549, -30.654828091146921 ], [ 151.912061104060882, -30.651089657840807 ], [ 151.92092525833641, -30.698814690496 ], [ 151.89278314820541, -30.702554934854131 ], [ 151.88393110875549, -30.654828091146921 ] ], [ [ 152.009793074136724, -30.711422933302956 ], [ 152.037933429379223, -30.707660853990085 ], [ 152.042394644001831, -30.731520691540126 ], [ 152.014248230131358, -30.735283683529929 ], [ 152.009793074136724, -30.711422933302956 ] ], [ [ 152.042394644001831, -30.731520691540126 ], [ 152.070539096238633, -30.727752467968713 ], [ 152.075008341322956, -30.75161178030276 ], [ 152.046857829208278, -30.755380918759577 ], [ 152.042394644001831, -30.731520691540126 ] ], [ [ 151.759084592673105, -30.915853231385633 ], [ 151.787286965831498, -30.912137154096158 ], [ 151.791701179375906, -30.936008967452899 ], [ 151.763492716909781, -30.939725954135003 ], [ 151.759084592673105, -30.915853231385633 ] ], [ [ 152.085799262397074, -31.11711185426833 ], [ 152.170524407526187, -31.105762866263785 ], [ 152.207790530627619, -31.149698364839587 ], [ 152.151288656174813, -31.157283843193738 ], [ 152.15579364026533, -31.181150910209713 ], [ 152.103766366531232, -31.212586665851287 ], [ 152.094778831462264, -31.164848317851916 ], [ 152.123034736324001, -31.161068706285068 ], [ 152.085799262397074, -31.11711185426833 ] ] ] } },
{ "type": "Feature", "properties": { "species_id": "rufous-scrub-bird", "species_name": "Rufous Scrub-bird", "suitability": 0.55 }, "geometry": { "type": "Polygon", "coordinates": [ [ [ 150.797116283596608, -31.356933978584628 ], [ 150.813976848562874, -31.452581993446437 ], [ 150.842352137830261, -31.449040171275566 ], [ 150.825466883987929, -31.353395693544449 ], [ 150.797116283596608, -31.356933978584628 ] ] ] } },
{ "type": "Feature", "properties": { "species_id": "rufous-scrub-bird", "species_name": "Rufous Scrub-bird", "suitability": 0.55 }, "geometry": { "type": "Polygon", "coordinates": [ [ [ 152.433718117694866, -31.119146510813863 ], [ 152.442852081245519, -31.166862280839471 ], [ 152.414605963955495, -31.170701519819321 ], [ 152.395475497837822, -31.222256941038925 ], [ 152.367213153399007, -31.226087577893303 ], [ 152.362659413653944, -31.202225678804311 ], [ 152.221348116625023, -31.22129536253955 ], [ 152.248517479020819, -31.364502441047897 ], [ 152.300575892693644, -31.333011786649777 ], [ 152.296032413100448, -31.309145095569985 ], [ 152.267743700935057, -31.31295756019691 ], [ 152.258675018317973, -31.265223769030648 ], [ 152.286951501105023, -31.261413196275132 ], [ 152.282414066043458, -31.237547979031199 ], [ 152.367213153399007, -31.226087577893303 ], [ 152.376326693869373, -31.273812816982815 ], [ 152.404601251948009, -31.269980281595078 ], [ 152.395475497837822, -31.222256941038925 ], [ 152.423735829016834, -31.21842105362769 ], [ 152.419169884649676, -31.194561050725287 ], [ 152.503920476165632, -31.183024743891263 ], [ 152.508504717498056, -31.206881894149941 ], [ 152.536756970146712, -31.203025010611388 ], [ 152.532166632490146, -31.179168813460848 ], [ 152.471096182835367, -31.163017794750036 ], [ 152.461950034090734, -31.115303920711536 ], [ 152.433718117694866, -31.119146510813863 ] ] ] } },
{ "type": "Feature", "properties": { "species_id": "rufous-scrub-bird", "species_name": "Rufous Scrub-bird", "suitability": 0.55 }, "geometry": { "type": "Polygon", "coordinates": [ [ [ 151.315787487667905, -31.340228322951432 ], [ 151.324443434183735, -31.388021173975691 ], [ 151.385467057542087, -31.404637593616876 ], [ 151.38981216154761, -31.428533515198314 ], [ 151.36146058312363, -31.432177458422569 ], [ 151.365801460294506, -31.456074823251242 ], [ 151.39415919884425, -31.452429968818205 ], [ 151.402859078433949, -31.5002244904429 ], [ 151.487957697908314, -31.489252778331114 ], [ 151.483588301810784, -31.465357994161806 ], [ 151.426870144937567, -31.472675914458335 ], [ 151.405113837287672, -31.353200839993178 ], [ 151.376782644288028, -31.356847328324132 ], [ 151.372443332484067, -31.332952975501136 ], [ 151.315787487667905, -31.340228322951432 ] ] ] } },
{ "type": "Feature", "properties": { "species_id": "rufous-scrub-bird", "species_name": "Rufous Scrub-bird", "suitability": 0.55 }, "geometry": { "type": "Polygon", "coordinates": [ [ [ 149.803236595568876, -31.648398757248369 ], [ 149.811242266179903, -31.696291916673189 ], [ 149.868184659050399, -31.68957571711179 ], [ 149.872202647699595, -31.713521503080997 ], [ 149.900677399402127, -31.710154586060028 ], [ 149.896653177385645, -31.686209652156901 ], [ 149.868184659050399, -31.68957571711179 ], [ 149.860154063868634, -31.641685952508997 ], [ 149.803236595568876, -31.648398757248369 ] ] ] } },
{ "type": "Feature", "properties": { "species_id": "rufous-scrub-bird", "species_name": "Rufous Scrub-bird", "suitability": 0.55 }, "geometry": { "type": "Polygon", "coordinates": [ [ [ 151.189557134327828, -31.283019523657259 ], [ 151.215365774422764, -31.426416656236047 ], [ 151.187008868634791, -31.430028030808277 ], [ 151.174114421806962, -31.358324419673004 ], [ 151.145774094450843, -31.361927816316019 ], [ 151.156055860626168, -31.580667590934883 ], [ 151.212849467524251, -31.57344982746088 ], [ 151.208537905055977, -31.549544814682513 ], [ 151.180148236104912, -31.553155431893554 ], [ 151.171543221270809, -31.505345264339979 ], [ 151.232609844663727, -31.5220253661311 ], [ 151.228295948127737, -31.498122371480978 ], [ 151.25666944569403, -31.494503002716975 ], [ 151.252351300232021, -31.470601462442477 ], [ 151.30475166313343, -31.439449515945547 ], [ 151.300425035493305, -31.415550867526211 ], [ 151.272073860452252, -31.419178074010439 ], [ 151.267755315716954, -31.395279050856377 ], [ 151.239408387810613, -31.398900076239876 ], [ 151.217875204111522, -31.279408274071923 ], [ 151.189557134327828, -31.283019523657259 ] ], [ [ 151.243720772562199, -31.42280000377534 ], [ 151.272073860452252, -31.419178074010439 ], [ 151.276394326764233, -31.443077629069528 ], [ 151.248035076278882, -31.446700464319779 ], [ 151.243720772562199, -31.42280000377534 ] ], [ [ 151.191310843365898, -31.453930298856605 ], [ 151.219673914278616, -31.450318021110494 ], [ 151.223983971756695, -31.47421992466721 ], [ 151.195614733103838, -31.477833106689769 ], [ 151.191310843365898, -31.453930298856605 ] ] ] } },
{ "type": "Feature", "properties": { "species_id": "rufous-scrub-bird", "species_name": "Rufous Scrub-bird", "suitability": 0.55 }, "geometry": { "type": "Polygon", "coordinates": [ [ [ 152.173833569323307, -31.27662395657352 ], [ 152.178348556361414, -31.300493435278828 ], [ 152.093470800200208, -31.311849133222832 ], [ 152.097969424076723, -31.335721930442741 ], [ 152.126270124525945, -31.331941016712459 ], [ 152.130776873011627, -31.355813376873922 ], [ 152.10247004609613, -31.359595231500403 ], [ 152.111477289846221, -31.407343363256519 ], [ 152.168113469444279, -31.399770620142057 ], [ 152.18167617102489, -31.471391033607382 ], [ 152.210009667344337, -31.467593924281346 ], [ 152.196428563292585, -31.395976354102409 ], [ 152.224741656413386, -31.392176825886221 ], [ 152.21116026579881, -31.320566717949845 ], [ 152.182865547952872, -31.324363409859895 ], [ 152.20211604986784, -31.272829149786059 ], [ 152.173833569323307, -31.27662395657352 ] ] ] } },
{ "type": "Feature", "properties": { "species_id": "rufous-scrub-bird", "species_name": "Rufous Scrub-bird", "suitability": 0.55 }, "geometry": { "type": "Polygon", "coordinates": [ [ [ 151.743148724741502, -31.456052736964608 ], [ 151.756434915938968, -31.527715389802175 ], [ 151.784798173128848, -31.523997337175814 ], [ 151.771493520462059, -31.452337476293351 ], [ 151.743148724741502, -31.456052736964608 ] ] ] } },
{ "type": "Feature", "properties": { "species_id": "rufous-scrub-bird", "species_name": "Rufous Scrub-bird", "suitability": 0.65 }, "geometry": { "type": "Polygon", "coordinates": [ [ [ 152.168428856184335, -30.787987270255552 ], [ 152.181914916212065, -30.859561713311759 ], [ 152.153739989950282, -30.863351153939746 ], [ 152.158233247416121, -30.887211044206129 ], [ 152.186414244919149, -30.883420678678657 ], [ 152.190915563487579, -30.907280060291846 ], [ 152.25179921564407, -30.923539708403066 ], [ 152.316230767629008, -31.110603445635515 ], [ 152.259757047014176, -31.11822903663758 ], [ 152.255231665192809, -31.094366645452165 ], [ 152.19425096049801, -31.078105566106153 ], [ 152.176226163520397, -30.982654823524125 ], [ 152.115320551875072, -30.966363807949808 ], [ 152.133288672997253, -31.061820218501083 ], [ 152.161516212852376, -31.058033838190713 ], [ 152.170524407526187, -31.105762866263785 ], [ 152.231517190750708, -31.12203396133684 ], [ 152.240561773822861, -31.169762005629092 ], [ 152.15579364026533, -31.181150910209713 ], [ 152.160300622306636, -31.205018450551943 ], [ 152.132034488234467, -31.208805185084714 ], [ 152.1410422269457, -31.256543579762877 ], [ 151.999620631510481, -31.275407780195572 ], [ 152.004096898998966, -31.299282388943855 ], [ 151.975800513375418, -31.303040387317896 ], [ 151.971330369854428, -31.279164845618599 ], [ 151.914743924505729, -31.286663196997448 ], [ 151.91920181617931, -31.31054060120616 ], [ 151.890899509748152, -31.314282815520531 ], [ 151.877550145457349, -31.242649304360018 ], [ 151.849264250347574, -31.246383474241817 ], [ 151.805980789994152, -31.325477880759205 ], [ 151.72104442362874, -31.336625566896892 ], [ 151.725461354833755, -31.360509963694888 ], [ 151.697139183735743, -31.364216250333754 ], [ 151.705966650220319, -31.411988439494316 ], [ 151.734301108171195, -31.408280304017435 ], [ 151.738723932901905, -31.432166256636602 ], [ 151.856516124935695, -31.441160069214966 ], [ 151.852066746395849, -31.41727730928832 ], [ 151.937053196213014, -31.406055279523727 ], [ 151.95643613720992, -31.354547577949798 ], [ 152.013055398600216, -31.347033105590576 ], [ 151.993700952478719, -31.398547592866986 ], [ 152.050340783133237, -31.391018845055644 ], [ 152.087656698083464, -31.434997622093231 ], [ 152.115983914221175, -31.431218203029058 ], [ 152.129515813235145, -31.502845872458511 ], [ 152.186201092297523, -31.495265556251571 ], [ 152.168113469444279, -31.399770620142057 ], [ 152.111477289846221, -31.407343363256519 ], [ 152.10247004609613, -31.359595231500403 ], [ 152.130776873011627, -31.355813376873922 ], [ 152.093470800200208, -31.311849133222832 ], [ 152.178348556361414, -31.300493435278828 ], [ 152.221348116625023, -31.22129536253955 ], [ 152.362659413653944, -31.202225678804311 ], [ 152.367213153399007, -31.226087577893303 ], [ 152.395475497837822, -31.222256941038925 ], [ 152.390915655118249, -31.198395989485068 ], [ 152.442852081245519, -31.166862280839471 ], [ 152.438284087688572, -31.14300416489538 ], [ 152.381802031684941, -31.150675501333723 ], [ 152.377248248308661, -31.126815955751756 ], [ 152.349010300405268, -31.130642809374876 ], [ 152.335379318236164, -31.059064087418943 ], [ 152.363598995590053, -31.055240059158486 ], [ 152.354509561683329, -31.007525033452549 ], [ 152.382715070075619, -31.0036976424892 ], [ 152.378167290858642, -30.979841726152124 ], [ 152.321766431353211, -30.987489391989111 ], [ 152.326302051932487, -31.011347183859723 ], [ 152.298092543360582, -31.015164093109806 ], [ 152.284509936394954, -30.943589210085854 ], [ 152.312701208734467, -30.939775105748421 ], [ 152.303644002041608, -30.892062519798355 ], [ 152.331821137365978, -30.888245044080829 ], [ 152.327289469443201, -30.864390309118541 ], [ 152.299118401374017, -30.868206853305786 ], [ 152.290073198819783, -30.820496751067097 ], [ 152.261912269310926, -30.824306203242045 ], [ 152.224736382381991, -30.780398227933201 ], [ 152.168428856184335, -30.787987270255552 ] ], [ [ 151.814853445087294, -31.373241634980854 ], [ 151.843173920482457, -31.369513354418601 ], [ 151.852066746395849, -31.41727730928832 ], [ 151.823733989330066, -31.421007450076743 ], [ 151.814853445087294, -31.373241634980854 ] ] ] } },
{ "type": "Feature", "properties": { "species_id": "rufous-scrub-bird", "species_name": "Rufous Scrub-bird", "suitability": 0.55 }, "geometry": { "type": "Polygon", "coordinates": [ [ [ 151.814853445087294, -31.373241634980854 ], [ 151.823733989330066, -31.421007450076743 ], [ 151.852066746395849, -31.41727730928832 ], [ 151.856516124935695, -31.441160069214966 ], [ 151.799836354125063, -31.448616944377903 ], [ 151.804275415520806, -31.472502096792329 ], [ 151.860967482275129, -31.465043356871004 ], [ 151.865420819723681, -31.488927176812851 ], [ 151.893770046333202, -31.48518896544055 ], [ 151.856516124935695, -31.441160069214966 ], [ 151.913188016499333, -31.433682116283904 ], [ 151.917651664568069, -31.457563534610141 ], [ 151.945990792581853, -31.453815719109862 ], [ 151.937053196213014, -31.406055279523727 ], [ 151.993700952478719, -31.398547592866986 ], [ 151.998181035076783, -31.422425676614633 ], [ 152.054833138193061, -31.414895050365367 ], [ 152.059327490188849, -31.438771775412913 ], [ 152.087656698083464, -31.434997622093231 ], [ 152.10567867514311, -31.530506030875923 ], [ 152.162380243822298, -31.52293435439082 ], [ 152.166903045773097, -31.546810899502649 ], [ 152.195256973942691, -31.54301620608625 ], [ 152.186201092297523, -31.495265556251571 ], [ 152.129515813235145, -31.502845872458511 ], [ 152.115983914221175, -31.431218203029058 ], [ 152.087656698083464, -31.434997622093231 ], [ 152.050340783133237, -31.391018845055644 ], [ 151.993700952478719, -31.398547592866986 ], [ 152.013055398600216, -31.347033105590576 ], [ 151.95643613720992, -31.354547577949798 ], [ 151.937053196213014, -31.406055279523727 ], [ 151.852066746395849, -31.41727730928832 ], [ 151.843173920482457, -31.369513354418601 ], [ 151.814853445087294, -31.373241634980854 ] ] ] } },
{ "type": "Feature", "properties": { "species_id": "rufous-scrub-bird", "species_name": "Rufous Scrub-bird", "suitability": 0.55 }, "geometry": { "type": "Polygon", "coordinates": [ [ [ 150.917383526901773, -31.708551292169616 ], [ 150.921636520392696, -31.732469143968206 ], [ 150.950082351266445, -31.728906010077193 ], [ 150.945823152505653, -31.704989059618971 ], [ 150.917383526901773, -31.708551292169616 ] ] ] } },
{ "type": "Feature", "properties": { "species_id": "rufous-scrub-bird", "species_name": "Rufous Scrub-bird", "suitability": 0.55 }, "geometry": { "type": "Polygon", "coordinates": [ [ [ 150.059308870390311, -31.618023977700936 ], [ 150.071488223700641, -31.689841581318898 ], [ 150.043024252689833, -31.69324035344134 ], [ 150.038968881738271, -31.669299697853994 ], [ 149.982047988088027, -31.676079603255207 ], [ 149.986090903052428, -31.700021973762777 ], [ 149.925119906775365, -31.682838277825354 ], [ 149.945290199497862, -31.802564793201057 ], [ 149.973786318922862, -31.799183827248832 ], [ 149.977832034352929, -31.823130127584403 ], [ 150.006332596687741, -31.819742986446556 ], [ 150.002280638104594, -31.795797547024947 ], [ 150.059263865082812, -31.789009046006953 ], [ 150.071462643222901, -31.860842069614989 ], [ 150.128476086963531, -31.854027121131672 ], [ 150.124395520501992, -31.830083885641947 ], [ 150.095895949575805, -31.833493149851854 ], [ 150.083683905883305, -31.761664596822573 ], [ 149.969742411949966, -31.775238151072443 ], [ 149.965700312230041, -31.75129309438767 ], [ 149.994182153132613, -31.747908532835044 ], [ 149.986090903052428, -31.700021973762777 ], [ 150.043024252689833, -31.69324035344134 ], [ 150.047081435293478, -31.717181611397891 ], [ 150.132486610414844, -31.706966789398379 ], [ 150.120264471409769, -31.635152562042499 ], [ 150.059308870390311, -31.618023977700936 ] ] ] } },
{ "type": "Feature", "properties": { "species_id": "rufous-scrub-bird", "species_name": "Rufous Scrub-bird", "suitability": 0.65 }, "geometry": { "type": "Polygon", "coordinates": [ [ [ 151.230789370123176, -31.351101801940374 ], [ 151.239408387810613, -31.398900076239876 ], [ 151.267755315716954, -31.395279050856377 ], [ 151.30475166313343, -31.439449515945547 ], [ 151.276394326764233, -31.443077629069528 ], [ 151.232609844663727, -31.5220253661311 ], [ 151.171543221270809, -31.505345264339979 ], [ 151.180148236104912, -31.553155431893554 ], [ 151.208537905055977, -31.549544814682513 ], [ 151.212849467524251, -31.57344982746088 ], [ 151.156055860626168, -31.580667590934883 ], [ 151.168964969086971, -31.652391478952826 ], [ 151.225795688212713, -31.645168260447544 ], [ 151.238759235632358, -31.716891882104331 ], [ 151.267190295888781, -31.713269596364757 ], [ 151.271521531330308, -31.737177728318123 ], [ 151.324046645113924, -31.706009149924995 ], [ 151.315365204924603, -31.658198315438572 ], [ 151.286950373295525, -31.661829349964112 ], [ 151.282618741549442, -31.637923886208025 ], [ 151.225795688212713, -31.645168260447544 ], [ 151.221478357827266, -31.621261545743348 ], [ 151.249884657934444, -31.617642914828821 ], [ 151.241243403323693, -31.569833017278381 ], [ 151.269635423874405, -31.566210922250331 ], [ 151.260989513938483, -31.518405089721007 ], [ 151.317743103927342, -31.511148691688561 ], [ 151.313410696074214, -31.487248423453863 ], [ 151.341778443680198, -31.483613214130244 ], [ 151.354799967934611, -31.555312933988585 ], [ 151.383184301396625, -31.551669705477586 ], [ 151.378835688696029, -31.527770162331372 ], [ 151.439947180845905, -31.544367403370618 ], [ 151.448674914244776, -31.592164490654071 ], [ 151.590609924795473, -31.573807113660102 ], [ 151.586214232916944, -31.549912903522277 ], [ 151.704122865404713, -31.559026167773904 ], [ 151.699702514055389, -31.535135668594275 ], [ 151.642962279459198, -31.542534841433472 ], [ 151.63855621715436, -31.518643034966669 ], [ 151.577428717897163, -31.502126136941051 ], [ 151.573038892165442, -31.478233571343271 ], [ 151.601395405862974, -31.474549950701768 ], [ 151.597001376549059, -31.450658845639399 ], [ 151.568651019227417, -31.454341544778256 ], [ 151.559881126563965, -31.406559090484752 ], [ 151.531541134115457, -31.410234678005409 ], [ 151.535918952888551, -31.434126558310997 ], [ 151.479220849395574, -31.441463747819473 ], [ 151.487957697908314, -31.489252778331114 ], [ 151.402859078433949, -31.5002244904429 ], [ 151.39415919884425, -31.452429968818205 ], [ 151.365801460294506, -31.456074823251242 ], [ 151.385467057542087, -31.404637593616876 ], [ 151.357121636635156, -31.408280626742879 ], [ 151.320114498802099, -31.364124488175538 ], [ 151.263438691286524, -31.371380555043952 ], [ 151.259123985890255, -31.347482582013711 ], [ 151.230789370123176, -31.351101801940374 ] ] ] } },
{ "type": "Feature", "properties": { "species_id": "rufous-scrub-bird", "species_name": "Rufous Scrub-bird", "suitability": 0.55 }, "geometry": { "type": "Polygon", "coordinates": [ [ [ 151.97285133327145, -31.597109876581182 ], [ 151.97733506766528, -31.620994156414334 ], [ 152.038591565996313, -31.637352468391629 ], [ 152.02959745640058, -31.589587134679377 ], [ 151.97285133327145, -31.597109876581182 ] ] ] } },
{ "type": "Feature", "properties": { "species_id": "rufous-scrub-bird", "species_name": "Rufous Scrub-bird", "suitability": 0.65 }, "geometry": { "type": "Polygon", "coordinates": [ [ [ 149.986090903052428, -31.700021973762777 ], [ 149.994182153132613, -31.747908532835044 ], [ 149.965700312230041, -31.75129309438767 ], [ 149.969742411949966, -31.775238151072443 ], [ 150.083683905883305, -31.761664596822573 ], [ 150.095895949575805, -31.833493149851854 ], [ 150.156980084395059, -31.850611674003922 ], [ 150.165159187932261, -31.898498307036434 ], [ 150.193673856073275, -31.895075801695491 ], [ 150.18957714300609, -31.871133039315737 ], [ 150.33209184155254, -31.853945158874755 ], [ 150.336219769426407, -31.877883541241932 ], [ 150.389084880395558, -31.847032816700359 ], [ 150.384946325905133, -31.823096822686278 ], [ 150.27097784905277, -31.836896746154878 ], [ 150.266866082348258, -31.812957867960073 ], [ 150.209883326809887, -31.819824212091316 ], [ 150.201690241914349, -31.771944833062062 ], [ 150.173208598970859, -31.775368297440952 ], [ 150.193504476369185, -31.724067916829071 ], [ 149.986090903052428, -31.700021973762777 ] ] ] } },
{ "type": "Feature", "properties": { "species_id": "rufous-scrub-bird", "species_name": "Rufous Scrub-bird", "suitability": 0.55 }, "geometry": { "type": "Polygon", "coordinates": [ [ [ 150.750921935162381, -31.753736674107291 ], [ 150.730887613790941, -31.805112789157025 ], [ 150.759359056065335, -31.801584962371908 ], [ 150.767803718359005, -31.849435705876882 ], [ 150.796285727973981, -31.845900779305158 ], [ 150.787828621555434, -31.798051831963818 ], [ 150.759359056065335, -31.801584962371908 ], [ 150.779379067142656, -31.750205335478281 ], [ 150.750921935162381, -31.753736674107291 ] ] ] } },
{ "type": "Feature", "properties": { "species_id": "rufous-scrub-bird", "species_name": "Rufous Scrub-bird", "suitability": 0.65 }, "geometry": { "type": "Polygon", "coordinates": [ [ [ 150.69820723478054, -31.784709073714101 ], [ 150.706623240006138, -31.832562165756524 ], [ 150.767803718359005, -31.849435705876882 ], [ 150.759359056065335, -31.801584962371908 ], [ 150.69820723478054, -31.784709073714101 ] ] ] } },
{ "type": "Feature", "properties": { "species_id": "rufous-scrub-bird", "species_name": "Rufous Scrub-bird", "suitability": 0.55 }, "geometry": { "type": "Polygon", "coordinates": [ [ [ 150.503048828726889, -31.833144403273035 ], [ 150.507214173954623, -31.857077489985571 ], [ 150.478719726528567, -31.86055844364607 ], [ 150.482880698593732, -31.884493045324565 ], [ 150.539880209649681, -31.877524053392239 ], [ 150.53153519004303, -31.829659026378557 ], [ 150.503048828726889, -31.833144403273035 ] ] ] } },
{ "type": "Feature", "properties": { "species_id": "rufous-scrub-bird", "species_name": "Rufous Scrub-bird", "suitability": 0.55 }, "geometry": { "type": "Polygon", "coordinates": [ [ [ 150.560019695747854, -31.826168341221532 ], [ 150.596872288371031, -31.870533818839608 ], [ 150.739319829460698, -31.852965326446263 ], [ 150.735102779653033, -31.829038748022601 ], [ 150.649658545129171, -31.839593082709431 ], [ 150.645462052695507, -31.815664441954329 ], [ 150.592686380457735, -31.846602771100549 ], [ 150.588502343190896, -31.822672348379594 ], [ 150.560019695747854, -31.826168341221532 ] ] ] } },
{ "type": "Feature", "properties": { "species_id": "rufous-scrub-bird", "species_name": "Rufous Scrub-bird", "suitability": 0.55 }, "geometry": { "type": "Polygon", "coordinates": [ [ [ 150.816296307619524, -31.794513398515793 ], [ 150.824765855660615, -31.842360547315661 ], [ 150.853244098774979, -31.838815010493903 ], [ 150.844762111616973, -31.790969662611531 ], [ 150.816296307619524, -31.794513398515793 ] ] ] } },
{ "type": "Feature", "properties": { "species_id": "rufous-scrub-bird", "species_name": "Rufous Scrub-bird", "suitability": 0.65 }, "geometry": { "type": "Polygon", "coordinates": [ [ [ 152.128251294734213, -31.649903756791005 ], [ 152.132771851716399, -31.673784976347047 ], [ 152.161160565702602, -31.6699960617538 ], [ 152.156633847249822, -31.646115796966043 ], [ 152.128251294734213, -31.649903756791005 ] ] ] } },
{ "type": "Feature", "properties": { "species_id": "rufous-scrub-bird", "species_name": "Rufous Scrub-bird", "suitability": 0.55 }, "geometry": { "type": "Polygon", "coordinates": [ [ [ 151.675747562972703, -31.562729322207364 ], [ 151.745787578661776, -31.626989769768315 ], [ 151.774177456178393, -31.623273258510711 ], [ 151.783060586403565, -31.671055560280095 ], [ 151.811460836875227, -31.667331893014563 ], [ 151.815911546286486, -31.691222962048677 ], [ 151.877183512891065, -31.707647660956695 ], [ 151.881650547731851, -31.731538000847699 ], [ 151.938474245001402, -31.72404803074641 ], [ 151.933994859523409, -31.700159583106043 ], [ 151.87271846870496, -31.683757900303764 ], [ 151.868255413854115, -31.659868714288255 ], [ 151.896649735161816, -31.656129204043779 ], [ 151.887717254517696, -31.60835442058228 ], [ 151.826500372374142, -31.591935968600634 ], [ 151.817604454422195, -31.544160779654529 ], [ 151.675747562972703, -31.562729322207364 ] ], [ [ 151.80256536511996, -31.61955146735756 ], [ 151.830951302888252, -31.615824396914331 ], [ 151.839859113558845, -31.663602944148021 ], [ 151.811460836875227, -31.667331893014563 ], [ 151.80256536511996, -31.61955146735756 ] ] ] } },
{ "type": "Feature", "properties": { "species_id": "rufous-scrub-bird", "species_name": "Rufous Scrub-bird", "suitability": 0.55 }, "geometry": { "type": "Polygon", "coordinates": [ [ [ 152.143065778944532, -31.574478362689042 ], [ 152.147586455204532, -31.598356952013397 ], [ 152.119216217828409, -31.60214300578896 ], [ 152.128251294734213, -31.649903756791005 ], [ 152.156633847249822, -31.646115796966043 ], [ 152.161160565702602, -31.6699960617538 ], [ 152.104381132747221, -31.677568613763842 ], [ 152.108897538458166, -31.701451356920821 ], [ 152.165689300889056, -31.693876894195835 ], [ 152.161160565702602, -31.6699960617538 ], [ 152.189547272114993, -31.666201870600759 ], [ 152.175954688991538, -31.594565625118886 ], [ 152.20432091660453, -31.590769025720142 ], [ 152.199787936979675, -31.566892342395853 ], [ 152.143065778944532, -31.574478362689042 ] ] ] } },
{ "type": "Feature", "properties": { "species_id": "rufous-scrub-bird", "species_name": "Rufous Scrub-bird", "suitability": 0.55 }, "geometry": { "type": "Polygon", "coordinates": [ [ [ 151.702274021116295, -31.706089687577375 ], [ 151.711131949024036, -31.753881079080031 ], [ 151.739556648909058, -31.750170447939958 ], [ 151.743994763063682, -31.77406608776294 ], [ 151.800850619534572, -31.766627082428055 ], [ 151.791951637351502, -31.71884015597735 ], [ 151.739556648909058, -31.750170447939958 ], [ 151.730686355940691, -31.702380932459128 ], [ 151.702274021116295, -31.706089687577375 ] ] ] } },
{ "type": "Feature", "properties": { "species_id": "rufous-scrub-bird", "species_name": "Rufous Scrub-bird", "suitability": 0.55 }, "geometry": { "type": "Polygon", "coordinates": [ [ [ 151.157760985075186, -31.751638773181348 ], [ 151.162069348803186, -31.775551162420747 ], [ 151.133618217156169, -31.779154099536658 ], [ 151.146536226621606, -31.850897649067665 ], [ 151.175005987167225, -31.84729196651093 ], [ 151.170691848569817, -31.823377754445897 ], [ 151.227613190015006, -31.816152325654627 ], [ 151.236268241466917, -31.863977692289829 ], [ 151.26473844891612, -31.860355190244452 ], [ 151.247411243593604, -31.764710573993419 ], [ 151.190518565510189, -31.771942928729164 ], [ 151.186203998705366, -31.748031453580925 ], [ 151.157760985075186, -31.751638773181348 ] ] ] } },
{ "type": "Feature", "properties": { "species_id": "rufous-scrub-bird", "species_name": "Rufous Scrub-bird", "suitability": 0.55 }, "geometry": { "type": "Polygon", "coordinates": [ [ [ 151.687131021776821, -31.781483940823126 ], [ 151.69155873665207, -31.805382055441434 ], [ 151.75287693328238, -31.821859154659492 ], [ 151.748434857416527, -31.797962321795591 ], [ 151.687131021776821, -31.781483940823126 ] ] ] } },
{ "type": "Feature", "properties": { "species_id": "rufous-scrub-bird", "species_name": "Rufous Scrub-bird", "suitability": 0.55 }, "geometry": { "type": "Polygon", "coordinates": [ [ [ 150.95572892869319, -31.923833873988766 ], [ 150.959999056271158, -31.947757274461331 ], [ 150.931495357344204, -31.951323261729154 ], [ 150.935761162001882, -31.975248213244974 ], [ 150.964271093978027, -31.971681314749837 ], [ 150.959999056271158, -31.947757274461331 ], [ 151.017000747118573, -31.940609375223815 ], [ 151.012718162560049, -31.916687798555678 ], [ 150.95572892869319, -31.923833873988766 ] ] ] } },
{ "type": "Feature", "properties": { "species_id": "rufous-scrub-bird", "species_name": "Rufous Scrub-bird", "suitability": 0.55 }, "geometry": { "type": "Polygon", "coordinates": [ [ [ 151.840386784242611, -31.198628404606644 ], [ 151.801547417620924, -31.301596765126423 ], [ 151.68831955971612, -31.31644612192013 ], [ 151.692728392065874, -31.34033093080533 ], [ 151.664410410082013, -31.344031027986961 ], [ 151.660007715964241, -31.320145298634454 ], [ 151.603378191384365, -31.32752785292918 ], [ 151.583831008069097, -31.37898871227355 ], [ 151.474855339376177, -31.417570034737576 ], [ 151.479220849395574, -31.441463747819473 ], [ 151.535918952888551, -31.434126558310997 ], [ 151.531541134115457, -31.410234678005409 ], [ 151.559881126563965, -31.406559090484752 ], [ 151.568651019227417, -31.454341544778256 ], [ 151.597001376549059, -31.450658845639399 ], [ 151.577428717897163, -31.502126136941051 ], [ 151.605791390576286, -31.49844159367256 ], [ 151.642962279459198, -31.542534841433472 ], [ 151.586214232916944, -31.549912903522277 ], [ 151.590609924795473, -31.573807113660102 ], [ 151.420282093523923, -31.595820119363342 ], [ 151.415923429550844, -31.571920377468004 ], [ 151.387534851185308, -31.575569804655011 ], [ 151.407211923291385, -31.524122567593537 ], [ 151.354799967934611, -31.555312933988585 ], [ 151.341778443680198, -31.483613214130244 ], [ 151.313410696074214, -31.487248423453863 ], [ 151.317743103927342, -31.511148691688561 ], [ 151.260989513938483, -31.518405089721007 ], [ 151.269635423874405, -31.566210922250331 ], [ 151.241243403323693, -31.569833017278381 ], [ 151.249884657934444, -31.617642914828821 ], [ 151.221478357827266, -31.621261545743348 ], [ 151.225795688212713, -31.645168260447544 ], [ 151.168964969086971, -31.652391478952826 ], [ 151.160356978970412, -31.604574982547302 ], [ 151.103543371879425, -31.611773411041376 ], [ 151.094967787151631, -31.563955572035518 ], [ 151.038171312234653, -31.571129233364555 ], [ 151.033898749977823, -31.547219357585856 ], [ 150.97710706242998, -31.554370070074157 ], [ 150.981367254572831, -31.57828174356105 ], [ 150.952962388757413, -31.581850065527188 ], [ 150.961476089756218, -31.629676915394281 ], [ 150.843555204259189, -31.619987171959231 ], [ 150.880454121729315, -31.664272502814416 ], [ 150.852023128687136, -31.667822346970638 ], [ 150.856259924772928, -31.691740811536565 ], [ 150.803606162322211, -31.722747250827908 ], [ 150.807834322194878, -31.746668696181477 ], [ 150.864739190966816, -31.739579517913587 ], [ 150.908883231058951, -31.660717363860709 ], [ 150.965735788069765, -31.653591203890365 ], [ 150.9742608866311, -31.701421531082094 ], [ 151.031130669931173, -31.694270588391703 ], [ 151.018308691974255, -31.622531385188893 ], [ 151.07513371186144, -31.615364692155854 ], [ 151.079418181981282, -31.63927537204432 ], [ 151.140546741397742, -31.655995153329318 ], [ 151.14915002354104, -31.703815785084565 ], [ 151.177580638930834, -31.70021029032138 ], [ 151.173271843405701, -31.676300592960366 ], [ 151.230114943789772, -31.669075551667735 ], [ 151.225795688212713, -31.645168260447544 ], [ 151.509833878735407, -31.608734926708408 ], [ 151.518598001994633, -31.656531711155356 ], [ 151.547003534437721, -31.652857460778627 ], [ 151.555787838675172, -31.700654688047642 ], [ 151.527369941313452, -31.704330793660986 ], [ 151.531758845237476, -31.72823120820194 ], [ 151.446474910337884, -31.73923057773473 ], [ 151.450847197354051, -31.763134364966682 ], [ 151.507717483985346, -31.755804886492154 ], [ 151.516492698062365, -31.803610537741896 ], [ 151.488046136184266, -31.807279782203835 ], [ 151.483663747071574, -31.783375726833981 ], [ 151.431147172065181, -31.814602389956104 ], [ 151.468355871594156, -31.858755523806316 ], [ 151.354492766556945, -31.873365804102402 ], [ 151.358849985960461, -31.897276338171071 ], [ 151.301894373900183, -31.904551539687759 ], [ 151.30624110893055, -31.928464552383424 ], [ 151.334726099301776, -31.92482867528042 ], [ 151.356520071121139, -32.044398646806727 ], [ 151.299485905484119, -32.051674393447307 ], [ 151.295135672248819, -32.027757247865679 ], [ 151.209588594413162, -32.038628262491244 ], [ 151.205258999712981, -32.014708984789898 ], [ 151.17674567905317, -32.018321112638816 ], [ 151.185394336620902, -32.066162173930408 ], [ 151.242443986928407, -32.058928904101151 ], [ 151.246783696056553, -32.082848566221749 ], [ 151.360884717444407, -32.068314582095077 ], [ 151.356520071121139, -32.044398646806727 ], [ 151.409171313223425, -32.01318825525005 ], [ 151.40479812014479, -31.989275487740581 ], [ 151.376298349021766, -31.992924761890556 ], [ 151.363209152612654, -31.921187496326365 ], [ 151.391690266229546, -31.917541016124009 ], [ 151.387324885699968, -31.893630787011897 ], [ 151.472737928188224, -31.882662339164249 ], [ 151.468355871594156, -31.858755523806316 ], [ 151.496816785353587, -31.855089711035561 ], [ 151.501205048011883, -31.878995593771439 ], [ 151.558133430390455, -31.871646212451058 ], [ 151.553732759495063, -31.847742198486415 ], [ 151.525275748861787, -31.851418602393839 ], [ 151.516492698062365, -31.803610537741896 ], [ 151.57337996835372, -31.79625617066338 ], [ 151.610640911647977, -31.84037350729789 ], [ 151.639092047925971, -31.836681221230286 ], [ 151.647932568549123, -31.88448423792207 ], [ 151.619469030508412, -31.888178402122787 ], [ 151.632726004363576, -31.959890394548278 ], [ 151.661208164809807, -31.956193404536602 ], [ 151.647932568549123, -31.88448423792207 ], [ 151.733311376375241, -31.873369976660474 ], [ 151.737753205086563, -31.897269579271487 ], [ 151.790220716814787, -31.865934001379628 ], [ 151.794674943401191, -31.889831711860491 ], [ 151.823132843299987, -31.886104837904043 ], [ 151.814213986916286, -31.83831192299581 ], [ 151.671966692604258, -31.856883904661572 ], [ 151.667541220845806, -31.832983642323857 ], [ 151.606229807400098, -31.816471975996055 ], [ 151.625846056092371, -31.764981244997159 ], [ 151.568978992530106, -31.772354909959738 ], [ 151.531758845237476, -31.72823120820194 ], [ 151.697848018280581, -31.682194866402419 ], [ 151.693423987778402, -31.658300622136473 ], [ 151.579804472140808, -31.673075322112538 ], [ 151.542614317920567, -31.62895970952091 ], [ 151.599407183774531, -31.621597210548533 ], [ 151.642962279459198, -31.542534841433472 ], [ 151.699702514055389, -31.535135668594275 ], [ 151.695284129819015, -31.511245717650013 ], [ 151.63855621715436, -31.518643034966669 ], [ 151.620951560947333, -31.423081222627612 ], [ 151.649291874021657, -31.419388899395518 ], [ 151.668815060926704, -31.367917269105373 ], [ 151.725461354833755, -31.360509963694888 ], [ 151.72104442362874, -31.336625566896892 ], [ 151.805980789994152, -31.325477880759205 ], [ 151.849264250347574, -31.246383474241817 ], [ 151.910288011549483, -31.262786289876932 ], [ 151.896932131927315, -31.191158505837624 ], [ 151.840386784242611, -31.198628404606644 ] ], [ [ 151.293695433254214, -31.538681259778137 ], [ 151.354799967934611, -31.555312933988585 ], [ 151.335092041055674, -31.606755301396735 ], [ 151.278289040250542, -31.614018996738775 ], [ 151.269635423874405, -31.566210922250331 ], [ 151.298025526565823, -31.562583542965925 ], [ 151.293695433254214, -31.538681259778137 ] ] ] } },
{ "type": "Feature", "properties": { "species_id": "rufous-scrub-bird", "species_name": "Rufous Scrub-bird", "suitability": 0.65 }, "geometry": { "type": "Polygon", "coordinates": [ [ [ 151.516492698062365, -31.803610537741896 ], [ 151.525275748861787, -31.851418602393839 ], [ 151.553732759495063, -31.847742198486415 ], [ 151.558133430390455, -31.871646212451058 ], [ 151.501205048011883, -31.878995593771439 ], [ 151.496816785353587, -31.855089711035561 ], [ 151.468355871594156, -31.858755523806316 ], [ 151.472737928188224, -31.882662339164249 ], [ 151.387324885699968, -31.893630787011897 ], [ 151.391690266229546, -31.917541016124009 ], [ 151.363209152612654, -31.921187496326365 ], [ 151.376298349021766, -31.992924761890556 ], [ 151.40479812014479, -31.989275487740581 ], [ 151.409171313223425, -32.01318825525005 ], [ 151.380665317634879, -32.016838462993427 ], [ 151.360884717444407, -32.068314582095077 ], [ 151.303838085792819, -32.075592194537016 ], [ 151.284009588520888, -32.127062488876724 ], [ 151.226926364198789, -32.134311962473994 ], [ 151.231265660856423, -32.158234558234696 ], [ 151.259814486932839, -32.154611546196371 ], [ 151.272862800282496, -32.226380615329795 ], [ 151.329992128920566, -32.219113029560553 ], [ 151.325628238886196, -32.195191196825938 ], [ 151.354183733966153, -32.19155036674168 ], [ 151.341085055013622, -32.119791762533865 ], [ 151.369619872449107, -32.116148431102552 ], [ 151.378362852615822, -32.163984949300776 ], [ 151.463993044308523, -32.153017449945949 ], [ 151.45521262973989, -32.105186571079464 ], [ 151.483739641679335, -32.101521997863408 ], [ 151.521070053438336, -32.145679223107031 ], [ 151.549605614463587, -32.142002143347462 ], [ 151.54519571494157, -32.118089201773003 ], [ 151.57372307621327, -32.114407758367527 ], [ 151.578139209602853, -32.138319753514168 ], [ 151.630771894461077, -32.107028947368256 ], [ 151.617497986602302, -32.035302602185212 ], [ 151.556078291444805, -32.018766370271045 ], [ 151.538465041712925, -31.923135305642536 ], [ 151.623886047740172, -31.912081774926019 ], [ 151.619469030508412, -31.888178402122787 ], [ 151.647932568549123, -31.88448423792207 ], [ 151.639092047925971, -31.836681221230286 ], [ 151.610640911647977, -31.84037350729789 ], [ 151.57337996835372, -31.79625617066338 ], [ 151.516492698062365, -31.803610537741896 ] ] ] } },
{ "type": "Feature", "properties": { "species_id": "rufous-scrub-bird", "species_name": "Rufous Scrub-bird", "suitability": 0.55 }, "geometry": { "type": "Polygon", "coordinates": [ [ [ 151.74039432296388, -32.068302011227637 ], [ 151.753754851320252, -32.140020890754492 ], [ 151.815274793344884, -32.15648029074444 ], [ 151.806336881874614, -32.108669546203885 ], [ 151.777819108883108, -32.112394394409513 ], [ 151.768901636286074, -32.064584376469298 ], [ 151.74039432296388, -32.068302011227637 ] ] ] } },
{ "type": "Feature", "properties": { "species_id": "rufous-scrub-bird", "species_name": "Rufous Scrub-bird", "suitability": 0.55 }, "geometry": { "type": "Polygon", "coordinates": [ [ [ 151.538465041712925, -31.923135305642536 ], [ 151.556078291444805, -32.018766370271045 ], [ 151.617497986602302, -32.035302602185212 ], [ 151.630771894461077, -32.107028947368256 ], [ 151.602248470266574, -32.110721006694185 ], [ 151.582557320503412, -32.162232417287562 ], [ 151.611095182324334, -32.15854376921942 ], [ 151.606670836212913, -32.134632054222628 ], [ 151.663728173278145, -32.127240729730765 ], [ 151.681487349694862, -32.222884023049019 ], [ 151.710037995849802, -32.219176582706623 ], [ 151.705588979680442, -32.195265701063526 ], [ 151.734131403558678, -32.191553906006959 ], [ 151.711885027917418, -32.072014342604028 ], [ 151.683373753779676, -32.075721369980606 ], [ 151.674501571007568, -32.027908252666343 ], [ 151.617497986602302, -32.035302602185212 ], [ 151.613077307494365, -32.011395121850349 ], [ 151.584578781779783, -32.015083397515077 ], [ 151.571347242658163, -31.943361969654603 ], [ 151.599827122288701, -31.939676519630439 ], [ 151.595414340215655, -31.91577158294583 ], [ 151.538465041712925, -31.923135305642536 ] ] ] } },
{ "type": "Feature", "properties": { "species_id": "rufous-scrub-bird", "species_name": "Rufous Scrub-bird", "suitability": 0.55 }, "geometry": { "type": "Polygon", "coordinates": [ [ [ 149.706240323164508, -32.637020508200827 ], [ 149.7142767233847, -32.684985238240529 ], [ 149.771754887800341, -32.678295888074231 ], [ 149.775788515502711, -32.702277696072073 ], [ 149.837320300352019, -32.719545966234087 ], [ 149.829225811786273, -32.671585080535813 ], [ 149.771754887800341, -32.678295888074231 ], [ 149.767723078464599, -32.654314883659765 ], [ 149.706240323164508, -32.637020508200827 ] ] ] } },
{ "type": "Feature", "properties": { "species_id": "rufous-scrub-bird", "species_name": "Rufous Scrub-bird", "suitability": 0.55 }, "geometry": { "type": "Polygon", "coordinates": [ [ [ 149.150787656173662, -32.822702840593109 ], [ 149.154686501268884, -32.846706274446539 ], [ 149.183487590651623, -32.843468272826279 ], [ 149.179582358234342, -32.819465697592193 ], [ 149.150787656173662, -32.822702840593109 ] ] ] } },
{ "type": "Feature", "properties": { "species_id": "rufous-scrub-bird", "species_name": "Rufous Scrub-bird", "suitability": 0.55 }, "geometry": { "type": "Polygon", "coordinates": [ [ [ 149.158587108722543, -32.870710554945312 ], [ 149.166393615457849, -32.918721675518633 ], [ 149.19521388349122, -32.915481091692278 ], [ 149.187394588206871, -32.867471693648667 ], [ 149.158587108722543, -32.870710554945312 ] ] ] } },
{ "type": "Feature", "properties": { "species_id": "rufous-scrub-bird", "species_name": "Rufous Scrub-bird", "suitability": 0.55 }, "geometry": { "type": "Polygon", "coordinates": [ [ [ 149.286887363709468, -32.758467577712331 ], [ 149.306541218964753, -32.878463241605594 ], [ 149.335346266195728, -32.875196604812025 ], [ 149.343233032614876, -32.923199056558474 ], [ 149.458486565529569, -32.910071726705581 ], [ 149.454516733007864, -32.886073563507999 ], [ 149.368098420520823, -32.895924515617793 ], [ 149.364149540099618, -32.871924586782015 ], [ 149.335346266195728, -32.875196604812025 ], [ 149.327466625450285, -32.827197553412148 ], [ 149.356257130640557, -32.823927271255499 ], [ 149.348371848355157, -32.775933312589657 ], [ 149.405922026796588, -32.769380085486013 ], [ 149.409876528911639, -32.793374913270299 ], [ 149.467432346539084, -32.786798449126209 ], [ 149.463465097939718, -32.762805360851168 ], [ 149.434694452157515, -32.76609541007371 ], [ 149.430735363899629, -32.742102277637308 ], [ 149.286887363709468, -32.758467577712331 ] ] ] } },
{ "type": "Feature", "properties": { "species_id": "rufous-scrub-bird", "species_name": "Rufous Scrub-bird", "suitability": 0.55 }, "geometry": { "type": "Polygon", "coordinates": [ [ [ 149.529861490805843, -32.632962860749579 ], [ 149.537818040006073, -32.680936479979579 ], [ 149.566562453014598, -32.677627561322822 ], [ 149.574538904598114, -32.725602664291401 ], [ 149.545781769721145, -32.728913328583637 ], [ 149.54976633029068, -32.752902976061691 ], [ 149.636051447394181, -32.742952247673863 ], [ 149.652084138566096, -32.838908565092176 ], [ 149.53294640342142, -32.828185662811009 ], [ 149.524981030042085, -32.78020048692229 ], [ 149.496207581433026, -32.783502154994274 ], [ 149.500182995910848, -32.8074952005705 ], [ 149.471401386807429, -32.810792367447561 ], [ 149.475372219951112, -32.834787120702785 ], [ 149.504160206031827, -32.831489080006854 ], [ 149.512120018041117, -32.879479360030906 ], [ 149.627305072818217, -32.866226408925414 ], [ 149.631313206207523, -32.89021929827183 ], [ 149.684886798435969, -32.859567670583246 ], [ 149.692930396854194, -32.907550759794724 ], [ 149.750530402223347, -32.900866970285222 ], [ 149.742461293484496, -32.852887429926163 ], [ 149.713674951158055, -32.85623023775225 ], [ 149.709649502355006, -32.832240843608893 ], [ 149.767207629434893, -32.825551627257397 ], [ 149.763171259162959, -32.8015648407155 ], [ 149.734399470428031, -32.804911249054108 ], [ 149.726344923254999, -32.75693838856953 ], [ 149.697584055649656, -32.760277658053717 ], [ 149.660799545487151, -32.715638455754664 ], [ 149.599298760901604, -32.698299547913592 ], [ 149.591313192346888, -32.650327808380801 ], [ 149.529861490805843, -32.632962860749579 ] ] ] } },
{ "type": "Feature", "properties": { "species_id": "rufous-scrub-bird", "species_name": "Rufous Scrub-bird", "suitability": 0.55 }, "geometry": { "type": "Polygon", "coordinates": [ [ [ 148.477938190317218, -33.018905769154664 ], [ 148.481691877459212, -33.042933828521043 ], [ 148.510566423301015, -33.039820999044117 ], [ 148.506806306931338, -33.015793772249296 ], [ 148.477938190317218, -33.018905769154664 ] ] ] } },
{ "type": "Feature", "properties": { "species_id": "rufous-scrub-bird", "species_name": "Rufous Scrub-bird", "suitability": 0.55 }, "geometry": { "type": "Polygon", "coordinates": [ [ [ 149.861647636979285, -32.863448246164687 ], [ 149.865708603848105, -32.887434872339348 ], [ 149.927362306609297, -32.904672251707048 ], [ 149.923286756059952, -32.880686573313973 ], [ 149.861647636979285, -32.863448246164687 ] ] ] } },
{ "type": "Feature", "properties": { "species_id": "rufous-scrub-bird", "species_name": "Rufous Scrub-bird", "suitability": 0.55 }, "geometry": { "type": "Polygon", "coordinates": [ [ [ 149.980857579871355, -32.873916780547972 ], [ 149.984945874231215, -32.897900660775498 ], [ 150.013734901168363, -32.894506804723861 ], [ 150.009640236758031, -32.870523825491652 ], [ 149.980857579871355, -32.873916780547972 ] ] ] } },
{ "type": "Feature", "properties": { "species_id": "rufous-scrub-bird", "species_name": "Rufous Scrub-bird", "suitability": 0.55 }, "geometry": { "type": "Polygon", "coordinates": [ [ [ 149.351126934317648, -32.97120494795584 ], [ 149.355076563908227, -32.99520919582897 ], [ 149.326239540282103, -32.998480184581283 ], [ 149.334131352914142, -33.046493057630123 ], [ 149.362981186592719, -33.043220320580772 ], [ 149.366936182099892, -33.067227207337822 ], [ 149.424643316343037, -33.060663807523788 ], [ 149.420675506024395, -33.036658676192914 ], [ 149.507203573726542, -33.026775792594606 ], [ 149.499234936884733, -32.978773448208138 ], [ 149.441576947811456, -32.985363905712667 ], [ 149.437608122889259, -32.961362283211784 ], [ 149.351126934317648, -32.97120494795584 ] ] ] } },
{ "type": "Feature", "properties": { "species_id": "rufous-scrub-bird", "species_name": "Rufous Scrub-bird", "suitability": 0.65 }, "geometry": { "type": "Polygon", "coordinates": [ [ [ 150.137038489627287, -32.757572959836757 ], [ 150.174037312167428, -32.802100712450638 ], [ 150.260302745755865, -32.791798435001901 ], [ 150.26445093890149, -32.815771593464135 ], [ 150.293208714173687, -32.812325861213189 ], [ 150.301523430900772, -32.860272831319975 ], [ 150.330292049601383, -32.856819905849257 ], [ 150.334458582689422, -32.880793722611401 ], [ 150.219347461039888, -32.894576877119071 ], [ 150.2152063717906, -32.870599403620844 ], [ 150.186430293542514, -32.874030857681696 ], [ 150.202980405837508, -32.969949472464023 ], [ 150.231781956993103, -32.966514367624832 ], [ 150.223490420817257, -32.918555192357005 ], [ 150.396184051033799, -32.897842753043221 ], [ 150.387823669085549, -32.849897956464559 ], [ 150.445347779792002, -32.842954546512416 ], [ 150.436969538698435, -32.795016745649548 ], [ 150.408221123138588, -32.798489293998131 ], [ 150.404041182091817, -32.774520705417608 ], [ 150.432783251847127, -32.771049074825264 ], [ 150.424416339193755, -32.723116168094514 ], [ 150.338222561974703, -32.733509488132256 ], [ 150.317803726889821, -32.784903430247375 ], [ 150.256156423604239, -32.767826096530641 ], [ 150.252011971189859, -32.743854573186859 ], [ 150.194528939480648, -32.750724491369212 ], [ 150.198660694934517, -32.774697829367383 ], [ 150.137038489627287, -32.757572959836757 ] ] ] } },
{ "type": "Feature", "properties": { "species_id": "rufous-scrub-bird", "species_name": "Rufous Scrub-bird", "suitability": 0.55 }, "geometry": { "type": "Polygon", "coordinates": [ [ [ 149.457470217480676, -33.081379159624305 ], [ 149.461448033458254, -33.105385188779771 ], [ 149.490309945148937, -33.102088247924371 ], [ 149.486325719205013, -33.078083101898116 ], [ 149.457470217480676, -33.081379159624305 ] ] ] } },
{ "type": "Feature", "properties": { "species_id": "rufous-scrub-bird", "species_name": "Rufous Scrub-bird", "suitability": 0.65 }, "geometry": { "type": "Polygon", "coordinates": [ [ [ 149.519170060390906, -33.09878591520976 ], [ 149.523162502524599, -33.122791070799323 ], [ 149.552027228869974, -33.11948245999281 ], [ 149.54802837640662, -33.095478191221275 ], [ 149.519170060390906, -33.09878591520976 ] ] ] } },
{ "type": "Feature", "properties": { "species_id": "rufous-scrub-bird", "species_name": "Rufous Scrub-bird", "suitability": 0.55 }, "geometry": { "type": "Polygon", "coordinates": [ [ [ 149.918941264209252, -33.027995697488741 ], [ 149.923021493216709, -33.051987441157806 ], [ 149.951854329031619, -33.048604301222547 ], [ 149.960033116490308, -33.096588618250323 ], [ 149.988876898110135, -33.093198282371937 ], [ 149.976592315596207, -33.021225844127841 ], [ 149.918941264209252, -33.027995697488741 ] ] ] } },
{ "type": "Feature", "properties": { "species_id": "rufous-scrub-bird", "species_name": "Rufous Scrub-bird", "suitability": 0.55 }, "geometry": { "type": "Polygon", "coordinates": [ [ [ 149.54802837640662, -33.095478191221275 ], [ 149.552027228869974, -33.11948245999281 ], [ 149.523162502524599, -33.122791070799323 ], [ 149.527156753314244, -33.146797125336136 ], [ 149.584897227808995, -33.140172734614183 ], [ 149.576884890419592, -33.092165076544937 ], [ 149.54802837640662, -33.095478191221275 ] ] ] } },
{ "type": "Feature", "properties": { "species_id": "rufous-scrub-bird", "species_name": "Rufous Scrub-bird", "suitability": 0.55 }, "geometry": { "type": "Polygon", "coordinates": [ [ [ 149.829640854772521, -32.500389693989206 ], [ 149.866421734782676, -32.544973380110484 ], [ 149.895119137834769, -32.541603633165764 ], [ 149.899175368255584, -32.565577068636777 ], [ 149.870471631166765, -32.568947698709209 ], [ 149.878576898508868, -32.616898680389554 ], [ 149.936007903931085, -32.610148522312322 ], [ 149.972871301275035, -32.654714216237018 ], [ 150.030316711504184, -32.647928344599819 ], [ 150.034407468837799, -32.671902155536124 ], [ 150.005679336877762, -32.675298664800636 ], [ 150.017943634725157, -32.747227596105397 ], [ 150.104179643820601, -32.737013914252209 ], [ 150.083646990070122, -32.788376925990271 ], [ 150.141157543134398, -32.781548107441708 ], [ 150.178166441531886, -32.82607659769117 ], [ 150.235691299880955, -32.819211960693359 ], [ 150.239835009188283, -32.843186855323701 ], [ 150.268601004299086, -32.839745576785532 ], [ 150.272752943207706, -32.863720389839663 ], [ 150.2152063717906, -32.870599403620844 ], [ 150.211067151811562, -32.846622766975564 ], [ 150.095977154397474, -32.860312732749406 ], [ 150.100090921519325, -32.88429300135607 ], [ 150.157652357253909, -32.877456942390033 ], [ 150.174176991633232, -32.973379202861103 ], [ 150.202980405837508, -32.969949472464023 ], [ 150.186430293542514, -32.874030857681696 ], [ 150.2152063717906, -32.870599403620844 ], [ 150.219347461039888, -32.894576877119071 ], [ 150.334458582689422, -32.880793722611401 ], [ 150.260302745755865, -32.791798435001901 ], [ 150.174037312167428, -32.802100712450638 ], [ 150.194528939480648, -32.750724491369212 ], [ 150.252011971189859, -32.743854573186859 ], [ 150.289054168936474, -32.788353614204475 ], [ 150.342386050450614, -32.757478280045142 ], [ 150.338222561974703, -32.733509488132256 ], [ 150.424416339193755, -32.723116168094514 ], [ 150.432783251847127, -32.771049074825264 ], [ 150.404041182091817, -32.774520705417608 ], [ 150.408221123138588, -32.798489293998131 ], [ 150.436969538698435, -32.795016745649548 ], [ 150.445347779792002, -32.842954546512416 ], [ 150.387823669085549, -32.849897956464559 ], [ 150.396184051033799, -32.897842753043221 ], [ 150.223490420817257, -32.918555192357005 ], [ 150.29354078456177, -32.983607072030665 ], [ 150.351143543031014, -32.976697410986723 ], [ 150.367858689041043, -33.072614808563266 ], [ 150.425504936003392, -33.065676253983113 ], [ 150.408738789365145, -32.96976625917199 ], [ 150.437533588625399, -32.966292625744423 ], [ 150.433340419144884, -32.942318200092338 ], [ 150.490911627381564, -32.935356673870032 ], [ 150.445347779792002, -32.842954546512416 ], [ 150.474107012524655, -32.839474795335136 ], [ 150.494460726705682, -32.788055565320434 ], [ 150.55194437239399, -32.781072944180387 ], [ 150.556157929475518, -32.805037745001101 ], [ 150.58490325934963, -32.801537470469583 ], [ 150.576465363158206, -32.753610531629406 ], [ 150.605196118871874, -32.750106749177071 ], [ 150.568035071415807, -32.705686823216531 ], [ 150.621244397608081, -32.674718788768146 ], [ 150.617021344195308, -32.650760769707752 ], [ 150.440588613043445, -32.647750409998579 ], [ 150.477676180408821, -32.692197085771454 ], [ 150.420235710858407, -32.699150922484684 ], [ 150.416056966163666, -32.675186475584546 ], [ 150.387340252263868, -32.678654446396344 ], [ 150.391512662095693, -32.702619806557863 ], [ 150.280750698416341, -32.740411571942296 ], [ 150.276601770617418, -32.716441766970348 ], [ 150.329901213858733, -32.685574320212709 ], [ 150.317433244894573, -32.613677535444943 ], [ 150.346134702562722, -32.610223002272555 ], [ 150.341976128952865, -32.586259885536265 ], [ 150.2845840058514, -32.593161787361112 ], [ 150.288729925310889, -32.617126715440264 ], [ 150.260024746528444, -32.620570541663973 ], [ 150.247611564840469, -32.54867538157113 ], [ 150.218923511963681, -32.552111149107482 ], [ 150.22305305159216, -32.576076325901809 ], [ 150.194356822705799, -32.579507641316383 ], [ 150.190233609051973, -32.555541565435426 ], [ 150.161541858820414, -32.558966629965347 ], [ 150.165658745260146, -32.582933603683784 ], [ 150.079553448751312, -32.593179366609057 ], [ 150.116471059803587, -32.637709345458994 ], [ 150.145185493787835, -32.634292296982359 ], [ 150.149301610101219, -32.658262520904692 ], [ 150.095963511322623, -32.689065872913368 ], [ 150.091858222240205, -32.665093056556842 ], [ 150.030316711504184, -32.647928344599819 ], [ 150.01805549296725, -32.576011655060974 ], [ 150.046756439034368, -32.572613358339083 ], [ 150.042666715905852, -32.548643583956654 ], [ 150.013972100490207, -32.552040990193554 ], [ 150.01805549296725, -32.576011655060974 ], [ 149.960648110535516, -32.582792181960109 ], [ 149.952508488211492, -32.534848074429839 ], [ 149.895119137834769, -32.541603633165764 ], [ 149.887012153653814, -32.49365907933003 ], [ 149.829640854772521, -32.500389693989206 ] ], [ [ 150.137038489627287, -32.757572959836757 ], [ 150.165784640456621, -32.754151407114918 ], [ 150.169910045559533, -32.778125650547828 ], [ 150.141157543134398, -32.781548107441708 ], [ 150.137038489627287, -32.757572959836757 ] ], [ [ 150.28522001360713, -32.935649856209523 ], [ 150.371583123397727, -32.92528282549813 ], [ 150.375761670948549, -32.949258247917626 ], [ 150.289379459172864, -32.959628037031536 ], [ 150.28522001360713, -32.935649856209523 ] ] ] } },
{ "type": "Feature", "properties": { "species_id": "rufous-scrub-bird", "species_name": "Rufous Scrub-bird", "suitability": 0.55 }, "geometry": { "type": "Polygon", "coordinates": [ [ [ 149.124330787259282, -33.021226201993862 ], [ 149.128230941758375, -33.045238277071633 ], [ 149.15708675483674, -33.042004153791325 ], [ 149.168817073653742, -33.114043128068118 ], [ 149.139942007832985, -33.117279851285041 ], [ 149.132132862558308, -33.069251240342865 ], [ 149.045535633326381, -33.078923835237909 ], [ 149.053306250466875, -33.126957633566562 ], [ 149.139942007832985, -33.117279851285041 ], [ 149.15166900285729, -33.189329553160526 ], [ 149.122772893663097, -33.19256348449867 ], [ 149.130586887331958, -33.240602943214455 ], [ 149.159495864915073, -33.237367269426215 ], [ 149.19624991748546, -33.282165870332811 ], [ 149.25408476971279, -33.27566399802943 ], [ 149.25014758191648, -33.251645447119763 ], [ 149.221237481331087, -33.254898208176748 ], [ 149.209455922194564, -33.182845486728695 ], [ 149.180563346632425, -33.186090220377991 ], [ 149.17273072369855, -33.138057916878743 ], [ 149.201610446875463, -33.134814926632956 ], [ 149.182027829569392, -33.014754292739184 ], [ 149.124330787259282, -33.021226201993862 ] ] ] } },
{ "type": "Feature", "properties": { "species_id": "rufous-scrub-bird", "species_name": "Rufous Scrub-bird", "suitability": 0.55 }, "geometry": { "type": "Polygon", "coordinates": [ [ [ 148.878032061970117, -33.317539505634109 ], [ 148.881887217555089, -33.341570314561302 ], [ 148.91083133509423, -33.338380717334758 ], [ 148.906969724768317, -33.314350771482893 ], [ 148.878032061970117, -33.317539505634109 ] ] ] } },
{ "type": "Feature", "properties": { "species_id": "rufous-scrub-bird", "species_name": "Rufous Scrub-bird", "suitability": 0.65 }, "geometry": { "type": "Polygon", "coordinates": [ [ [ 149.456450579762901, -33.252737219279418 ], [ 149.460434603549629, -33.276750515410527 ], [ 149.489343265432808, -33.273452763681043 ], [ 149.485352810885388, -33.249440357017846 ], [ 149.456450579762901, -33.252737219279418 ] ] ] } },
{ "type": "Feature", "properties": { "species_id": "rufous-scrub-bird", "species_name": "Rufous Scrub-bird", "suitability": 0.55 }, "geometry": { "type": "Polygon", "coordinates": [ [ [ 149.31711162556303, -33.121788994739546 ], [ 149.286944943072427, -33.296423559505797 ], [ 149.315864359315214, -33.293158229650388 ], [ 149.31981800464257, -33.31717689098344 ], [ 149.381632679948694, -33.334646079632059 ], [ 149.373697832794306, -33.286611355187496 ], [ 149.344781990155013, -33.289887494682368 ], [ 149.340823701553688, -33.265870653803958 ], [ 149.369733108578828, -33.262595398525541 ], [ 149.361809052790164, -33.214566271337553 ], [ 149.415624591557474, -33.183991677017872 ], [ 149.407685620530401, -33.135971582430905 ], [ 149.349936432502375, -33.142529471103586 ], [ 149.345982477796639, -33.118519021931711 ], [ 149.31711162556303, -33.121788994739546 ] ] ] } },
{ "type": "Feature", "properties": { "species_id": "rufous-scrub-bird", "species_name": "Rufous Scrub-bird", "suitability": 0.55 }, "geometry": { "type": "Polygon", "coordinates": [ [ [ 149.423570762230639, -33.23201542458105 ], [ 149.439484741479163, -33.328074038096304 ], [ 149.52624933414657, -33.318175436811735 ], [ 149.518250125143851, -33.270149610365003 ], [ 149.460434603549629, -33.276750515410527 ], [ 149.481364165509376, -33.225428876356851 ], [ 149.423570762230639, -33.23201542458105 ] ] ] } },
{ "type": "Feature", "properties": { "species_id": "rufous-scrub-bird", "species_name": "Rufous Scrub-bird", "suitability": 0.55 }, "geometry": { "type": "Polygon", "coordinates": [ [ [ 148.935905642623823, -33.311156625430563 ], [ 148.947515106219583, -33.383246729525709 ], [ 148.889602783707005, -33.389634798567364 ], [ 148.897325364417156, -33.437703137654808 ], [ 148.926295329202389, -33.434510077452401 ], [ 148.947515106219583, -33.383246729525709 ], [ 149.005420423502358, -33.376836999235032 ], [ 149.001535929729613, -33.352807746680313 ], [ 149.030479498724191, -33.349595630536363 ], [ 148.993772232265002, -33.304752099918218 ], [ 148.935905642623823, -33.311156625430563 ] ] ] } },
{ "type": "Feature", "properties": { "species_id": "rufous-scrub-bird", "species_name": "Rufous Scrub-bird", "suitability": 0.55 }, "geometry": { "type": "Polygon", "coordinates": [ [ [ 149.389574733521727, -33.382684585614335 ], [ 149.393548465764638, -33.406705269218932 ], [ 149.422494731582759, -33.40341928171177 ], [ 149.418514550877575, -33.379399489115798 ], [ 149.389574733521727, -33.382684585614335 ] ] ] } },
{ "type": "Feature", "properties": { "species_id": "rufous-scrub-bird", "species_name": "Rufous Scrub-bird", "suitability": 0.65 }, "geometry": { "type": "Polygon", "coordinates": [ [ [ 149.799098604932709, -33.188816961691629 ], [ 149.778330304630344, -33.2401782568108 ], [ 149.74943978993582, -33.243529997741163 ], [ 149.777829190635174, -33.411586464505916 ], [ 149.835698396999874, -33.404864879843949 ], [ 149.827552192565122, -33.356847683206688 ], [ 149.856471166469078, -33.353480609112928 ], [ 149.852394405983432, -33.329474339693384 ], [ 149.823481862084975, -33.332840503052807 ], [ 149.815346738355998, -33.284828954067756 ], [ 149.844246430638208, -33.281464608812783 ], [ 149.827972627511286, -33.185456239232451 ], [ 149.799098604932709, -33.188816961691629 ] ] ] } },
{ "type": "Feature", "properties": { "species_id": "rufous-scrub-bird", "species_name": "Rufous Scrub-bird", "suitability": 0.55 }, "geometry": { "type": "Polygon", "coordinates": [ [ [ 149.401501347271676, -33.454749522776815 ], [ 149.405480498982399, -33.478773102795493 ], [ 149.434446127097686, -33.475484435655616 ], [ 149.430460518467697, -33.451461749950546 ], [ 149.401501347271676, -33.454749522776815 ] ] ] } },
{ "type": "Feature", "properties": { "species_id": "rufous-scrub-bird", "species_name": "Rufous Scrub-bird", "suitability": 0.55 }, "geometry": { "type": "Polygon", "coordinates": [ [ [ 149.479396367114191, -33.568287298675578 ], [ 149.495411894684679, -33.664400139544107 ], [ 149.524425650414713, -33.661093429442083 ], [ 149.512391849620116, -33.589010010061223 ], [ 149.570375066861459, -33.582385760864753 ], [ 149.578421659056488, -33.630436743062852 ], [ 149.607423475984774, -33.627114674528428 ], [ 149.599363945512096, -33.57906550871661 ], [ 149.570375066861459, -33.582385760864753 ], [ 149.56635451522385, -33.558361765184713 ], [ 149.479396367114191, -33.568287298675578 ] ] ] } },
{ "type": "Feature", "properties": { "species_id": "rufous-scrub-bird", "species_name": "Rufous Scrub-bird", "suitability": 0.65 }, "geometry": { "type": "Polygon", "coordinates": [ [ [ 149.578421659056488, -33.630436743062852 ], [ 149.582447702096346, -33.654463739720441 ], [ 149.611455992407201, -33.651140761308568 ], [ 149.607423475984774, -33.627114674528428 ], [ 149.578421659056488, -33.630436743062852 ] ] ] } },
{ "type": "Feature", "properties": { "species_id": "rufous-scrub-bird", "species_name": "Rufous Scrub-bird", "suitability": 0.55 }, "geometry": { "type": "Polygon", "coordinates": [ [ [ 149.582447702096346, -33.654463739720441 ], [ 149.586475578087914, -33.67849174685287 ], [ 149.61549034461288, -33.675167857438666 ], [ 149.611455992407201, -33.651140761308568 ], [ 149.582447702096346, -33.654463739720441 ] ] ] } },
{ "type": "Feature", "properties": { "species_id": "rufous-scrub-bird", "species_name": "Rufous Scrub-bird", "suitability": 0.65 }, "geometry": { "type": "Polygon", "coordinates": [ [ [ 150.269186794082231, -33.182373617595573 ], [ 150.273352298715707, -33.206362416767995 ], [ 150.219774154184307, -33.237237208244764 ], [ 150.228088973015986, -33.285223066748522 ], [ 150.112524141873394, -33.298935957024945 ], [ 150.104260614281884, -33.25094270639692 ], [ 150.050610654638774, -33.281761111407405 ], [ 150.058852257264675, -33.329759897055958 ], [ 150.112524141873394, -33.298935957024945 ], [ 150.133215779743495, -33.418935401932416 ], [ 150.162141908147731, -33.41551063886719 ], [ 150.166292303407943, -33.439512435755894 ], [ 150.137359743560438, -33.442938128306466 ], [ 150.145653317607213, -33.49094645851973 ], [ 150.116706010773953, -33.494368608829191 ], [ 150.124994236834056, -33.542382673533631 ], [ 150.182912742319729, -33.535529236865216 ], [ 150.178754801358764, -33.511523584509334 ], [ 150.207704792569558, -33.508089691269049 ], [ 150.220203618125424, -33.58010677303939 ], [ 150.191234294376585, -33.583543475928387 ], [ 150.195397908032874, -33.607552072720011 ], [ 150.253347567458292, -33.600671379229503 ], [ 150.257525978501036, -33.62467908623038 ], [ 150.315480974916539, -33.617774868654926 ], [ 150.302912758168986, -33.545760363283804 ], [ 150.331868077772043, -33.542302972415122 ], [ 150.369224178519403, -33.586845084889589 ], [ 150.39818858420162, -33.583374992585135 ], [ 150.39397984889365, -33.559372995456449 ], [ 150.422935909350485, -33.555898444979711 ], [ 150.385568112413864, -33.511371931320646 ], [ 150.439236716242164, -33.480424027287427 ], [ 150.430810720907289, -33.432432531908191 ], [ 150.401888722019976, -33.435907757336651 ], [ 150.364572160071447, -33.391386128841063 ], [ 150.422392369317066, -33.384444840333501 ], [ 150.413981651148049, -33.33646091256302 ], [ 150.385085326558567, -33.339932375442153 ], [ 150.380889238399192, -33.315940872762951 ], [ 150.43866716850934, -33.308994431837895 ], [ 150.434460165676199, -33.28500573077654 ], [ 150.405578556095179, -33.288480708683714 ], [ 150.397183073871872, -33.240504188869416 ], [ 150.339439794997304, -33.247434239110774 ], [ 150.335257707761542, -33.223445483319786 ], [ 150.306389640268577, -33.226901496169738 ], [ 150.298043943714589, -33.178924847189769 ], [ 150.269186794082231, -33.182373617595573 ] ], [ [ 150.323485904001018, -33.494300077225802 ], [ 150.381365108656695, -33.487372854251745 ], [ 150.385568112413864, -33.511371931320646 ], [ 150.327676039072287, -33.518301039495846 ], [ 150.323485904001018, -33.494300077225802 ] ] ] } },
{ "type": "Feature", "properties": { "species_id": "rufous-scrub-bird", "species_name": "Rufous Scrub-bird", "suitability": 0.55 }, "geometry": { "type": "Polygon", "coordinates": [ [ [ 149.719355901785519, -33.589750770001132 ], [ 149.723412453483093, -33.613772204176705 ], [ 149.665421628406818, -33.620454277384169 ], [ 149.669467087875347, -33.644478540408372 ], [ 149.727470851027078, -33.637794638116098 ], [ 149.73153109566951, -33.66181807688978 ], [ 149.673514388786998, -33.668503810527838 ], [ 149.677563532391162, -33.69253009282162 ], [ 149.648545949493439, -33.695865742224164 ], [ 149.656636808155895, -33.743923196680363 ], [ 149.71469605914416, -33.737242806182401 ], [ 149.706579279720842, -33.68918902040172 ], [ 149.764605256401126, -33.682490608947639 ], [ 149.756469975946516, -33.634444557967214 ], [ 149.810384903101124, -33.603708462373518 ], [ 149.806308962111103, -33.579689778402972 ], [ 149.777326449568704, -33.583048857729338 ], [ 149.781395928709401, -33.60706845976226 ], [ 149.719355901785519, -33.589750770001132 ] ] ] } },
{ "type": "Feature", "properties": { "species_id": "rufous-scrub-bird", "species_name": "Rufous Scrub-bird", "suitability": 0.55 }, "geometry": { "type": "Polygon", "coordinates": [ [ [ 149.391291706347914, -33.749678849515313 ], [ 149.395279660958835, -33.773716281703706 ], [ 149.424326620833739, -33.770427657900264 ], [ 149.420332172849271, -33.746391130691933 ], [ 149.391291706347914, -33.749678849515313 ] ] ] } },
{ "type": "Feature", "properties": { "species_id": "rufous-scrub-bird", "species_name": "Rufous Scrub-bird", "suitability": 0.55 }, "geometry": { "type": "Polygon", "coordinates": [ [ [ 149.37021416650191, -33.801038849407433 ], [ 149.374199258111389, -33.825079270023849 ], [ 149.461379120765315, -33.815207959251531 ], [ 149.457374531951672, -33.79117026030017 ], [ 149.37021416650191, -33.801038849407433 ] ] ] } },
{ "type": "Feature", "properties": { "species_id": "rufous-scrub-bird", "species_name": "Rufous Scrub-bird", "suitability": 0.55 }, "geometry": { "type": "Polygon", "coordinates": [ [ [ 150.397183073871872, -33.240504188869416 ], [ 150.405578556095179, -33.288480708683714 ], [ 150.434460165676199, -33.28500573077654 ], [ 150.43866716850934, -33.308994431837895 ], [ 150.380889238399192, -33.315940872762951 ], [ 150.385085326558567, -33.339932375442153 ], [ 150.413981651148049, -33.33646091256302 ], [ 150.422392369317066, -33.384444840333501 ], [ 150.364572160071447, -33.391386128841063 ], [ 150.401888722019976, -33.435907757336651 ], [ 150.430810720907289, -33.432432531908191 ], [ 150.439236716242164, -33.480424027287427 ], [ 150.410301863474245, -33.483901140956242 ], [ 150.414511299647643, -33.507899273463885 ], [ 150.385568112413864, -33.511371931320646 ], [ 150.381365108656695, -33.487372854251745 ], [ 150.323485904001018, -33.494300077225802 ], [ 150.327676039072287, -33.518301039495846 ], [ 150.385568112413864, -33.511371931320646 ], [ 150.422935909350485, -33.555898444979711 ], [ 150.369224178519403, -33.586845084889589 ], [ 150.365021885310341, -33.562842141010378 ], [ 150.302912758168986, -33.545760363283804 ], [ 150.315480974916539, -33.617774868654926 ], [ 150.228545641293778, -33.628123079309596 ], [ 150.236895254684129, -33.676143367455069 ], [ 150.265888502970768, -33.672697488205309 ], [ 150.278446564970238, -33.74473263706431 ], [ 150.249433928955824, -33.74818135431714 ], [ 150.228775089789934, -33.799656969083372 ], [ 150.286828138231101, -33.792761159449846 ], [ 150.299070431437372, -33.693255954576813 ], [ 150.361265758649466, -33.710344104365234 ], [ 150.373893448383939, -33.782376796980422 ], [ 150.431927447389597, -33.775426797364837 ], [ 150.410826273933992, -33.655386904701871 ], [ 150.439808114449022, -33.651908554949834 ], [ 150.40239923261376, -33.607377973138085 ], [ 150.431368177492914, -33.603901525367235 ], [ 150.443452583544968, -33.504421213927898 ], [ 150.47239196132341, -33.500937753339052 ], [ 150.44287607861466, -33.332984057734045 ], [ 150.471768606189528, -33.329501811575824 ], [ 150.42605187667948, -33.237031083268242 ], [ 150.397183073871872, -33.240504188869416 ] ] ] } },
{ "type": "Feature", "properties": { "species_id": "rufous-scrub-bird", "species_name": "Rufous Scrub-bird", "suitability": 0.55 }, "geometry": { "type": "Polygon", "coordinates": [ [ [ 150.203919946156361, -33.82711539386743 ], [ 150.212274103433316, -33.875155817266936 ], [ 150.241322909500241, -33.871713196355863 ], [ 150.232955790879231, -33.823674672522827 ], [ 150.203919946156361, -33.82711539386743 ] ] ] } },
{ "type": "Feature", "properties": { "species_id": "rufous-scrub-bird", "species_name": "Rufous Scrub-bird", "suitability": 0.55 }, "geometry": { "type": "Polygon", "coordinates": [ [ [ 149.151036558538323, -33.727698930360638 ], [ 149.129846463498495, -33.779023878432049 ], [ 149.013602096537056, -33.791924808739957 ], [ 149.025317729268494, -33.864075195303812 ], [ 149.087404346559367, -33.881680735122465 ], [ 149.079562514887442, -33.833580864190054 ], [ 149.108635735831655, -33.830351131500798 ], [ 149.104710992745055, -33.806303673925186 ], [ 149.162839068357641, -33.799829678340231 ], [ 149.154968935291976, -33.751741473934551 ], [ 149.18401729046775, -33.748498108263334 ], [ 149.191900426988497, -33.796584525420656 ], [ 149.220959995712036, -33.793333936544599 ], [ 149.224910765265065, -33.817377815695863 ], [ 149.195844691749016, -33.820629301211397 ], [ 149.182545838733887, -33.920068612642581 ], [ 149.240731877271287, -33.913563889001445 ], [ 149.261895007318174, -33.862210009179428 ], [ 149.320044197232107, -33.855676250194911 ], [ 149.324019909680658, -33.879720588275802 ], [ 149.353098307110116, -33.876444646642852 ], [ 149.357082345294145, -33.900489140791215 ], [ 149.419245610571664, -33.91796286726909 ], [ 149.435259403052271, -34.014148579521873 ], [ 149.464371453530447, -34.010850844048399 ], [ 149.456347860411256, -33.962757659639045 ], [ 149.485445047413407, -33.959456313551961 ], [ 149.473403849394117, -33.887327356892989 ], [ 149.444326198693602, -33.890625960342582 ], [ 149.436320895006418, -33.842543485591271 ], [ 149.349116086195693, -33.852401213968328 ], [ 149.34115709123526, -33.804317512492752 ], [ 149.312098210638851, -33.807590741265251 ], [ 149.300192808038986, -33.735470319024891 ], [ 149.213063858167516, -33.745249309340863 ], [ 149.209118487729938, -33.721208551051255 ], [ 149.151036558538323, -33.727698930360638 ] ], [ [ 149.046575791627106, -33.812755918538244 ], [ 149.075644281451503, -33.80953251540025 ], [ 149.079562514887442, -33.833580864190054 ], [ 149.050487514202388, -33.836805157183747 ], [ 149.046575791627106, -33.812755918538244 ] ] ] } },
{ "type": "Feature", "properties": { "species_id": "rufous-scrub-bird", "species_name": "Rufous Scrub-bird", "suitability": 0.55 }, "geometry": { "type": "Polygon", "coordinates": [ [ [ 149.068412617037467, -34.128709556356789 ], [ 149.072341090240087, -34.152773843980242 ], [ 149.101502785895832, -34.149543340074942 ], [ 149.097567763264067, -34.125479955381373 ], [ 149.068412617037467, -34.128709556356789 ] ] ] } },
{ "type": "Feature", "properties": { "species_id": "rufous-scrub-bird", "species_name": "Rufous Scrub-bird", "suitability": 0.55 }, "geometry": { "type": "Polygon", "coordinates": [ [ [ 149.389020221084508, -34.092883925593334 ], [ 149.393020670470776, -34.116938205209195 ], [ 149.422162488640254, -34.113647695541147 ], [ 149.418155503372986, -34.089594333991471 ], [ 149.389020221084508, -34.092883925593334 ] ] ] } },
{ "type": "Feature", "properties": { "species_id": "rufous-scrub-bird", "species_name": "Rufous Scrub-bird", "suitability": 0.55 }, "geometry": { "type": "Polygon", "coordinates": [ [ [ 149.547664372804775, -33.976880594627133 ], [ 149.555730756489055, -34.024970434640018 ], [ 149.526617668440394, -34.028285423877875 ], [ 149.530647100458452, -34.052332900086 ], [ 149.468385999421713, -34.034899067205892 ], [ 149.4724023798654, -34.058948384563287 ], [ 149.501525655321302, -34.055643365736437 ], [ 149.50555040084501, -34.079692861441529 ], [ 149.476420596111325, -34.082998801301528 ], [ 149.488486272178221, -34.155156699700449 ], [ 149.575928992748345, -34.145214213959768 ], [ 149.567844158753616, -34.097113388443688 ], [ 149.538711490358168, -34.100431148978323 ], [ 149.534678374012799, -34.076381473391613 ], [ 149.563804512759418, -34.073064637767743 ], [ 149.559766712423396, -34.049016988227244 ], [ 149.588884488363874, -34.045695630776144 ], [ 149.58080137717053, -33.997605461202667 ], [ 149.609904274266341, -33.99428050832249 ], [ 149.605858970732015, -33.970237975873147 ], [ 149.547664372804775, -33.976880594627133 ] ] ] } },
{ "type": "Feature", "properties": { "species_id": "rufous-scrub-bird", "species_name": "Rufous Scrub-bird", "suitability": 0.65 }, "geometry": { "type": "Polygon", "coordinates": [ [ [ 149.618000425428619, -34.04236882834963 ], [ 149.630158531292466, -34.114509523804131 ], [ 149.659292204295667, -34.111174489997929 ], [ 149.696564830024073, -34.155929612465904 ], [ 149.725707864545228, -34.152581814372489 ], [ 149.746682121810181, -34.1011367040891 ], [ 149.804932787055009, -34.094417615972056 ], [ 149.734445727945854, -34.029007181254713 ], [ 149.618000425428619, -34.04236882834963 ] ] ] } },
{ "type": "Feature", "properties": { "species_id": "rufous-scrub-bird", "species_name": "Rufous Scrub-bird", "suitability": 0.55 }, "geometry": { "type": "Polygon", "coordinates": [ [ [ 150.270667983377876, -34.039881295298038 ], [ 150.27906952127762, -34.087938997513042 ], [ 150.308174883092846, -34.084482332869037 ], [ 150.299760335381166, -34.036426554185333 ], [ 150.270667983377876, -34.039881295298038 ] ] ] } },
{ "type": "Feature", "properties": { "species_id": "rufous-scrub-bird", "species_name": "Rufous Scrub-bird", "suitability": 0.55 }, "geometry": { "type": "Polygon", "coordinates": [ [ [ 149.22605946751267, -34.184689632951311 ], [ 149.230026116569377, -34.208752767730743 ], [ 149.259198467214304, -34.205492243091193 ], [ 149.255225266209237, -34.181430021528435 ], [ 149.22605946751267, -34.184689632951311 ] ] ] } },
{ "type": "Feature", "properties": { "species_id": "rufous-scrub-bird", "species_name": "Rufous Scrub-bird", "suitability": 0.55 }, "geometry": { "type": "Polygon", "coordinates": [ [ [ 149.235386502999432, -34.061135748723196 ], [ 149.239350627525482, -34.085192375979275 ], [ 149.181069586331745, -34.091698862784199 ], [ 149.18897710518948, -34.139819082130337 ], [ 149.309566954526844, -34.150835161829654 ], [ 149.313551432182322, -34.174894425802492 ], [ 149.284389255389442, -34.178164952275097 ], [ 149.292350580725298, -34.226288699578511 ], [ 149.321525859355916, -34.223016340013018 ], [ 149.35869416244384, -34.267863144730121 ], [ 149.387878911145236, -34.264578023864196 ], [ 149.383874019316949, -34.240516063425638 ], [ 149.442224928375765, -34.233931288084293 ], [ 149.426171306466955, -34.137702169134883 ], [ 149.309566954526844, -34.150835161829654 ], [ 149.305584299167521, -34.126777019656899 ], [ 149.36387703092683, -34.120223262859604 ], [ 149.359883118662481, -34.096168066549083 ], [ 149.301603464862296, -34.102719994075507 ], [ 149.293647254451145, -34.054609271882491 ], [ 149.235386502999432, -34.061135748723196 ] ] ] } },
{ "type": "Feature", "properties": { "species_id": "rufous-scrub-bird", "species_name": "Rufous Scrub-bird", "suitability": 0.55 }, "geometry": { "type": "Polygon", "coordinates": [ [ [ 149.241936965457683, -34.280949006862379 ], [ 149.245910886463264, -34.305016715630238 ], [ 149.275109473789911, -34.301752526764503 ], [ 149.271128989276917, -34.277685735760414 ], [ 149.241936965457683, -34.280949006862379 ] ] ] } },
{ "type": "Feature", "properties": { "species_id": "rufous-scrub-bird", "species_name": "Rufous Scrub-bird", "suitability": 0.55 }, "geometry": { "type": "Polygon", "coordinates": [ [ [ 150.129208873524959, -33.737904586103838 ], [ 150.13752193816515, -33.785940515084661 ], [ 150.05043061536648, -33.796191936515818 ], [ 150.054570551849338, -33.820214268907762 ], [ 150.083609353486622, -33.816801611044198 ], [ 150.091907856605133, -33.864847514617807 ], [ 150.120957743153355, -33.861427545867969 ], [ 150.137603431846628, -33.957528185852325 ], [ 150.108527579386191, -33.96095194171177 ], [ 150.14593767209891, -34.005584890862764 ], [ 150.087758075903253, -34.012430768691551 ], [ 150.091915039716213, -34.036462638225004 ], [ 149.971376244710768, -34.02605729075723 ], [ 149.979639989249932, -34.074129698613064 ], [ 150.037860716273997, -34.067323525242344 ], [ 150.04615808248181, -34.115396518475457 ], [ 150.075278649874633, -34.111983370048094 ], [ 150.079436696659741, -34.136020566254324 ], [ 150.137685191505739, -34.12917603525122 ], [ 150.150209880972938, -34.201288545505086 ], [ 150.17935084731613, -34.197855239429074 ], [ 150.183536089736094, -34.221894015336524 ], [ 150.212681677402855, -34.21845430107939 ], [ 150.208489909198477, -34.194416488078026 ], [ 150.17935084731613, -34.197855239429074 ], [ 150.16262899611894, -34.101711276769947 ], [ 150.104397326505563, -34.108564779864402 ], [ 150.100234663724933, -34.084529638644163 ], [ 150.129344932656949, -34.081106561591994 ], [ 150.12101228900724, -34.033041466136275 ], [ 150.1501076457225, -34.029614857619016 ], [ 150.170850059440397, -33.978125863321594 ], [ 150.22481962864029, -33.947224330273308 ], [ 150.21645403863613, -33.899177599427318 ], [ 150.158337767157548, -33.906048462180131 ], [ 150.150005743287579, -33.85800215072674 ], [ 150.179051854188458, -33.854571329822761 ], [ 150.174882207850573, -33.830550692042941 ], [ 150.145842578777149, -33.833980566420152 ], [ 150.141681310831984, -33.809960022908321 ], [ 150.170714460907277, -33.806531093888609 ], [ 150.158222603563644, -33.734478486157101 ], [ 150.129208873524959, -33.737904586103838 ] ] ] } },
{ "type": "Feature", "properties": { "species_id": "rufous-scrub-bird", "species_name": "Rufous Scrub-bird", "suitability": 0.65 }, "geometry": { "type": "Polygon", "coordinates": [ [ [ 150.096046035086346, -33.717307896242424 ], [ 150.075318408849057, -33.768759859551636 ], [ 149.988235251280031, -33.778975927972795 ], [ 149.99236034408446, -33.80299910033952 ], [ 150.021396416789202, -33.799598230556605 ], [ 150.025529871992688, -33.823621501801206 ], [ 149.996487316735937, -33.82702330910022 ], [ 150.033802435550058, -33.871671170433075 ], [ 150.004746906687728, -33.875074856245391 ], [ 149.992205310646824, -33.974592634983132 ], [ 149.929914128382762, -33.957347014679158 ], [ 149.938153553028855, -34.005414810519888 ], [ 149.909058031453554, -34.008801466729267 ], [ 149.913174055080702, -34.032837924907419 ], [ 149.854964379703119, -34.03959680109962 ], [ 149.859069253025325, -34.063636227674259 ], [ 149.88818154078885, -34.060258569746772 ], [ 149.892294808287772, -34.084298150027813 ], [ 149.834055327198172, -34.091049904533676 ], [ 149.838157430121186, -34.115092466669104 ], [ 149.86728462757813, -34.111718370284379 ], [ 149.879621778354078, -34.18384988560576 ], [ 149.850474995430091, -34.187226811580572 ], [ 149.842261408282184, -34.13913613509353 ], [ 149.788081154873652, -34.169916533064473 ], [ 149.792175820817334, -34.193964314280002 ], [ 149.821326341966198, -34.190598288015245 ], [ 149.833641203854626, -34.262745565918358 ], [ 149.887855953110517, -34.231943157372768 ], [ 149.900221352275366, -34.304091561566281 ], [ 149.871041869544598, -34.307473226982061 ], [ 149.879281808641167, -34.355579792467722 ], [ 149.937665091829246, -34.348807195073654 ], [ 149.95857467550158, -34.297311864091434 ], [ 149.987748510274429, -34.293913833305304 ], [ 149.996040834123477, -34.342012766187338 ], [ 150.054409012613235, -34.335196510921961 ], [ 150.046090511841868, -34.287101410824235 ], [ 149.987748510274429, -34.293913833305304 ], [ 150.033627027928162, -34.214967304257591 ], [ 150.062775583643628, -34.21155578568024 ], [ 150.071095739292844, -34.259642142765252 ], [ 150.100255466731738, -34.256223260252341 ], [ 150.104424937054688, -34.280267178058928 ], [ 150.191912319242761, -34.269974945841838 ], [ 150.137685191505739, -34.12917603525122 ], [ 150.079436696659741, -34.136020566254324 ], [ 150.075278649874633, -34.111983370048094 ], [ 150.04615808248181, -34.115396518475457 ], [ 150.037860716273997, -34.067323525242344 ], [ 149.979639989249932, -34.074129698613064 ], [ 149.971376244710768, -34.02605729075723 ], [ 150.029570925882467, -34.019254903672973 ], [ 150.033714874745442, -34.043288670584246 ], [ 150.14593767209891, -34.005584890862764 ], [ 150.141769601237996, -33.981556001990249 ], [ 150.112687250202384, -33.984980707559068 ], [ 150.108527579386191, -33.96095194171177 ], [ 150.137603431846628, -33.957528185852325 ], [ 150.120957743153355, -33.861427545867969 ], [ 150.091907856605133, -33.864847514617807 ], [ 150.083609353486622, -33.816801611044198 ], [ 150.054570551849338, -33.820214268907762 ], [ 150.05043061536648, -33.796191936515818 ], [ 150.13752193816515, -33.785940515084661 ], [ 150.125055178983587, -33.713888154762188 ], [ 150.096046035086346, -33.717307896242424 ] ] ] } },
{ "type": "Feature", "properties": { "species_id": "rufous-scrub-bird", "species_name": "Rufous Scrub-bird", "suitability": 0.55 }, "geometry": { "type": "Polygon", "coordinates": [ [ [ 149.395894198957109, -34.31270538691647 ], [ 149.399904597447062, -34.336770800020183 ], [ 149.429107200721376, -34.333477440728934 ], [ 149.43714664796488, -34.38160989891972 ], [ 149.407930909869322, -34.384905115653865 ], [ 149.411946826314789, -34.408974028710858 ], [ 149.441169136164518, -34.405677881522649 ], [ 149.43714664796488, -34.38160989891972 ], [ 149.466360550961838, -34.378309214972802 ], [ 149.45830797140249, -34.330178617002339 ], [ 149.395894198957109, -34.31270538691647 ] ] ] } },
{ "type": "Feature", "properties": { "species_id": "rufous-scrub-bird", "species_name": "Rufous Scrub-bird", "suitability": 0.55 }, "geometry": { "type": "Polygon", "coordinates": [ [ [ 150.254431760799037, -34.287126440483185 ], [ 150.258637742032107, -34.311167808889316 ], [ 150.287805630967142, -34.307713328795415 ], [ 150.283593115110733, -34.283672930815044 ], [ 150.254431760799037, -34.287126440483185 ] ] ] } },
{ "type": "Feature", "properties": { "species_id": "rufous-scrub-bird", "species_name": "Rufous Scrub-bird", "suitability": 0.55 }, "geometry": { "type": "Polygon", "coordinates": [ [ [ 150.204491044760601, -34.34210486655148 ], [ 150.212886464542692, -34.390197224643501 ], [ 150.242077812871713, -34.386750736502883 ], [ 150.233669304279999, -34.33866031981276 ], [ 150.204491044760601, -34.34210486655148 ] ] ] } },
{ "type": "Feature", "properties": { "species_id": "rufous-scrub-bird", "species_name": "Rufous Scrub-bird", "suitability": 0.55 }, "geometry": { "type": "Polygon", "coordinates": [ [ [ 149.700981268622598, -32.955537256414367 ], [ 149.705009435076732, -32.979531794776726 ], [ 149.676187556891222, -32.982868286668904 ], [ 149.680211153477813, -33.006864581828836 ], [ 149.709039423546926, -33.003527199730875 ], [ 149.717104871450374, -33.051520629116389 ], [ 149.77478154078554, -33.044826140519866 ], [ 149.770735113393926, -33.020830776274842 ], [ 149.799564321266701, -33.017476350928796 ], [ 149.811728288078569, -33.089462394012713 ], [ 149.840574857389498, -33.086099889876763 ], [ 149.844639585238127, -33.110096106007923 ], [ 149.81578661506353, -33.11345951102119 ], [ 149.819846779803555, -33.13745752092553 ], [ 149.733257685575524, -33.147518104003382 ], [ 149.725177622173788, -33.099517584027041 ], [ 149.605739599654498, -33.088846571767633 ], [ 149.621797184598989, -33.184861930541892 ], [ 149.679552459605389, -33.178201608960528 ], [ 149.691653281571632, -33.250217290272325 ], [ 149.662757293467735, -33.25355284068052 ], [ 149.670820803255822, -33.301569703518844 ], [ 149.732684019635883, -33.318897626740743 ], [ 149.736733214892524, -33.342906589110875 ], [ 149.707813336623843, -33.346251147786859 ], [ 149.711857934670348, -33.370261957779299 ], [ 149.740784247905651, -33.366916493610134 ], [ 149.719952640589895, -33.418286427534589 ], [ 149.781892186527841, -33.435598315285226 ], [ 149.785957027965992, -33.459611127127381 ], [ 149.757006782404375, -33.462965633102172 ], [ 149.765129108569965, -33.510995986041358 ], [ 149.823053555487888, -33.504277911502903 ], [ 149.827130393211178, -33.528292720724565 ], [ 149.914022577790803, -33.51817227900564 ], [ 149.905832065008269, -33.47014914397657 ], [ 149.876882747077502, -33.473526196162148 ], [ 149.872796723021111, -33.449515163380184 ], [ 149.814905435120636, -33.456251213111756 ], [ 149.806764713174573, -33.408228374577419 ], [ 149.777829190635174, -33.411586464505916 ], [ 149.761595637568234, -33.315548571680281 ], [ 149.732684019635883, -33.318897626740743 ], [ 149.708427371499482, -33.17486335758268 ], [ 149.766171730178996, -33.168170676619297 ], [ 149.774275609751044, -33.216174816777034 ], [ 149.803157877145281, -33.212818584038935 ], [ 149.799098604932709, -33.188816961691629 ], [ 149.856844816974274, -33.182090124923135 ], [ 149.893874035275616, -33.226717342608211 ], [ 149.92275537201138, -33.223338629434402 ], [ 149.926843993168262, -33.247338451618312 ], [ 149.869066647115915, -33.254092303735256 ], [ 149.864990857392286, -33.230090662532916 ], [ 149.836105841138163, -33.233458588608045 ], [ 149.844246430638208, -33.281464608812783 ], [ 149.815346738355998, -33.284828954067756 ], [ 149.823481862084975, -33.332840503052807 ], [ 149.852394405983432, -33.329474339693384 ], [ 149.831624370453511, -33.380855807134758 ], [ 149.885388298567705, -33.350108134044568 ], [ 149.893560237338903, -33.39812167838037 ], [ 149.922488388270892, -33.394741972861368 ], [ 149.918395058641607, -33.370735643032731 ], [ 149.976232945611912, -33.363961860589505 ], [ 149.963925540226455, -33.291954015365299 ], [ 149.9928224325119, -33.288561775850589 ], [ 149.976412921240438, -33.192567939882323 ], [ 150.00528230931593, -33.189173963502633 ], [ 150.013496166542012, -33.23716722034969 ], [ 150.042376521043167, -33.233766024849707 ], [ 150.046492654842638, -33.257763108231963 ], [ 150.01760588745401, -33.26116522021146 ], [ 150.034063415788211, -33.357166478709495 ], [ 150.005149109191478, -33.360566869275083 ], [ 150.009261730649087, -33.384570444438104 ], [ 150.071228687730553, -33.401765098607783 ], [ 150.034063415788211, -33.357166478709495 ], [ 150.091886446902123, -33.350349502261267 ], [ 150.104287779439005, -33.422354764272526 ], [ 150.075357910019136, -33.425768725273599 ], [ 150.079489007152375, -33.4497733066938 ], [ 149.934779532097679, -33.466766684861298 ], [ 149.942982936352109, -33.514787978490709 ], [ 150.058805781161567, -33.501196693022408 ], [ 150.067068229551751, -33.549214478609926 ], [ 150.038102419724936, -33.552622267757556 ], [ 150.054624048374251, -33.64867337858221 ], [ 150.025630547422566, -33.652079479459012 ], [ 150.01325588165659, -33.580036867604598 ], [ 149.984279887447912, -33.583434763967126 ], [ 149.988396444433334, -33.607448901269095 ], [ 149.93042595511514, -33.614230309458875 ], [ 149.938638839863245, -33.662265285697352 ], [ 149.967637940359879, -33.658875433634165 ], [ 149.975871239199336, -33.706912578232107 ], [ 149.946859202169804, -33.710304289970011 ], [ 149.979815630226142, -33.902501401438336 ], [ 149.950749860335037, -33.905895167146042 ], [ 149.954871373536577, -33.92992545292914 ], [ 149.896721227647276, -33.936698564166825 ], [ 149.909058031453554, -34.008801466729267 ], [ 149.850861380648581, -34.01555846411452 ], [ 149.82995509823661, -34.067008443502104 ], [ 149.767635880585146, -34.049694308258999 ], [ 149.759470839649055, -34.001613106105374 ], [ 149.697201918852642, -33.984273002327598 ], [ 149.705337174873449, -34.032355757398136 ], [ 149.734445727945854, -34.029007181254713 ], [ 149.804932787055009, -34.094417615972056 ], [ 149.746682121810181, -34.1011367040891 ], [ 149.725707864545228, -34.152581814372489 ], [ 149.663355144013934, -34.135222668680143 ], [ 149.675555116512243, -34.207373905072416 ], [ 149.704713079828167, -34.204029685768923 ], [ 149.712868788525526, -34.252134269939539 ], [ 149.800370773994331, -34.242063254582156 ], [ 149.808573230746248, -34.290166733493926 ], [ 149.837749916204842, -34.28679692899491 ], [ 149.85008734637654, -34.358957902760885 ], [ 149.879281808641167, -34.355579792467722 ], [ 149.895784353959982, -34.451806867188957 ], [ 149.92500317139033, -34.4484194754803 ], [ 149.916734994341368, -34.4003055136548 ], [ 149.975140725351849, -34.393518174084932 ], [ 149.979286982810123, -34.417572652005269 ], [ 149.950078503676366, -34.420970011026185 ], [ 149.954220101314377, -34.44502661973808 ], [ 149.983435140859228, -34.441628300603959 ], [ 149.979286982810123, -34.417572652005269 ], [ 150.008493569985347, -34.4141698316161 ], [ 150.000189844768983, -34.366063960604173 ], [ 149.879281808641167, -34.355579792467722 ], [ 149.871041869544598, -34.307473226982061 ], [ 149.900221352275366, -34.304091561566281 ], [ 149.887855953110517, -34.231943157372768 ], [ 149.833641203854626, -34.262745565918358 ], [ 149.821326341966198, -34.190598288015245 ], [ 149.792175820817334, -34.193964314280002 ], [ 149.788081154873652, -34.169916533064473 ], [ 149.842261408282184, -34.13913613509353 ], [ 149.850474995430091, -34.187226811580572 ], [ 149.879621778354078, -34.18384988560576 ], [ 149.86728462757813, -34.111718370284379 ], [ 149.838157430121186, -34.115092466669104 ], [ 149.834055327198172, -34.091049904533676 ], [ 149.892294808287772, -34.084298150027813 ], [ 149.854964379703119, -34.03959680109962 ], [ 149.913174055080702, -34.032837924907419 ], [ 149.909058031453554, -34.008801466729267 ], [ 149.938153553028855, -34.005414810519888 ], [ 149.929914128382762, -33.957347014679158 ], [ 149.992205310646824, -33.974592634983132 ], [ 150.004746906687728, -33.875074856245391 ], [ 150.033802435550058, -33.871671170433075 ], [ 150.029665211153116, -33.847645813388901 ], [ 150.000616170511051, -33.851048559363846 ], [ 149.996487316735937, -33.82702330910022 ], [ 150.025529871992688, -33.823621501801206 ], [ 149.988235251280031, -33.778975927972795 ], [ 150.075318408849057, -33.768759859551636 ], [ 150.096046035086346, -33.717307896242424 ], [ 150.125055178983587, -33.713888154762188 ], [ 150.120903374584657, -33.689872738739489 ], [ 150.091900696841407, -33.693291542010918 ], [ 150.083615677198395, -33.64526186267085 ], [ 150.112605431090742, -33.641844932344547 ], [ 150.108459289437008, -33.617832531833372 ], [ 150.079475993245211, -33.621248527419993 ], [ 150.071202270696006, -33.573224840443757 ], [ 150.100172659927637, -33.569810710878507 ], [ 150.087756831028258, -33.497785353868686 ], [ 150.116706010773953, -33.494368608829191 ], [ 150.104287779439005, -33.422354764272526 ], [ 150.166292303407943, -33.439512435755894 ], [ 150.162141908147731, -33.41551063886719 ], [ 150.133215779743495, -33.418935401932416 ], [ 150.112524141873394, -33.298935957024945 ], [ 150.228088973015986, -33.285223066748522 ], [ 150.219774154184307, -33.237237208244764 ], [ 150.248647860714669, -33.233797359245003 ], [ 150.269186794082231, -33.182373617595573 ], [ 150.298043943714589, -33.178924847189769 ], [ 150.306389640268577, -33.226901496169738 ], [ 150.335257707761542, -33.223445483319786 ], [ 150.339439794997304, -33.247434239110774 ], [ 150.368312379056817, -33.243971907689037 ], [ 150.359937297621087, -33.195997167072299 ], [ 150.388795194209962, -33.192531313380407 ], [ 150.318548284145777, -33.127499494755817 ], [ 150.203167098741659, -33.141276407377973 ], [ 150.182604093365768, -33.19268761414471 ], [ 150.12487294400924, -33.19953667685737 ], [ 150.129006435853967, -33.22353009159297 ], [ 150.100131658470502, -33.226947459864846 ], [ 150.063015529715386, -33.182369842715651 ], [ 150.034149846397412, -33.185774597579197 ], [ 150.025930620639116, -33.137786789878426 ], [ 150.08363452566357, -33.130975549720389 ], [ 150.07539715588419, -33.082994970869748 ], [ 150.017718833723848, -33.089802562115523 ], [ 150.025930620639116, -33.137786789878426 ], [ 149.910500617560075, -33.151344629113048 ], [ 149.906419398252609, -33.127348434540103 ], [ 149.935273263523385, -33.123967963350303 ], [ 149.927103568607862, -33.075980063400465 ], [ 149.8694195957587, -33.082731999665654 ], [ 149.861282865786961, -33.034744024000581 ], [ 149.832450918339475, -33.038110113200482 ], [ 149.828391704659339, -33.014116542782205 ], [ 149.943682938204006, -33.000623494043488 ], [ 149.931439698857474, -32.928658778072197 ], [ 149.873836043628245, -32.935410665423127 ], [ 149.881970833042033, -32.983389878842686 ], [ 149.795513332920223, -32.993482756096569 ], [ 149.758606806460904, -32.948849909313353 ], [ 149.700981268622598, -32.955537256414367 ] ], [ [ 149.844639585238127, -33.110096106007923 ], [ 149.902340026287789, -33.103353134476293 ], [ 149.906419398252609, -33.127348434540103 ], [ 149.877563694029789, -33.130723518264375 ], [ 149.885715170547201, -33.178718619361767 ], [ 149.856844816974274, -33.182090124923135 ], [ 149.844639585238127, -33.110096106007923 ] ], [ [ 149.675522506516643, -33.154198205173117 ], [ 149.704391005820327, -33.150860850405593 ], [ 149.708427371499482, -33.17486335758268 ], [ 149.679552459605389, -33.178201608960528 ], [ 149.675522506516643, -33.154198205173117 ] ], [ [ 150.129006435853967, -33.22353009159297 ], [ 150.215619569450752, -33.21324565095361 ], [ 150.219774154184307, -33.237237208244764 ], [ 150.190898573507184, -33.24067166807032 ], [ 150.195048632819379, -33.264665063734924 ], [ 150.13727904007078, -33.271519660314674 ], [ 150.129006435853967, -33.22353009159297 ] ], [ [ 150.075377564709811, -33.254355603424798 ], [ 150.104260614281884, -33.25094270639692 ], [ 150.112524141873394, -33.298935957024945 ], [ 150.058852257264675, -33.329759897055958 ], [ 150.050610654638774, -33.281761111407405 ], [ 150.079501978926032, -33.278352687692404 ], [ 150.075377564709811, -33.254355603424798 ] ], [ [ 149.848319494456234, -33.305469007924742 ], [ 149.877223771831041, -33.302098355817755 ], [ 149.881305109321261, -33.326102776667412 ], [ 149.852394405983432, -33.329474339693384 ], [ 149.848319494456234, -33.305469007924742 ] ], [ [ 150.000757355418841, -33.679497300922691 ], [ 150.058759154026205, -33.672688649659676 ], [ 150.071175767756074, -33.744740528078836 ], [ 150.013135153140212, -33.751554788672983 ], [ 150.009007342141189, -33.727534607836446 ], [ 149.979990700111273, -33.730932672013729 ], [ 150.000757355418841, -33.679497300922691 ] ], [ [ 149.750764648824429, -34.125182080636066 ], [ 149.779897437894249, -34.121824322471568 ], [ 149.783988360990975, -34.145869870861887 ], [ 149.754849042485773, -34.149228566962663 ], [ 149.750764648824429, -34.125182080636066 ] ], [ [ 149.725707864545228, -34.152581814372489 ], [ 149.754849042485773, -34.149228566962663 ], [ 149.758935304066426, -34.173276168265168 ], [ 149.729787592556363, -34.17663035340761 ], [ 149.725707864545228, -34.152581814372489 ] ] ] } },
{ "type": "Feature", "properties": { "species_id": "rufous-scrub-bird", "species_name": "Rufous Scrub-bird", "suitability": 0.55 }, "geometry": { "type": "Polygon", "coordinates": [ [ [ 149.687117527260853, -34.451300375065394 ], [ 149.66604400236875, -34.502776541590968 ], [ 149.695284392414322, -34.499431937721162 ], [ 149.703458754644402, -34.547568272765389 ], [ 149.732710437337886, -34.544216297184171 ], [ 149.728615737795849, -34.520148481649201 ], [ 149.757858969919624, -34.516791985965106 ], [ 149.749662054848869, -34.468661842831153 ], [ 149.687117527260853, -34.451300375065394 ] ] ] } },
{ "type": "Feature", "properties": { "species_id": "rufous-scrub-bird", "species_name": "Rufous Scrub-bird", "suitability": 0.55 }, "geometry": { "type": "Polygon", "coordinates": [ [ [ 149.849698427276849, -34.530753674449365 ], [ 149.862072808428394, -34.602952872796195 ], [ 149.891334846368323, -34.599570658611952 ], [ 149.878940725128359, -34.527374341862235 ], [ 149.849698427276849, -34.530753674449365 ] ] ] } },
{ "type": "Feature", "properties": { "species_id": "rufous-scrub-bird", "species_name": "Rufous Scrub-bird", "suitability": 0.55 }, "geometry": { "type": "Polygon", "coordinates": [ [ [ 149.473415558197331, -34.598264523558882 ], [ 149.477454694485601, -34.622343280955732 ], [ 149.44817310820585, -34.625647854512081 ], [ 149.452207499798448, -34.649728777766249 ], [ 149.510782025038424, -34.643112263840464 ], [ 149.502688700142187, -34.594955411139715 ], [ 149.473415558197331, -34.598264523558882 ] ] ] } },
{ "type": "Feature", "properties": { "species_id": "rufous-scrub-bird", "species_name": "Rufous Scrub-bird", "suitability": 0.55 }, "geometry": { "type": "Polygon", "coordinates": [ [ [ 149.945706818779968, -34.568725093239372 ], [ 149.94985325088669, -34.592789809914926 ], [ 149.979109611693445, -34.589391176694114 ], [ 149.974956600540736, -34.565327425927435 ], [ 149.945706818779968, -34.568725093239372 ] ] ] } },
{ "type": "Feature", "properties": { "species_id": "rufous-scrub-bird", "species_name": "Rufous Scrub-bird", "suitability": 0.55 }, "geometry": { "type": "Polygon", "coordinates": [ [ [ 149.67828861453475, -34.574985696408348 ], [ 149.69055010363823, -34.647205742922765 ], [ 149.719830011397136, -34.643855429669955 ], [ 149.711640624212123, -34.595709422585472 ], [ 149.740905476913497, -34.592355541085439 ], [ 149.736807016615046, -34.568285315227556 ], [ 149.67828861453475, -34.574985696408348 ] ] ] } },
{ "type": "Feature", "properties": { "species_id": "rufous-scrub-bird", "species_name": "Rufous Scrub-bird", "suitability": 0.55 }, "geometry": { "type": "Polygon", "coordinates": [ [ [ 149.335036319888275, -34.662896001687685 ], [ 149.33904613837845, -34.686981914200047 ], [ 149.368348301056955, -34.683697397659181 ], [ 149.364331873780259, -34.659612422776895 ], [ 149.335036319888275, -34.662896001687685 ] ] ] } },
{ "type": "Feature", "properties": { "species_id": "rufous-scrub-bird", "species_name": "Rufous Scrub-bird", "suitability": 0.55 }, "geometry": { "type": "Polygon", "coordinates": [ [ [ 149.636062402114334, -34.677967631374599 ], [ 149.640141999343427, -34.702046566493117 ], [ 149.669438846225518, -34.698705305993514 ], [ 149.665352647063486, -34.674627324968469 ], [ 149.636062402114334, -34.677967631374599 ] ] ] } },
{ "type": "Feature", "properties": { "species_id": "rufous-scrub-bird", "species_name": "Rufous Scrub-bird", "suitability": 0.55 }, "geometry": { "type": "Polygon", "coordinates": [ [ [ 149.372366575320399, -34.70778361166429 ], [ 149.380408669874043, -34.755959778464927 ], [ 149.409728834077413, -34.752666951215858 ], [ 149.430978601611116, -34.70119623773212 ], [ 149.372366575320399, -34.70778361166429 ] ] ] } },
{ "type": "Feature", "properties": { "species_id": "rufous-scrub-bird", "species_name": "Rufous Scrub-bird", "suitability": 0.55 }, "geometry": { "type": "Polygon", "coordinates": [ [ [ 149.807658482509197, -34.633771618983211 ], [ 149.811775780093996, -34.657843581738561 ], [ 149.753212156816858, -34.664573518703421 ], [ 149.790721987227869, -34.709360824159077 ], [ 149.899607082264311, -34.647707589982197 ], [ 149.895470014610368, -34.623638515401048 ], [ 149.807658482509197, -34.633771618983211 ] ] ] } },
{ "type": "Feature", "properties": { "species_id": "rufous-scrub-bird", "species_name": "Rufous Scrub-bird", "suitability": 0.55 }, "geometry": { "type": "Polygon", "coordinates": [ [ [ 149.891012757504598, -34.771460396195991 ], [ 149.89515464279151, -34.795537860890732 ], [ 149.924469448738165, -34.792147909633385 ], [ 149.920320957264948, -34.768071416294312 ], [ 149.891012757504598, -34.771460396195991 ] ] ] } },
{ "type": "Feature", "properties": { "species_id": "rufous-scrub-bird", "species_name": "Rufous Scrub-bird", "suitability": 0.55 }, "geometry": { "type": "Polygon", "coordinates": [ [ [ 149.803076795822221, -34.781594428586843 ], [ 149.811322810566679, -34.82975642921852 ], [ 149.840649911703508, -34.826381968165585 ], [ 149.832390673880809, -34.778221902992357 ], [ 149.803076795822221, -34.781594428586843 ] ] ] } },
{ "type": "Feature", "properties": { "species_id": "rufous-scrub-bird", "species_name": "Rufous Scrub-bird", "suitability": 0.55 }, "geometry": { "type": "Polygon", "coordinates": [ [ [ 149.601902729590194, -34.829135562228132 ], [ 149.605980358247137, -34.853223931252742 ], [ 149.635320625090174, -34.849887906067735 ], [ 149.631236374408104, -34.825800495461458 ], [ 149.601902729590194, -34.829135562228132 ] ] ] } },
{ "type": "Feature", "properties": { "species_id": "rufous-scrub-bird", "species_name": "Rufous Scrub-bird", "suitability": 0.55 }, "geometry": { "type": "Polygon", "coordinates": [ [ [ 148.574069281116152, -34.942398397907276 ], [ 148.581761183044904, -34.990641737262777 ], [ 148.611171795942312, -34.987497449958205 ], [ 148.603466559527078, -34.939255928066473 ], [ 148.574069281116152, -34.942398397907276 ] ] ] } },
{ "type": "Feature", "properties": { "species_id": "rufous-scrub-bird", "species_name": "Rufous Scrub-bird", "suitability": 0.55 }, "geometry": { "type": "Polygon", "coordinates": [ [ [ 149.283114700781823, -34.889557501102601 ], [ 149.287121248360449, -34.913657605656034 ], [ 149.316488554287787, -34.910381099476254 ], [ 149.312475367744952, -34.886281938846672 ], [ 149.283114700781823, -34.889557501102601 ] ] ] } },
{ "type": "Feature", "properties": { "species_id": "rufous-scrub-bird", "species_name": "Rufous Scrub-bird", "suitability": 0.65 }, "geometry": { "type": "Polygon", "coordinates": [ [ [ 149.287121248360449, -34.913657605656034 ], [ 149.291129642595251, -34.937759002480639 ], [ 149.353899226403882, -34.955299397738926 ], [ 149.345854019015604, -34.907099092042472 ], [ 149.287121248360449, -34.913657605656034 ] ] ] } },
{ "type": "Feature", "properties": { "species_id": "rufous-scrub-bird", "species_name": "Rufous Scrub-bird", "suitability": 0.55 }, "geometry": { "type": "Polygon", "coordinates": [ [ [ 148.556190743478567, -35.017905063711176 ], [ 148.560034458308479, -35.042030946409405 ], [ 148.589460187605312, -35.038890356890462 ], [ 148.585609796884938, -35.014765384313101 ], [ 148.556190743478567, -35.017905063711176 ] ] ] } },
{ "type": "Feature", "properties": { "species_id": "rufous-scrub-bird", "species_name": "Rufous Scrub-bird", "suitability": 0.55 }, "geometry": { "type": "Polygon", "coordinates": [ [ [ 148.467923000012945, -35.027290985693085 ], [ 148.471746679881107, -35.051419589999774 ], [ 148.53444577181989, -35.069294140143548 ], [ 148.526769924223032, -35.02103922414954 ], [ 148.467923000012945, -35.027290985693085 ] ] ] } },
{ "type": "Feature", "properties": { "species_id": "rufous-scrub-bird", "species_name": "Rufous Scrub-bird", "suitability": 0.55 }, "geometry": { "type": "Polygon", "coordinates": [ [ [ 149.416689856346693, -34.972815283700278 ], [ 149.424772794307444, -35.02101959883224 ], [ 149.483557209357542, -35.014407546138543 ], [ 149.475447685393902, -34.966207053858106 ], [ 149.416689856346693, -34.972815283700278 ] ] ] } },
{ "type": "Feature", "properties": { "species_id": "rufous-scrub-bird", "species_name": "Rufous Scrub-bird", "suitability": 0.55 }, "geometry": { "type": "Polygon", "coordinates": [ [ [ 149.58478585850429, -34.904736945465501 ], [ 149.592941004097952, -34.952924571129486 ], [ 149.538265187995535, -34.983674491368753 ], [ 149.546405039662488, -35.031873763657565 ], [ 149.605187825068214, -35.025215747891899 ], [ 149.597021396119004, -34.977020326192552 ], [ 149.626396692654055, -34.973684991483488 ], [ 149.614141249915122, -34.901404496121785 ], [ 149.58478585850429, -34.904736945465501 ] ] ] } },
{ "type": "Feature", "properties": { "species_id": "rufous-scrub-bird", "species_name": "Rufous Scrub-bird", "suitability": 0.55 }, "geometry": { "type": "Polygon", "coordinates": [ [ [ 149.291129642595251, -34.937759002480639 ], [ 149.299151976111091, -34.985965694628781 ], [ 149.328539216603048, -34.982686349593237 ], [ 149.336582256443677, -35.030896377458063 ], [ 149.307181711496071, -35.034177620985261 ], [ 149.311199358071633, -35.058285560595081 ], [ 149.374044731290752, -35.075823020231219 ], [ 149.379245955776298, -34.927910141208358 ], [ 149.3498756958017, -34.931198597227407 ], [ 149.353899226403882, -34.955299397738926 ], [ 149.291129642595251, -34.937759002480639 ] ] ] } },
{ "type": "Feature", "properties": { "species_id": "rufous-scrub-bird", "species_name": "Rufous Scrub-bird", "suitability": 0.55 }, "geometry": { "type": "Polygon", "coordinates": [ [ [ 149.617451600171165, -35.097518740907148 ], [ 149.62154329883785, -35.12162238982571 ], [ 149.650958485055781, -35.118281251842092 ], [ 149.646860130740833, -35.094178573161095 ], [ 149.617451600171165, -35.097518740907148 ] ] ] } },
{ "type": "Feature", "properties": { "species_id": "rufous-scrub-bird", "species_name": "Rufous Scrub-bird", "suitability": 0.55 }, "geometry": { "type": "Polygon", "coordinates": [ [ [ 150.129688996238229, -34.940222733516656 ], [ 150.142305446236605, -35.012468919050825 ], [ 150.112935939227555, -35.01590163510965 ], [ 150.167590742310665, -35.156996584160204 ], [ 150.255807101088436, -35.146647481262271 ], [ 150.23463161635604, -35.026219472843479 ], [ 150.171673022792135, -35.009030707934635 ], [ 150.167458975775503, -34.984948345059955 ], [ 150.1968179940948, -34.981505634474779 ], [ 150.18838248032435, -34.933346774727326 ], [ 150.129688996238229, -34.940222733516656 ] ] ] } },
{ "type": "Feature", "properties": { "species_id": "rufous-scrub-bird", "species_name": "Rufous Scrub-bird", "suitability": 0.55 }, "geometry": { "type": "Polygon", "coordinates": [ [ [ 148.563879948266418, -35.066158161242079 ], [ 148.575427081143999, -35.138547853339382 ], [ 148.604879543784364, -35.135403611921021 ], [ 148.612599915029278, -35.183668335074579 ], [ 148.557515914684672, -35.214091193888109 ], [ 148.569075009308733, -35.286508165160356 ], [ 148.510080820360457, -35.292779994575881 ], [ 148.517768950234057, -35.341068586522027 ], [ 148.547280359203398, -35.337933602199243 ], [ 148.55113381325441, -35.362079077420674 ], [ 148.58065016364435, -35.35893763168275 ], [ 148.572931608032235, -35.310649924913847 ], [ 148.631932110455153, -35.304354108580384 ], [ 148.620327428158561, -35.231938514002927 ], [ 148.64980489207224, -35.228785070812719 ], [ 148.642063984876444, -35.18051673224894 ], [ 148.671526274388981, -35.177359601460864 ], [ 148.663779141358361, -35.129098552754151 ], [ 148.604879543784364, -35.135403611921021 ], [ 148.593312356429976, -35.063016660462367 ], [ 148.563879948266418, -35.066158161242079 ] ] ] } },
{ "type": "Feature", "properties": { "species_id": "rufous-scrub-bird", "species_name": "Rufous Scrub-bird", "suitability": 0.55 }, "geometry": { "type": "Polygon", "coordinates": [ [ [ 149.352690617951424, -35.127332295826015 ], [ 149.364791425964683, -35.199673286503412 ], [ 149.301873049318488, -35.182126691112416 ], [ 149.309919139858863, -35.230361905511337 ], [ 149.251002115633412, -35.236912069940566 ], [ 149.246991502018744, -35.212791871752444 ], [ 149.217536902047897, -35.216057716815264 ], [ 149.22154083317821, -35.240178868574844 ], [ 149.251002115633412, -35.236912069940566 ], [ 149.288501715025831, -35.2818823374894 ], [ 149.347441773594284, -35.275317293740692 ], [ 149.35551613473686, -35.323561543576957 ], [ 149.418528878258371, -35.341092815987885 ], [ 149.410424021140386, -35.292849663233767 ], [ 149.380951951668919, -35.296146958189844 ], [ 149.37286795381533, -35.247907387232225 ], [ 149.402326656223806, -35.244612020000211 ], [ 149.38211595464125, -35.124041726831273 ], [ 149.352690617951424, -35.127332295826015 ] ], [ [ 149.309919139858863, -35.230361905511337 ], [ 149.339374875712082, -35.22707854100851 ], [ 149.343407392388514, -35.251197232994777 ], [ 149.313944974900807, -35.254481556638559 ], [ 149.309919139858863, -35.230361905511337 ] ] ] } },
{ "type": "Feature", "properties": { "species_id": "rufous-scrub-bird", "species_name": "Rufous Scrub-bird", "suitability": 0.55 }, "geometry": { "type": "Polygon", "coordinates": [ [ [ 150.112977865678687, -35.187963052116316 ], [ 150.125612706069745, -35.260254876957916 ], [ 150.096172883793258, -35.263686561616616 ], [ 150.100381726455907, -35.287787549791524 ], [ 150.188715360143817, -35.277472951277339 ], [ 150.180259660473553, -35.229278357492007 ], [ 150.209687004706211, -35.225831148783264 ], [ 150.230637907231511, -35.174193261588428 ], [ 150.171811765974411, -35.181089166925219 ], [ 150.180259660473553, -35.229278357492007 ], [ 150.150830373811061, -35.232720058297687 ], [ 150.142395784242808, -35.184528862376105 ], [ 150.112977865678687, -35.187963052116316 ] ] ] } },
{ "type": "Feature", "properties": { "species_id": "rufous-scrub-bird", "species_name": "Rufous Scrub-bird", "suitability": 0.55 }, "geometry": { "type": "Polygon", "coordinates": [ [ [ 149.511999538467563, -35.183150892213305 ], [ 149.52421727847107, -35.255489617497538 ], [ 149.553673317074413, -35.252165682159657 ], [ 149.532371854489099, -35.303722260253203 ], [ 149.591308771310054, -35.297064978248684 ], [ 149.595402255747331, -35.321181414106405 ], [ 149.536451971197437, -35.327840645932874 ], [ 149.540533975439075, -35.351960415177544 ], [ 149.658453747181483, -35.338615950318847 ], [ 149.620774405832606, -35.293728055033924 ], [ 149.591308771310054, -35.297064978248684 ], [ 149.587217179043876, -35.272949917989692 ], [ 149.616676134616228, -35.269613970645892 ], [ 149.612579757233192, -35.245501255120907 ], [ 149.583127477645547, -35.248836227815353 ], [ 149.574953742245327, -35.200612935699517 ], [ 149.511999538467563, -35.183150892213305 ] ] ] } },
{ "type": "Feature", "properties": { "species_id": "rufous-scrub-bird", "species_name": "Rufous Scrub-bird", "suitability": 0.55 }, "geometry": { "type": "Polygon", "coordinates": [ [ [ 148.704869726738735, -35.198328584846585 ], [ 148.708754468548079, -35.22246159235128 ], [ 148.679280573194092, -35.225626096720553 ], [ 148.690925478866916, -35.298036148444289 ], [ 148.661429687904075, -35.301197896174493 ], [ 148.669188522916272, -35.349480055992984 ], [ 148.757710781603663, -35.339972635775503 ], [ 148.761613036246274, -35.364113023169338 ], [ 148.706477192427997, -35.394602359746258 ], [ 148.718159900601279, -35.467041819470374 ], [ 148.747700921319961, -35.463868014087922 ], [ 148.739897195863051, -35.415575491567168 ], [ 148.769422968858379, -35.412398014275709 ], [ 148.761613036246274, -35.364113023169338 ], [ 148.791123575515911, -35.360931875838219 ], [ 148.779402103025433, -35.288517699586848 ], [ 148.74991168940781, -35.291696049521647 ], [ 148.753810333072948, -35.315833646409558 ], [ 148.694810707703482, -35.322175603497875 ], [ 148.690925478866916, -35.298036148444289 ], [ 148.720419480361727, -35.294868866017204 ], [ 148.708754468548079, -35.22246159235128 ], [ 148.738226575159302, -35.21929155833034 ], [ 148.734335138515689, -35.195159475993883 ], [ 148.704869726738735, -35.198328584846585 ] ] ] } },
{ "type": "Feature", "properties": { "species_id": "rufous-scrub-bird", "species_name": "Rufous Scrub-bird", "suitability": 0.65 }, "geometry": { "type": "Polygon", "coordinates": [ [ [ 149.481562796194765, -35.358599497321691 ], [ 149.493779974858171, -35.430973015756805 ], [ 149.556880893791686, -35.44845343854027 ], [ 149.560972355250072, -35.472580208721709 ], [ 149.531454215711818, -35.475907400960871 ], [ 149.539629409719083, -35.524167161316242 ], [ 149.569160965561167, -35.520838005234502 ], [ 149.573258117032879, -35.544969042720247 ], [ 149.632328979011561, -35.538292152011799 ], [ 149.62821840619057, -35.51416308648907 ], [ 149.657744285031669, -35.510817325158634 ], [ 149.641294215138231, -35.414319203087352 ], [ 149.670791395916808, -35.410971854243272 ], [ 149.658453747181483, -35.338615950318847 ], [ 149.481562796194765, -35.358599497321691 ] ] ] } },
{ "type": "Feature", "properties": { "species_id": "rufous-scrub-bird", "species_name": "Rufous Scrub-bird", "suitability": 0.55 }, "geometry": { "type": "Polygon", "coordinates": [ [ [ 150.02460883061886, -35.370372736000874 ], [ 150.028805430891168, -35.394482234674392 ], [ 149.999324517730031, -35.397896868201315 ], [ 150.007710176260389, -35.446122053385714 ], [ 149.978213962399337, -35.449533170844241 ], [ 149.986594003500215, -35.497765981217292 ], [ 150.045611261505911, -35.490934198648837 ], [ 150.033003972776697, -35.418593124735736 ], [ 150.08776145588098, -35.387636406434218 ], [ 150.083551500304253, -35.363528916474735 ], [ 150.02460883061886, -35.370372736000874 ] ] ] } },
{ "type": "Feature", "properties": { "species_id": "rufous-scrub-bird", "species_name": "Rufous Scrub-bird", "suitability": 0.65 }, "geometry": { "type": "Polygon", "coordinates": [ [ [ 148.711024246978525, -35.050395450904084 ], [ 148.74991168940781, -35.291696049521647 ], [ 148.779402103025433, -35.288517699586848 ], [ 148.791123575515911, -35.360931875838219 ], [ 148.761613036246274, -35.364113023169338 ], [ 148.747700921319961, -35.463868014087922 ], [ 148.718159900601279, -35.467041819470374 ], [ 148.706477192427997, -35.394602359746258 ], [ 148.735998044041139, -35.391431356938391 ], [ 148.728205155971409, -35.343147313079974 ], [ 148.669188522916272, -35.349480055992984 ], [ 148.661429687904075, -35.301197896174493 ], [ 148.690925478866916, -35.298036148444289 ], [ 148.679280573194092, -35.225626096720553 ], [ 148.620327428158561, -35.231938514002927 ], [ 148.631932110455153, -35.304354108580384 ], [ 148.572931608032235, -35.310649924913847 ], [ 148.58065016364435, -35.35893763168275 ], [ 148.55113381325441, -35.362079077420674 ], [ 148.513923995475864, -35.316923592443224 ], [ 148.45490929668162, -35.323175106182006 ], [ 148.462574112051215, -35.371470167399167 ], [ 148.433050671614211, -35.374589446234346 ], [ 148.440709138135219, -35.422891981817521 ], [ 148.470246031778998, -35.41977086718488 ], [ 148.474084658847232, -35.443923345481331 ], [ 148.414995640626188, -35.450161866253119 ], [ 148.468734734302444, -35.788474861663715 ], [ 148.646547667691152, -35.769614566936916 ], [ 148.642656929722278, -35.74544536652521 ], [ 148.672279365290564, -35.742283444166354 ], [ 148.67617687054215, -35.766451701021609 ], [ 149.120396733863288, -35.718341275159908 ], [ 149.108405711827317, -35.645883928786546 ], [ 149.053222357274677, -35.676518036265655 ], [ 149.037306775533921, -35.579915203859294 ], [ 149.066869994378266, -35.5766802565715 ], [ 149.058909812629821, -35.528389476253032 ], [ 148.995844590643969, -35.510704859612034 ], [ 148.987922358400255, -35.462418878067879 ], [ 148.924909117051783, -35.444708770913103 ], [ 148.909147681418546, -35.348151920495674 ], [ 148.879644368583513, -35.351355212964357 ], [ 148.867862541528041, -35.278949455454182 ], [ 148.897345743657951, -35.275748978073928 ], [ 148.88163528077979, -35.179231030916291 ], [ 148.852178851106487, -35.182427771280729 ], [ 148.844347874380958, -35.134175112329466 ], [ 148.785456355055487, -35.140548303072158 ], [ 148.769869505527396, -35.044051730927116 ], [ 148.711024246978525, -35.050395450904084 ] ] ] } },
{ "type": "Feature", "properties": { "species_id": "rufous-scrub-bird", "species_name": "Rufous Scrub-bird", "suitability": 0.65 }, "geometry": { "type": "Polygon", "coordinates": [ [ [ 149.383835320750023, -35.492460346838726 ], [ 149.387888418141529, -35.516594399631664 ], [ 149.332855866776299, -35.547316197130705 ], [ 149.340944570142909, -35.595595373258405 ], [ 149.311384557601173, -35.598882164599161 ], [ 149.307345994256622, -35.574740881636444 ], [ 149.248233832679119, -35.581295887747757 ], [ 149.252258940145708, -35.605439112611712 ], [ 149.222693341212022, -35.608709267966248 ], [ 149.230735691552894, -35.657002022590127 ], [ 149.201154765147265, -35.660268569427139 ], [ 149.2387855106914, -35.705300638012716 ], [ 149.416312777220099, -35.685573117331735 ], [ 149.404119608034762, -35.613144964795879 ], [ 149.463239978433393, -35.60653062081483 ], [ 149.471393787693387, -35.654810668488352 ], [ 149.441821085020962, -35.658122576597897 ], [ 149.445894094989455, -35.682265773144913 ], [ 149.534626742739448, -35.672310455492564 ], [ 149.522352823433494, -35.59989410546995 ], [ 149.463239978433393, -35.60653062081483 ], [ 149.455093728910128, -35.558256372144399 ], [ 149.484637651517176, -35.554942847951494 ], [ 149.480560641854737, -35.530808863570911 ], [ 149.421484352263263, -35.537428414855732 ], [ 149.413362849465159, -35.489160828575876 ], [ 149.383835320750023, -35.492460346838726 ] ], [ [ 149.315424994576091, -35.623024897841155 ], [ 149.34499173612619, -35.619737132099644 ], [ 149.349040780039758, -35.643880345612651 ], [ 149.319467306477435, -35.647169086981201 ], [ 149.315424994576091, -35.623024897841155 ] ] ] } },
{ "type": "Feature", "properties": { "species_id": "rufous-scrub-bird", "species_name": "Rufous Scrub-bird", "suitability": 0.55 }, "geometry": { "type": "Polygon", "coordinates": [ [ [ 149.661861566564369, -35.534945402492852 ], [ 149.678349788447662, -35.631472066562168 ], [ 149.648790336160062, -35.634822781273087 ], [ 149.652910448504542, -35.658959058390671 ], [ 149.771163703412071, -35.645518969013743 ], [ 149.767016704316887, -35.621386678432295 ], [ 149.707907335889331, -35.628115810735714 ], [ 149.691392254528097, -35.531593117755889 ], [ 149.661861566564369, -35.534945402492852 ] ] ] } },
{ "type": "Feature", "properties": { "species_id": "rufous-scrub-bird", "species_name": "Rufous Scrub-bird", "suitability": 0.55 }, "geometry": { "type": "Polygon", "coordinates": [ [ [ 149.868536324586501, -35.511363207332522 ], [ 149.872702459409851, -35.535485747380321 ], [ 149.902226468243839, -35.532093733747963 ], [ 149.918937159891385, -35.628594199645676 ], [ 149.948486073133182, -35.625192631539505 ], [ 149.961268708967367, -35.525293113268759 ], [ 149.931748552417815, -35.52869618881806 ], [ 149.927569016631992, -35.504575652587562 ], [ 149.868536324586501, -35.511363207332522 ] ] ] } },
{ "type": "Feature", "properties": { "species_id": "rufous-scrub-bird", "species_name": "Rufous Scrub-bird", "suitability": 0.65 }, "geometry": { "type": "Polygon", "coordinates": [ [ [ 149.872702459409851, -35.535485747380321 ], [ 149.881040521777038, -35.583735113201776 ], [ 149.851501177363389, -35.587123598053331 ], [ 149.859833546430053, -35.635380723666287 ], [ 149.918937159891385, -35.628594199645676 ], [ 149.902226468243839, -35.532093733747963 ], [ 149.872702459409851, -35.535485747380321 ] ] ] } },
{ "type": "Feature", "properties": { "species_id": "rufous-scrub-bird", "species_name": "Rufous Scrub-bird", "suitability": 0.55 }, "geometry": { "type": "Polygon", "coordinates": [ [ [ 149.439894226069072, -35.289546844544773 ], [ 149.46427148028647, -35.434287187344324 ], [ 149.493779974858171, -35.430973015756805 ], [ 149.47241228826104, -35.482545184360283 ], [ 149.442888506294111, -35.485855774196523 ], [ 149.43882386732335, -35.46172509253639 ], [ 149.324774659569812, -35.499042772379994 ], [ 149.320736863791126, -35.4749082027868 ], [ 149.350261414614579, -35.471620728505286 ], [ 149.3462187792544, -35.447488548544968 ], [ 149.316700938172289, -35.450775054271013 ], [ 149.308634692251559, -35.402512998182303 ], [ 149.338139122815875, -35.399228425923482 ], [ 149.34217801575204, -35.423357782872813 ], [ 149.397142398617632, -35.392642687422288 ], [ 149.393091977248787, -35.368516667869898 ], [ 149.334102099155274, -35.375100472138854 ], [ 149.330066943481, -35.350973915967714 ], [ 149.271083024255489, -35.357533673979475 ], [ 149.287181236709586, -35.454056024855809 ], [ 149.198610999808949, -35.463865719225346 ], [ 149.202620073631181, -35.48800272721617 ], [ 149.173086244275879, -35.491262511880457 ], [ 149.18109652647118, -35.539542737215314 ], [ 149.151547406513487, -35.542798905016497 ], [ 149.139554927906573, -35.470377827796199 ], [ 149.110024126708453, -35.473625573827292 ], [ 149.121996440228344, -35.546049529321159 ], [ 149.151547406513487, -35.542798905016497 ], [ 149.167563350511244, -35.639380521033011 ], [ 149.108405711827317, -35.645883928786546 ], [ 149.100420968609626, -35.597586362776219 ], [ 149.070852855137701, -35.600827817073068 ], [ 149.078824122816741, -35.64912730685608 ], [ 149.049240691359529, -35.652365133515637 ], [ 149.053222357274677, -35.676518036265655 ], [ 149.108405711827317, -35.645883928786546 ], [ 149.120396733863288, -35.718341275159908 ], [ 149.149996709503654, -35.715089447093163 ], [ 149.141987348169494, -35.666785011601107 ], [ 149.171571983020129, -35.663529565983268 ], [ 149.17558247670587, -35.687680078571674 ], [ 149.2387855106914, -35.705300638012716 ], [ 149.2347596668763, -35.681150594883114 ], [ 149.205172000294226, -35.684418112614111 ], [ 149.201154765147265, -35.660268569427139 ], [ 149.230735691552894, -35.657002022590127 ], [ 149.222693341212022, -35.608709267966248 ], [ 149.252258940145708, -35.605439112611712 ], [ 149.273760877175135, -35.553880347847276 ], [ 149.303309303247545, -35.550601043341317 ], [ 149.311384557601173, -35.598882164599161 ], [ 149.340944570142909, -35.595595373258405 ], [ 149.332855866776299, -35.547316197130705 ], [ 149.362400564777118, -35.54402580987346 ], [ 149.383835320750023, -35.492460346838726 ], [ 149.413362849465159, -35.489160828575876 ], [ 149.421484352263263, -35.537428414855732 ], [ 149.480560641854737, -35.530808863570911 ], [ 149.484637651517176, -35.554942847951494 ], [ 149.455093728910128, -35.558256372144399 ], [ 149.463239978433393, -35.60653062081483 ], [ 149.404119608034762, -35.613144964795879 ], [ 149.416312777220099, -35.685573117331735 ], [ 149.471393787693387, -35.654810668488352 ], [ 149.463239978433393, -35.60653062081483 ], [ 149.522352823433494, -35.59989410546995 ], [ 149.510095967491566, -35.527490780983172 ], [ 149.539629409719083, -35.524167161316242 ], [ 149.531454215711818, -35.475907400960871 ], [ 149.560972355250072, -35.472580208721709 ], [ 149.556880893791686, -35.44845343854027 ], [ 149.527369457927477, -35.451779650705795 ], [ 149.523286591214571, -35.427653312972197 ], [ 149.493779974858171, -35.430973015756805 ], [ 149.481562796194765, -35.358599497321691 ], [ 149.511049324464295, -35.355282719322716 ], [ 149.5029005781021, -35.30704261772712 ], [ 149.439894226069072, -35.289546844544773 ] ], [ [ 149.497856139580989, -35.455100330867801 ], [ 149.527369457927477, -35.451779650705795 ], [ 149.531454215711818, -35.475907400960871 ], [ 149.501934192391388, -35.479229059727899 ], [ 149.497856139580989, -35.455100330867801 ] ], [ [ 149.206631005637831, -35.512141161134942 ], [ 149.236169703113944, -35.508874873375795 ], [ 149.244210591544629, -35.55715410999133 ], [ 149.21465844934275, -35.56042232911733 ], [ 149.222693341212022, -35.608709267966248 ], [ 149.193125886129735, -35.611973876676309 ], [ 149.18109652647118, -35.539542737215314 ], [ 149.210643797113192, -35.53628102657008 ], [ 149.206631005637831, -35.512141161134942 ] ] ] } }
]
}
